{"inverter":[[{"fld":"U_DC","unit":"V","val":"31.30"},{"fld":"I_DC","unit":"A","val":"1.71"},{"fld":"P_DC","unit":"W","val":"53.60"},{"fld":"YieldDay","unit":"Wh","val":"1369.00"},{"fld":"YieldTotal","unit":"kWh","val":"592.00"},{"fld":"Irradiation","unit":"%","val":"13.40"},{"fld":"U_DC","unit":"V","val":"29.90"},{"fld":"I_DC","unit":"A","val":"5.29"},{"fld":"P_DC","unit":"W","val":"158.00"},{"fld":"YieldDay","unit":"Wh","val":"1530.00"},{"fld":"YieldTotal","unit":"kWh","val":"610.48"},{"fld":"Irradiation","unit":"%","val":"39.50"},{"fld":"U_AC","unit":"V","val":"234.90"},{"fld":"I_AC","unit":"A","val":"0.86"},{"fld":"P_AC","unit":"W","val":"202.00"},{"fld":"Q_AC","unit":"var","val":"0.20"},{"fld":"F_AC","unit":"Hz","val":"49.99"},{"fld":"PF_AC","unit":"","val":"1.00"},{"fld":"Temp","unit":"°C","val":"52.50"},{"fld":"ALARM_MES_ID","unit":"","val":"251.00"},{"fld":"YieldDay","unit":"Wh","val":"2899.00"},{"fld":"YieldTotal","unit":"kWh","val":"1202.48"},{"fld":"P_DC","unit":"W","val":"211.60"},{"fld":"Efficiency","unit":"%","val":"95.46"}]]}