{"inverter":[[{"fld":"U_DC","unit":"V","val":"28.60"},{"fld":"I_DC","unit":"A","val":"9.43"},{"fld":"P_DC","unit":"W","val":"269.00"},{"fld":"YieldDay","unit":"Wh","val":"1094.00"},{"fld":"YieldTotal","unit":"kWh","val":"591.73"},{"fld":"Irradiation","unit":"%","val":"67.25"},{"fld":"U_DC","unit":"V","val":"28.80"},{"fld":"I_DC","unit":"A","val":"9.22"},{"fld":"P_DC","unit":"W","val":"265.70"},{"fld":"YieldDay","unit":"Wh","val":"1107.00"},{"fld":"YieldTotal","unit":"kWh","val":"610.06"},{"fld":"Irradiation","unit":"%","val":"66.43"},{"fld":"U_AC","unit":"V","val":"234.40"},{"fld":"I_AC","unit":"A","val":"2.18"},{"fld":"P_AC","unit":"W","val":"510.60"},{"fld":"Q_AC","unit":"var","val":"0.40"},{"fld":"F_AC","unit":"Hz","val":"50.02"},{"fld":"PF_AC","unit":"","val":"1.00"},{"fld":"Temp","unit":"°C","val":"64.10"},{"fld":"ALARM_MES_ID","unit":"","val":"251.00"},{"fld":"YieldDay","unit":"Wh","val":"2201.00"},{"fld":"YieldTotal","unit":"kWh","val":"1201.79"},{"fld":"P_DC","unit":"W","val":"534.70"},{"fld":"Efficiency","unit":"%","val":"95.49"}]]}