{"inverter":[[{"fld":"U_DC","unit":"V","val":"28.40"},{"fld":"I_DC","unit":"A","val":"10.39"},{"fld":"P_DC","unit":"W","val":"294.70"},{"fld":"YieldDay","unit":"Wh","val":"693.00"},{"fld":"YieldTotal","unit":"kWh","val":"591.33"},{"fld":"Irradiation","unit":"%","val":"73.68"},{"fld":"U_DC","unit":"V","val":"28.70"},{"fld":"I_DC","unit":"A","val":"10.23"},{"fld":"P_DC","unit":"W","val":"292.80"},{"fld":"YieldDay","unit":"Wh","val":"711.00"},{"fld":"YieldTotal","unit":"kWh","val":"609.66"},{"fld":"Irradiation","unit":"%","val":"73.20"},{"fld":"U_AC","unit":"V","val":"233.80"},{"fld":"I_AC","unit":"A","val":"2.40"},{"fld":"P_AC","unit":"W","val":"561.00"},{"fld":"Q_AC","unit":"var","val":"0.50"},{"fld":"F_AC","unit":"Hz","val":"49.99"},{"fld":"PF_AC","unit":"","val":"1.00"},{"fld":"Temp","unit":"°C","val":"62.80"},{"fld":"ALARM_MES_ID","unit":"","val":"251.00"},{"fld":"YieldDay","unit":"Wh","val":"1404.00"},{"fld":"YieldTotal","unit":"kWh","val":"1200.99"},{"fld":"P_DC","unit":"W","val":"587.50"},{"fld":"Efficiency","unit":"%","val":"95.49"}]]}