{"inverter":[[{"fld":"U_DC","unit":"V","val":"30.10"},{"fld":"I_DC","unit":"A","val":"5.25"},{"fld":"P_DC","unit":"W","val":"157.90"},{"fld":"YieldDay","unit":"Wh","val":"156.00"},{"fld":"YieldTotal","unit":"kWh","val":"590.79"},{"fld":"Irradiation","unit":"%","val":"39.47"},{"fld":"U_DC","unit":"V","val":"31.60"},{"fld":"I_DC","unit":"A","val":"5.30"},{"fld":"P_DC","unit":"W","val":"167.70"},{"fld":"YieldDay","unit":"Wh","val":"164.00"},{"fld":"YieldTotal","unit":"kWh","val":"609.11"},{"fld":"Irradiation","unit":"%","val":"41.92"},{"fld":"U_AC","unit":"V","val":"230.70"},{"fld":"I_AC","unit":"A","val":"1.35"},{"fld":"P_AC","unit":"W","val":"310.90"},{"fld":"Q_AC","unit":"var","val":"0.00"},{"fld":"F_AC","unit":"Hz","val":"50.02"},{"fld":"PF_AC","unit":"","val":"1.00"},{"fld":"Temp","unit":"°C","val":"40.30"},{"fld":"ALARM_MES_ID","unit":"","val":"251.00"},{"fld":"YieldDay","unit":"Wh","val":"320.00"},{"fld":"YieldTotal","unit":"kWh","val":"1199.91"},{"fld":"P_DC","unit":"W","val":"325.60"},{"fld":"Efficiency","unit":"%","val":"95.49"}]]}