{"inverter":[[{"fld":"U_DC","unit":"V","val":"31.40"},{"fld":"I_DC","unit":"A","val":"2.01"},{"fld":"P_DC","unit":"W","val":"63.20"},{"fld":"YieldDay","unit":"Wh","val":"1314.00"},{"fld":"YieldTotal","unit":"kWh","val":"591.95"},{"fld":"Irradiation","unit":"%","val":"15.80"},{"fld":"U_DC","unit":"V","val":"29.10"},{"fld":"I_DC","unit":"A","val":"7.44"},{"fld":"P_DC","unit":"W","val":"216.70"},{"fld":"YieldDay","unit":"Wh","val":"1364.00"},{"fld":"YieldTotal","unit":"kWh","val":"610.31"},{"fld":"Irradiation","unit":"%","val":"54.18"},{"fld":"U_AC","unit":"V","val":"233.40"},{"fld":"I_AC","unit":"A","val":"1.15"},{"fld":"P_AC","unit":"W","val":"267.30"},{"fld":"Q_AC","unit":"var","val":"0.00"},{"fld":"F_AC","unit":"Hz","val":"50.02"},{"fld":"PF_AC","unit":"","val":"1.00"},{"fld":"Temp","unit":"°C","val":"60.60"},{"fld":"ALARM_MES_ID","unit":"","val":"251.00"},{"fld":"YieldDay","unit":"Wh","val":"2678.00"},{"fld":"YieldTotal","unit":"kWh","val":"1202.26"},{"fld":"P_DC","unit":"W","val":"279.90"},{"fld":"Efficiency","unit":"%","val":"95.50"}]]}