{"inverter":[[{"fld":"U_DC","unit":"V","val":"31.30"},{"fld":"I_DC","unit":"A","val":"1.71"},{"fld":"P_DC","unit":"W","val":"53.50"},{"fld":"YieldDay","unit":"Wh","val":"1370.00"},{"fld":"YieldTotal","unit":"kWh","val":"592.01"},{"fld":"Irradiation","unit":"%","val":"13.38"},{"fld":"U_DC","unit":"V","val":"29.90"},{"fld":"I_DC","unit":"A","val":"5.27"},{"fld":"P_DC","unit":"W","val":"157.50"},{"fld":"YieldDay","unit":"Wh","val":"1531.00"},{"fld":"YieldTotal","unit":"kWh","val":"610.48"},{"fld":"Irradiation","unit":"%","val":"39.38"},{"fld":"U_AC","unit":"V","val":"233.80"},{"fld":"I_AC","unit":"A","val":"0.86"},{"fld":"P_AC","unit":"W","val":"201.50"},{"fld":"Q_AC","unit":"var","val":"0.00"},{"fld":"F_AC","unit":"Hz","val":"49.99"},{"fld":"PF_AC","unit":"","val":"1.00"},{"fld":"Temp","unit":"°C","val":"52.40"},{"fld":"ALARM_MES_ID","unit":"","val":"251.00"},{"fld":"YieldDay","unit":"Wh","val":"2901.00"},{"fld":"YieldTotal","unit":"kWh","val":"1202.49"},{"fld":"P_DC","unit":"W","val":"211.00"},{"fld":"Efficiency","unit":"%","val":"95.50"}]]}