{"inverter":[[{"fld":"U_DC","unit":"V","val":"28.30"},{"fld":"I_DC","unit":"A","val":"10.32"},{"fld":"P_DC","unit":"W","val":"292.00"},{"fld":"YieldDay","unit":"Wh","val":"833.00"},{"fld":"YieldTotal","unit":"kWh","val":"591.47"},{"fld":"Irradiation","unit":"%","val":"73.00"},{"fld":"U_DC","unit":"V","val":"28.60"},{"fld":"I_DC","unit":"A","val":"10.12"},{"fld":"P_DC","unit":"W","val":"288.80"},{"fld":"YieldDay","unit":"Wh","val":"849.00"},{"fld":"YieldTotal","unit":"kWh","val":"609.80"},{"fld":"Irradiation","unit":"%","val":"72.20"},{"fld":"U_AC","unit":"V","val":"232.70"},{"fld":"I_AC","unit":"A","val":"2.39"},{"fld":"P_AC","unit":"W","val":"554.60"},{"fld":"Q_AC","unit":"var","val":"0.50"},{"fld":"F_AC","unit":"Hz","val":"50.04"},{"fld":"PF_AC","unit":"","val":"1.00"},{"fld":"Temp","unit":"°C","val":"64.40"},{"fld":"ALARM_MES_ID","unit":"","val":"251.00"},{"fld":"YieldDay","unit":"Wh","val":"1682.00"},{"fld":"YieldTotal","unit":"kWh","val":"1201.27"},{"fld":"P_DC","unit":"W","val":"580.80"},{"fld":"Efficiency","unit":"%","val":"95.49"}]]}