{"inverter":[[{"fld":"U_DC","unit":"V","val":"28.30"},{"fld":"I_DC","unit":"A","val":"10.35"},{"fld":"P_DC","unit":"W","val":"292.00"},{"fld":"YieldDay","unit":"Wh","val":"569.00"},{"fld":"YieldTotal","unit":"kWh","val":"591.20"},{"fld":"Irradiation","unit":"%","val":"73.00"},{"fld":"U_DC","unit":"V","val":"28.60"},{"fld":"I_DC","unit":"A","val":"10.21"},{"fld":"P_DC","unit":"W","val":"291.20"},{"fld":"YieldDay","unit":"Wh","val":"587.00"},{"fld":"YieldTotal","unit":"kWh","val":"609.54"},{"fld":"Irradiation","unit":"%","val":"72.80"},{"fld":"U_AC","unit":"V","val":"234.50"},{"fld":"I_AC","unit":"A","val":"2.38"},{"fld":"P_AC","unit":"W","val":"556.90"},{"fld":"Q_AC","unit":"var","val":"0.00"},{"fld":"F_AC","unit":"Hz","val":"50.01"},{"fld":"PF_AC","unit":"","val":"1.00"},{"fld":"Temp","unit":"°C","val":"62.10"},{"fld":"ALARM_MES_ID","unit":"","val":"251.00"},{"fld":"YieldDay","unit":"Wh","val":"1156.00"},{"fld":"YieldTotal","unit":"kWh","val":"1200.74"},{"fld":"P_DC","unit":"W","val":"583.20"},{"fld":"Efficiency","unit":"%","val":"95.49"}]]}