{"inverter":[[{"fld":"U_DC","unit":"V","val":"30.10"},{"fld":"I_DC","unit":"A","val":"0.86"},{"fld":"P_DC","unit":"W","val":"25.80"},{"fld":"YieldDay","unit":"Wh","val":"102.00"},{"fld":"YieldTotal","unit":"kWh","val":"590.74"},{"fld":"Irradiation","unit":"%","val":"6.45"},{"fld":"U_DC","unit":"V","val":"30.50"},{"fld":"I_DC","unit":"A","val":"0.87"},{"fld":"P_DC","unit":"W","val":"26.40"},{"fld":"YieldDay","unit":"Wh","val":"104.00"},{"fld":"YieldTotal","unit":"kWh","val":"609.05"},{"fld":"Irradiation","unit":"%","val":"6.60"},{"fld":"U_AC","unit":"V","val":"230.90"},{"fld":"I_AC","unit":"A","val":"0.22"},{"fld":"P_AC","unit":"W","val":"49.90"},{"fld":"Q_AC","unit":"var","val":"0.00"},{"fld":"F_AC","unit":"Hz","val":"50.01"},{"fld":"PF_AC","unit":"","val":"1.00"},{"fld":"Temp","unit":"°C","val":"35.90"},{"fld":"ALARM_MES_ID","unit":"","val":"251.00"},{"fld":"YieldDay","unit":"Wh","val":"206.00"},{"fld":"YieldTotal","unit":"kWh","val":"1199.79"},{"fld":"P_DC","unit":"W","val":"52.20"},{"fld":"Efficiency","unit":"%","val":"95.59"}]]}