{"inverter":[[{"fld":"U_DC","unit":"V","val":"28.50"},{"fld":"I_DC","unit":"A","val":"9.97"},{"fld":"P_DC","unit":"W","val":"284.00"},{"fld":"YieldDay","unit":"Wh","val":"382.00"},{"fld":"YieldTotal","unit":"kWh","val":"591.02"},{"fld":"Irradiation","unit":"%","val":"71.00"},{"fld":"U_DC","unit":"V","val":"28.80"},{"fld":"I_DC","unit":"A","val":"9.82"},{"fld":"P_DC","unit":"W","val":"282.30"},{"fld":"YieldDay","unit":"Wh","val":"401.00"},{"fld":"YieldTotal","unit":"kWh","val":"609.35"},{"fld":"Irradiation","unit":"%","val":"70.57"},{"fld":"U_AC","unit":"V","val":"234.20"},{"fld":"I_AC","unit":"A","val":"2.31"},{"fld":"P_AC","unit":"W","val":"540.80"},{"fld":"Q_AC","unit":"var","val":"0.50"},{"fld":"F_AC","unit":"Hz","val":"50.01"},{"fld":"PF_AC","unit":"","val":"1.00"},{"fld":"Temp","unit":"°C","val":"58.10"},{"fld":"ALARM_MES_ID","unit":"","val":"251.00"},{"fld":"YieldDay","unit":"Wh","val":"783.00"},{"fld":"YieldTotal","unit":"kWh","val":"1200.37"},{"fld":"P_DC","unit":"W","val":"566.30"},{"fld":"Efficiency","unit":"%","val":"95.50"}]]}