{"inverter":[[{"fld":"U_DC","unit":"V","val":"32.10"},{"fld":"I_DC","unit":"A","val":"1.90"},{"fld":"P_DC","unit":"W","val":"60.90"},{"fld":"YieldDay","unit":"Wh","val":"1341.00"},{"fld":"YieldTotal","unit":"kWh","val":"591.98"},{"fld":"Irradiation","unit":"%","val":"15.23"},{"fld":"U_DC","unit":"V","val":"31.10"},{"fld":"I_DC","unit":"A","val":"6.27"},{"fld":"P_DC","unit":"W","val":"194.60"},{"fld":"YieldDay","unit":"Wh","val":"1441.00"},{"fld":"YieldTotal","unit":"kWh","val":"610.39"},{"fld":"Irradiation","unit":"%","val":"48.65"},{"fld":"U_AC","unit":"V","val":"231.40"},{"fld":"I_AC","unit":"A","val":"1.05"},{"fld":"P_AC","unit":"W","val":"244.10"},{"fld":"Q_AC","unit":"var","val":"0.20"},{"fld":"F_AC","unit":"Hz","val":"50.01"},{"fld":"PF_AC","unit":"","val":"1.00"},{"fld":"Temp","unit":"°C","val":"52.70"},{"fld":"ALARM_MES_ID","unit":"","val":"251.00"},{"fld":"YieldDay","unit":"Wh","val":"2782.00"},{"fld":"YieldTotal","unit":"kWh","val":"1202.37"},{"fld":"P_DC","unit":"W","val":"255.50"},{"fld":"Efficiency","unit":"%","val":"95.54"}]]}