{"inverter":[[{"fld":"U_DC","unit":"V","val":"28.30"},{"fld":"I_DC","unit":"A","val":"10.31"},{"fld":"P_DC","unit":"W","val":"291.30"},{"fld":"YieldDay","unit":"Wh","val":"801.00"},{"fld":"YieldTotal","unit":"kWh","val":"591.44"},{"fld":"Irradiation","unit":"%","val":"72.82"},{"fld":"U_DC","unit":"V","val":"28.60"},{"fld":"I_DC","unit":"A","val":"10.12"},{"fld":"P_DC","unit":"W","val":"289.00"},{"fld":"YieldDay","unit":"Wh","val":"817.00"},{"fld":"YieldTotal","unit":"kWh","val":"609.77"},{"fld":"Irradiation","unit":"%","val":"72.25"},{"fld":"U_AC","unit":"V","val":"232.20"},{"fld":"I_AC","unit":"A","val":"2.39"},{"fld":"P_AC","unit":"W","val":"554.20"},{"fld":"Q_AC","unit":"var","val":"0.50"},{"fld":"F_AC","unit":"Hz","val":"50.04"},{"fld":"PF_AC","unit":"","val":"1.00"},{"fld":"Temp","unit":"°C","val":"63.20"},{"fld":"ALARM_MES_ID","unit":"","val":"251.00"},{"fld":"YieldDay","unit":"Wh","val":"1618.00"},{"fld":"YieldTotal","unit":"kWh","val":"1201.20"},{"fld":"P_DC","unit":"W","val":"580.30"},{"fld":"Efficiency","unit":"%","val":"95.50"}]]}