{"inverter":[[{"fld":"U_DC","unit":"V","val":"28.20"},{"fld":"I_DC","unit":"A","val":"10.37"},{"fld":"P_DC","unit":"W","val":"292.00"},{"fld":"YieldDay","unit":"Wh","val":"562.00"},{"fld":"YieldTotal","unit":"kWh","val":"591.20"},{"fld":"Irradiation","unit":"%","val":"73.00"},{"fld":"U_DC","unit":"V","val":"28.50"},{"fld":"I_DC","unit":"A","val":"10.22"},{"fld":"P_DC","unit":"W","val":"290.80"},{"fld":"YieldDay","unit":"Wh","val":"580.00"},{"fld":"YieldTotal","unit":"kWh","val":"609.53"},{"fld":"Irradiation","unit":"%","val":"72.70"},{"fld":"U_AC","unit":"V","val":"234.00"},{"fld":"I_AC","unit":"A","val":"2.38"},{"fld":"P_AC","unit":"W","val":"556.60"},{"fld":"Q_AC","unit":"var","val":"0.00"},{"fld":"F_AC","unit":"Hz","val":"50.02"},{"fld":"PF_AC","unit":"","val":"1.00"},{"fld":"Temp","unit":"°C","val":"61.90"},{"fld":"ALARM_MES_ID","unit":"","val":"251.00"},{"fld":"YieldDay","unit":"Wh","val":"1142.00"},{"fld":"YieldTotal","unit":"kWh","val":"1200.73"},{"fld":"P_DC","unit":"W","val":"582.80"},{"fld":"Efficiency","unit":"%","val":"95.50"}]]}