{"inverter":[[{"fld":"U_DC","unit":"V","val":"31.40"},{"fld":"I_DC","unit":"A","val":"1.58"},{"fld":"P_DC","unit":"W","val":"49.70"},{"fld":"YieldDay","unit":"Wh","val":"1396.00"},{"fld":"YieldTotal","unit":"kWh","val":"592.03"},{"fld":"Irradiation","unit":"%","val":"12.43"},{"fld":"U_DC","unit":"V","val":"30.10"},{"fld":"I_DC","unit":"A","val":"4.17"},{"fld":"P_DC","unit":"W","val":"125.60"},{"fld":"YieldDay","unit":"Wh","val":"1602.00"},{"fld":"YieldTotal","unit":"kWh","val":"610.55"},{"fld":"Irradiation","unit":"%","val":"31.40"},{"fld":"U_AC","unit":"V","val":"229.00"},{"fld":"I_AC","unit":"A","val":"0.73"},{"fld":"P_AC","unit":"W","val":"167.40"},{"fld":"Q_AC","unit":"var","val":"0.10"},{"fld":"F_AC","unit":"Hz","val":"50.00"},{"fld":"PF_AC","unit":"","val":"1.00"},{"fld":"Temp","unit":"°C","val":"51.00"},{"fld":"ALARM_MES_ID","unit":"","val":"251.00"},{"fld":"YieldDay","unit":"Wh","val":"2998.00"},{"fld":"YieldTotal","unit":"kWh","val":"1202.58"},{"fld":"P_DC","unit":"W","val":"175.30"},{"fld":"Efficiency","unit":"%","val":"95.49"}]]}