{"inverter":[[{"fld":"U_DC","unit":"V","val":"30.10"},{"fld":"I_DC","unit":"A","val":"0.84"},{"fld":"P_DC","unit":"W","val":"25.40"},{"fld":"YieldDay","unit":"Wh","val":"93.00"},{"fld":"YieldTotal","unit":"kWh","val":"590.73"},{"fld":"Irradiation","unit":"%","val":"6.35"},{"fld":"U_DC","unit":"V","val":"30.50"},{"fld":"I_DC","unit":"A","val":"0.85"},{"fld":"P_DC","unit":"W","val":"25.90"},{"fld":"YieldDay","unit":"Wh","val":"96.00"},{"fld":"YieldTotal","unit":"kWh","val":"609.05"},{"fld":"Irradiation","unit":"%","val":"6.47"},{"fld":"U_AC","unit":"V","val":"231.60"},{"fld":"I_AC","unit":"A","val":"0.21"},{"fld":"P_AC","unit":"W","val":"49.00"},{"fld":"Q_AC","unit":"var","val":"0.00"},{"fld":"F_AC","unit":"Hz","val":"50.02"},{"fld":"PF_AC","unit":"","val":"1.00"},{"fld":"Temp","unit":"°C","val":"35.50"},{"fld":"ALARM_MES_ID","unit":"","val":"251.00"},{"fld":"YieldDay","unit":"Wh","val":"189.00"},{"fld":"YieldTotal","unit":"kWh","val":"1199.77"},{"fld":"P_DC","unit":"W","val":"51.30"},{"fld":"Efficiency","unit":"%","val":"95.52"}]]}