{"inverter":[[{"fld":"U_DC","unit":"V","val":"31.70"},{"fld":"I_DC","unit":"A","val":"2.01"},{"fld":"P_DC","unit":"W","val":"63.80"},{"fld":"YieldDay","unit":"Wh","val":"1311.00"},{"fld":"YieldTotal","unit":"kWh","val":"591.95"},{"fld":"Irradiation","unit":"%","val":"15.95"},{"fld":"U_DC","unit":"V","val":"29.20"},{"fld":"I_DC","unit":"A","val":"7.46"},{"fld":"P_DC","unit":"W","val":"217.70"},{"fld":"YieldDay","unit":"Wh","val":"1354.00"},{"fld":"YieldTotal","unit":"kWh","val":"610.30"},{"fld":"Irradiation","unit":"%","val":"54.43"},{"fld":"U_AC","unit":"V","val":"233.00"},{"fld":"I_AC","unit":"A","val":"1.15"},{"fld":"P_AC","unit":"W","val":"268.80"},{"fld":"Q_AC","unit":"var","val":"0.20"},{"fld":"F_AC","unit":"Hz","val":"50.01"},{"fld":"PF_AC","unit":"","val":"1.00"},{"fld":"Temp","unit":"°C","val":"60.80"},{"fld":"ALARM_MES_ID","unit":"","val":"251.00"},{"fld":"YieldDay","unit":"Wh","val":"2665.00"},{"fld":"YieldTotal","unit":"kWh","val":"1202.25"},{"fld":"P_DC","unit":"W","val":"281.50"},{"fld":"Efficiency","unit":"%","val":"95.49"}]]}