{"inverter":[[{"fld":"U_DC","unit":"V","val":"28.90"},{"fld":"I_DC","unit":"A","val":"9.66"},{"fld":"P_DC","unit":"W","val":"278.90"},{"fld":"YieldDay","unit":"Wh","val":"256.00"},{"fld":"YieldTotal","unit":"kWh","val":"590.89"},{"fld":"Irradiation","unit":"%","val":"69.72"},{"fld":"U_DC","unit":"V","val":"29.20"},{"fld":"I_DC","unit":"A","val":"9.52"},{"fld":"P_DC","unit":"W","val":"277.40"},{"fld":"YieldDay","unit":"Wh","val":"277.00"},{"fld":"YieldTotal","unit":"kWh","val":"609.23"},{"fld":"Irradiation","unit":"%","val":"69.35"},{"fld":"U_AC","unit":"V","val":"231.40"},{"fld":"I_AC","unit":"A","val":"2.29"},{"fld":"P_AC","unit":"W","val":"531.30"},{"fld":"Q_AC","unit":"var","val":"0.50"},{"fld":"F_AC","unit":"Hz","val":"50.01"},{"fld":"PF_AC","unit":"","val":"1.00"},{"fld":"Temp","unit":"°C","val":"49.70"},{"fld":"ALARM_MES_ID","unit":"","val":"251.00"},{"fld":"YieldDay","unit":"Wh","val":"533.00"},{"fld":"YieldTotal","unit":"kWh","val":"1200.12"},{"fld":"P_DC","unit":"W","val":"556.30"},{"fld":"Efficiency","unit":"%","val":"95.51"}]]}