{"inverter":[[{"fld":"U_DC","unit":"V","val":"28.30"},{"fld":"I_DC","unit":"A","val":"10.21"},{"fld":"P_DC","unit":"W","val":"288.40"},{"fld":"YieldDay","unit":"Wh","val":"898.00"},{"fld":"YieldTotal","unit":"kWh","val":"591.53"},{"fld":"Irradiation","unit":"%","val":"72.10"},{"fld":"U_DC","unit":"V","val":"28.50"},{"fld":"I_DC","unit":"A","val":"10.02"},{"fld":"P_DC","unit":"W","val":"284.60"},{"fld":"YieldDay","unit":"Wh","val":"913.00"},{"fld":"YieldTotal","unit":"kWh","val":"609.86"},{"fld":"Irradiation","unit":"%","val":"71.15"},{"fld":"U_AC","unit":"V","val":"232.80"},{"fld":"I_AC","unit":"A","val":"2.35"},{"fld":"P_AC","unit":"W","val":"547.20"},{"fld":"Q_AC","unit":"var","val":"0.00"},{"fld":"F_AC","unit":"Hz","val":"50.00"},{"fld":"PF_AC","unit":"","val":"1.00"},{"fld":"Temp","unit":"°C","val":"64.50"},{"fld":"ALARM_MES_ID","unit":"","val":"251.00"},{"fld":"YieldDay","unit":"Wh","val":"1811.00"},{"fld":"YieldTotal","unit":"kWh","val":"1201.40"},{"fld":"P_DC","unit":"W","val":"573.00"},{"fld":"Efficiency","unit":"%","val":"95.50"}]]}