{"inverter":[[{"fld":"U_DC","unit":"V","val":"28.50"},{"fld":"I_DC","unit":"A","val":"10.06"},{"fld":"P_DC","unit":"W","val":"285.90"},{"fld":"YieldDay","unit":"Wh","val":"414.00"},{"fld":"YieldTotal","unit":"kWh","val":"591.05"},{"fld":"Irradiation","unit":"%","val":"71.47"},{"fld":"U_DC","unit":"V","val":"28.70"},{"fld":"I_DC","unit":"A","val":"9.88"},{"fld":"P_DC","unit":"W","val":"283.60"},{"fld":"YieldDay","unit":"Wh","val":"433.00"},{"fld":"YieldTotal","unit":"kWh","val":"609.38"},{"fld":"Irradiation","unit":"%","val":"70.90"},{"fld":"U_AC","unit":"V","val":"234.50"},{"fld":"I_AC","unit":"A","val":"2.32"},{"fld":"P_AC","unit":"W","val":"543.90"},{"fld":"Q_AC","unit":"var","val":"0.00"},{"fld":"F_AC","unit":"Hz","val":"50.01"},{"fld":"PF_AC","unit":"","val":"1.00"},{"fld":"Temp","unit":"°C","val":"59.30"},{"fld":"ALARM_MES_ID","unit":"","val":"251.00"},{"fld":"YieldDay","unit":"Wh","val":"847.00"},{"fld":"YieldTotal","unit":"kWh","val":"1200.43"},{"fld":"P_DC","unit":"W","val":"569.50"},{"fld":"Efficiency","unit":"%","val":"95.50"}]]}