{"inverter":[[{"fld":"U_DC","unit":"V","val":"28.40"},{"fld":"I_DC","unit":"A","val":"10.37"},{"fld":"P_DC","unit":"W","val":"293.60"},{"fld":"YieldDay","unit":"Wh","val":"658.00"},{"fld":"YieldTotal","unit":"kWh","val":"591.29"},{"fld":"Irradiation","unit":"%","val":"73.40"},{"fld":"U_DC","unit":"V","val":"28.70"},{"fld":"I_DC","unit":"A","val":"10.23"},{"fld":"P_DC","unit":"W","val":"293.30"},{"fld":"YieldDay","unit":"Wh","val":"676.00"},{"fld":"YieldTotal","unit":"kWh","val":"609.63"},{"fld":"Irradiation","unit":"%","val":"73.32"},{"fld":"U_AC","unit":"V","val":"234.60"},{"fld":"I_AC","unit":"A","val":"2.39"},{"fld":"P_AC","unit":"W","val":"560.50"},{"fld":"Q_AC","unit":"var","val":"0.00"},{"fld":"F_AC","unit":"Hz","val":"49.99"},{"fld":"PF_AC","unit":"","val":"1.00"},{"fld":"Temp","unit":"°C","val":"62.20"},{"fld":"ALARM_MES_ID","unit":"","val":"251.00"},{"fld":"YieldDay","unit":"Wh","val":"1334.00"},{"fld":"YieldTotal","unit":"kWh","val":"1200.92"},{"fld":"P_DC","unit":"W","val":"586.90"},{"fld":"Efficiency","unit":"%","val":"95.50"}]]}