{"inverter":[[{"fld":"U_DC","unit":"V","val":"28.50"},{"fld":"I_DC","unit":"A","val":"10.06"},{"fld":"P_DC","unit":"W","val":"286.10"},{"fld":"YieldDay","unit":"Wh","val":"418.00"},{"fld":"YieldTotal","unit":"kWh","val":"591.05"},{"fld":"Irradiation","unit":"%","val":"71.53"},{"fld":"U_DC","unit":"V","val":"28.80"},{"fld":"I_DC","unit":"A","val":"9.90"},{"fld":"P_DC","unit":"W","val":"284.20"},{"fld":"YieldDay","unit":"Wh","val":"437.00"},{"fld":"YieldTotal","unit":"kWh","val":"609.39"},{"fld":"Irradiation","unit":"%","val":"71.05"},{"fld":"U_AC","unit":"V","val":"233.80"},{"fld":"I_AC","unit":"A","val":"2.33"},{"fld":"P_AC","unit":"W","val":"544.60"},{"fld":"Q_AC","unit":"var","val":"0.50"},{"fld":"F_AC","unit":"Hz","val":"50.00"},{"fld":"PF_AC","unit":"","val":"1.00"},{"fld":"Temp","unit":"°C","val":"59.50"},{"fld":"ALARM_MES_ID","unit":"","val":"251.00"},{"fld":"YieldDay","unit":"Wh","val":"855.00"},{"fld":"YieldTotal","unit":"kWh","val":"1200.44"},{"fld":"P_DC","unit":"W","val":"570.30"},{"fld":"Efficiency","unit":"%","val":"95.49"}]]}