{"inverter":[[{"fld":"U_DC","unit":"V","val":"31.30"},{"fld":"I_DC","unit":"A","val":"1.67"},{"fld":"P_DC","unit":"W","val":"52.30"},{"fld":"YieldDay","unit":"Wh","val":"1382.00"},{"fld":"YieldTotal","unit":"kWh","val":"592.02"},{"fld":"Irradiation","unit":"%","val":"13.07"},{"fld":"U_DC","unit":"V","val":"30.10"},{"fld":"I_DC","unit":"A","val":"4.78"},{"fld":"P_DC","unit":"W","val":"143.90"},{"fld":"YieldDay","unit":"Wh","val":"1565.00"},{"fld":"YieldTotal","unit":"kWh","val":"610.52"},{"fld":"Irradiation","unit":"%","val":"35.97"},{"fld":"U_AC","unit":"V","val":"227.40"},{"fld":"I_AC","unit":"A","val":"0.82"},{"fld":"P_AC","unit":"W","val":"187.30"},{"fld":"Q_AC","unit":"var","val":"0.00"},{"fld":"F_AC","unit":"Hz","val":"49.99"},{"fld":"PF_AC","unit":"","val":"1.00"},{"fld":"Temp","unit":"°C","val":"51.50"},{"fld":"ALARM_MES_ID","unit":"","val":"251.00"},{"fld":"YieldDay","unit":"Wh","val":"2947.00"},{"fld":"YieldTotal","unit":"kWh","val":"1202.53"},{"fld":"P_DC","unit":"W","val":"196.20"},{"fld":"Efficiency","unit":"%","val":"95.46"}]]}