{"inverter":[[{"fld":"U_DC","unit":"V","val":"30.50"},{"fld":"I_DC","unit":"A","val":"0.89"},{"fld":"P_DC","unit":"W","val":"27.00"},{"fld":"YieldDay","unit":"Wh","val":"121.00"},{"fld":"YieldTotal","unit":"kWh","val":"590.76"},{"fld":"Irradiation","unit":"%","val":"6.75"},{"fld":"U_DC","unit":"V","val":"30.80"},{"fld":"I_DC","unit":"A","val":"0.89"},{"fld":"P_DC","unit":"W","val":"27.40"},{"fld":"YieldDay","unit":"Wh","val":"124.00"},{"fld":"YieldTotal","unit":"kWh","val":"609.07"},{"fld":"Irradiation","unit":"%","val":"6.85"},{"fld":"U_AC","unit":"V","val":"228.50"},{"fld":"I_AC","unit":"A","val":"0.23"},{"fld":"P_AC","unit":"W","val":"52.00"},{"fld":"Q_AC","unit":"var","val":"0.00"},{"fld":"F_AC","unit":"Hz","val":"50.02"},{"fld":"PF_AC","unit":"","val":"1.00"},{"fld":"Temp","unit":"°C","val":"37.30"},{"fld":"ALARM_MES_ID","unit":"","val":"251.00"},{"fld":"YieldDay","unit":"Wh","val":"245.00"},{"fld":"YieldTotal","unit":"kWh","val":"1199.83"},{"fld":"P_DC","unit":"W","val":"54.40"},{"fld":"Efficiency","unit":"%","val":"95.59"}]]}