{"inverter":[[{"fld":"U_DC","unit":"V","val":"31.20"},{"fld":"I_DC","unit":"A","val":"1.81"},{"fld":"P_DC","unit":"W","val":"56.50"},{"fld":"YieldDay","unit":"Wh","val":"1359.00"},{"fld":"YieldTotal","unit":"kWh","val":"591.99"},{"fld":"Irradiation","unit":"%","val":"14.13"},{"fld":"U_DC","unit":"V","val":"29.60"},{"fld":"I_DC","unit":"A","val":"5.87"},{"fld":"P_DC","unit":"W","val":"174.00"},{"fld":"YieldDay","unit":"Wh","val":"1498.00"},{"fld":"YieldTotal","unit":"kWh","val":"610.45"},{"fld":"Irradiation","unit":"%","val":"43.50"},{"fld":"U_AC","unit":"V","val":"231.60"},{"fld":"I_AC","unit":"A","val":"0.95"},{"fld":"P_AC","unit":"W","val":"220.20"},{"fld":"Q_AC","unit":"var","val":"0.00"},{"fld":"F_AC","unit":"Hz","val":"50.06"},{"fld":"PF_AC","unit":"","val":"1.00"},{"fld":"Temp","unit":"°C","val":"52.70"},{"fld":"ALARM_MES_ID","unit":"","val":"251.00"},{"fld":"YieldDay","unit":"Wh","val":"2857.00"},{"fld":"YieldTotal","unit":"kWh","val":"1202.44"},{"fld":"P_DC","unit":"W","val":"230.50"},{"fld":"Efficiency","unit":"%","val":"95.53"}]]}