{"inverter":[[{"fld":"U_DC","unit":"V","val":"31.80"},{"fld":"I_DC","unit":"A","val":"2.01"},{"fld":"P_DC","unit":"W","val":"63.80"},{"fld":"YieldDay","unit":"Wh","val":"1328.00"},{"fld":"YieldTotal","unit":"kWh","val":"591.96"},{"fld":"Irradiation","unit":"%","val":"15.95"},{"fld":"U_DC","unit":"V","val":"29.80"},{"fld":"I_DC","unit":"A","val":"7.06"},{"fld":"P_DC","unit":"W","val":"210.30"},{"fld":"YieldDay","unit":"Wh","val":"1408.00"},{"fld":"YieldTotal","unit":"kWh","val":"610.36"},{"fld":"Irradiation","unit":"%","val":"52.57"},{"fld":"U_AC","unit":"V","val":"232.60"},{"fld":"I_AC","unit":"A","val":"1.13"},{"fld":"P_AC","unit":"W","val":"261.70"},{"fld":"Q_AC","unit":"var","val":"0.00"},{"fld":"F_AC","unit":"Hz","val":"50.04"},{"fld":"PF_AC","unit":"","val":"1.00"},{"fld":"Temp","unit":"°C","val":"57.70"},{"fld":"ALARM_MES_ID","unit":"","val":"251.00"},{"fld":"YieldDay","unit":"Wh","val":"2736.00"},{"fld":"YieldTotal","unit":"kWh","val":"1202.32"},{"fld":"P_DC","unit":"W","val":"274.10"},{"fld":"Efficiency","unit":"%","val":"95.48"}]]}