{"inverter":[[{"fld":"U_DC","unit":"V","val":"29.00"},{"fld":"I_DC","unit":"A","val":"9.54"},{"fld":"P_DC","unit":"W","val":"276.10"},{"fld":"YieldDay","unit":"Wh","val":"212.00"},{"fld":"YieldTotal","unit":"kWh","val":"590.85"},{"fld":"Irradiation","unit":"%","val":"69.03"},{"fld":"U_DC","unit":"V","val":"29.20"},{"fld":"I_DC","unit":"A","val":"9.39"},{"fld":"P_DC","unit":"W","val":"274.20"},{"fld":"YieldDay","unit":"Wh","val":"233.00"},{"fld":"YieldTotal","unit":"kWh","val":"609.18"},{"fld":"Irradiation","unit":"%","val":"68.55"},{"fld":"U_AC","unit":"V","val":"234.10"},{"fld":"I_AC","unit":"A","val":"2.25"},{"fld":"P_AC","unit":"W","val":"525.50"},{"fld":"Q_AC","unit":"var","val":"0.40"},{"fld":"F_AC","unit":"Hz","val":"50.04"},{"fld":"PF_AC","unit":"","val":"1.00"},{"fld":"Temp","unit":"°C","val":"45.80"},{"fld":"ALARM_MES_ID","unit":"","val":"251.00"},{"fld":"YieldDay","unit":"Wh","val":"445.00"},{"fld":"YieldTotal","unit":"kWh","val":"1200.03"},{"fld":"P_DC","unit":"W","val":"550.30"},{"fld":"Efficiency","unit":"%","val":"95.49"}]]}