{"inverter":[[{"fld":"U_DC","unit":"V","val":"28.50"},{"fld":"I_DC","unit":"A","val":"10.13"},{"fld":"P_DC","unit":"W","val":"287.90"},{"fld":"YieldDay","unit":"Wh","val":"432.00"},{"fld":"YieldTotal","unit":"kWh","val":"591.07"},{"fld":"Irradiation","unit":"%","val":"71.97"},{"fld":"U_DC","unit":"V","val":"28.70"},{"fld":"I_DC","unit":"A","val":"9.96"},{"fld":"P_DC","unit":"W","val":"285.60"},{"fld":"YieldDay","unit":"Wh","val":"451.00"},{"fld":"YieldTotal","unit":"kWh","val":"609.40"},{"fld":"Irradiation","unit":"%","val":"71.40"},{"fld":"U_AC","unit":"V","val":"233.90"},{"fld":"I_AC","unit":"A","val":"2.34"},{"fld":"P_AC","unit":"W","val":"547.70"},{"fld":"Q_AC","unit":"var","val":"0.00"},{"fld":"F_AC","unit":"Hz","val":"50.02"},{"fld":"PF_AC","unit":"","val":"1.00"},{"fld":"Temp","unit":"°C","val":"59.80"},{"fld":"ALARM_MES_ID","unit":"","val":"251.00"},{"fld":"YieldDay","unit":"Wh","val":"883.00"},{"fld":"YieldTotal","unit":"kWh","val":"1200.47"},{"fld":"P_DC","unit":"W","val":"573.50"},{"fld":"Efficiency","unit":"%","val":"95.50"}]]}