{"inverter":[[{"fld":"U_DC","unit":"V","val":"28.40"},{"fld":"I_DC","unit":"A","val":"9.14"},{"fld":"P_DC","unit":"W","val":"258.80"},{"fld":"YieldDay","unit":"Wh","val":"1140.00"},{"fld":"YieldTotal","unit":"kWh","val":"591.78"},{"fld":"Irradiation","unit":"%","val":"64.70"},{"fld":"U_DC","unit":"V","val":"28.60"},{"fld":"I_DC","unit":"A","val":"8.93"},{"fld":"P_DC","unit":"W","val":"255.10"},{"fld":"YieldDay","unit":"Wh","val":"1153.00"},{"fld":"YieldTotal","unit":"kWh","val":"610.10"},{"fld":"Irradiation","unit":"%","val":"63.78"},{"fld":"U_AC","unit":"V","val":"234.80"},{"fld":"I_AC","unit":"A","val":"2.09"},{"fld":"P_AC","unit":"W","val":"490.80"},{"fld":"Q_AC","unit":"var","val":"0.40"},{"fld":"F_AC","unit":"Hz","val":"50.00"},{"fld":"PF_AC","unit":"","val":"1.00"},{"fld":"Temp","unit":"°C","val":"64.70"},{"fld":"ALARM_MES_ID","unit":"","val":"251.00"},{"fld":"YieldDay","unit":"Wh","val":"2293.00"},{"fld":"YieldTotal","unit":"kWh","val":"1201.88"},{"fld":"P_DC","unit":"W","val":"513.90"},{"fld":"Efficiency","unit":"%","val":"95.50"}]]}