{"inverter":[[{"fld":"U_DC","unit":"V","val":"30.40"},{"fld":"I_DC","unit":"A","val":"5.18"},{"fld":"P_DC","unit":"W","val":"157.30"},{"fld":"YieldDay","unit":"Wh","val":"1297.00"},{"fld":"YieldTotal","unit":"kWh","val":"591.93"},{"fld":"Irradiation","unit":"%","val":"39.33"},{"fld":"U_DC","unit":"V","val":"29.40"},{"fld":"I_DC","unit":"A","val":"8.00"},{"fld":"P_DC","unit":"W","val":"235.40"},{"fld":"YieldDay","unit":"Wh","val":"1317.00"},{"fld":"YieldTotal","unit":"kWh","val":"610.27"},{"fld":"Irradiation","unit":"%","val":"58.85"},{"fld":"U_AC","unit":"V","val":"232.60"},{"fld":"I_AC","unit":"A","val":"1.61"},{"fld":"P_AC","unit":"W","val":"375.00"},{"fld":"Q_AC","unit":"var","val":"0.00"},{"fld":"F_AC","unit":"Hz","val":"50.05"},{"fld":"PF_AC","unit":"","val":"1.00"},{"fld":"Temp","unit":"°C","val":"61.30"},{"fld":"ALARM_MES_ID","unit":"","val":"251.00"},{"fld":"YieldDay","unit":"Wh","val":"2614.00"},{"fld":"YieldTotal","unit":"kWh","val":"1202.20"},{"fld":"P_DC","unit":"W","val":"392.70"},{"fld":"Efficiency","unit":"%","val":"95.49"}]]}