{"inverter":[[{"fld":"U_DC","unit":"V","val":"30.10"},{"fld":"I_DC","unit":"A","val":"0.86"},{"fld":"P_DC","unit":"W","val":"25.90"},{"fld":"YieldDay","unit":"Wh","val":"106.00"},{"fld":"YieldTotal","unit":"kWh","val":"590.74"},{"fld":"Irradiation","unit":"%","val":"6.47"},{"fld":"U_DC","unit":"V","val":"30.40"},{"fld":"I_DC","unit":"A","val":"0.87"},{"fld":"P_DC","unit":"W","val":"26.40"},{"fld":"YieldDay","unit":"Wh","val":"109.00"},{"fld":"YieldTotal","unit":"kWh","val":"609.06"},{"fld":"Irradiation","unit":"%","val":"6.60"},{"fld":"U_AC","unit":"V","val":"230.20"},{"fld":"I_AC","unit":"A","val":"0.22"},{"fld":"P_AC","unit":"W","val":"49.90"},{"fld":"Q_AC","unit":"var","val":"0.00"},{"fld":"F_AC","unit":"Hz","val":"50.00"},{"fld":"PF_AC","unit":"","val":"1.00"},{"fld":"Temp","unit":"°C","val":"36.10"},{"fld":"ALARM_MES_ID","unit":"","val":"251.00"},{"fld":"YieldDay","unit":"Wh","val":"215.00"},{"fld":"YieldTotal","unit":"kWh","val":"1199.80"},{"fld":"P_DC","unit":"W","val":"52.30"},{"fld":"Efficiency","unit":"%","val":"95.41"}]]}