{"inverter":[[{"fld":"U_DC","unit":"V","val":"28.40"},{"fld":"I_DC","unit":"A","val":"10.20"},{"fld":"P_DC","unit":"W","val":"289.00"},{"fld":"YieldDay","unit":"Wh","val":"879.00"},{"fld":"YieldTotal","unit":"kWh","val":"591.51"},{"fld":"Irradiation","unit":"%","val":"72.25"},{"fld":"U_DC","unit":"V","val":"28.50"},{"fld":"I_DC","unit":"A","val":"10.02"},{"fld":"P_DC","unit":"W","val":"285.40"},{"fld":"YieldDay","unit":"Wh","val":"895.00"},{"fld":"YieldTotal","unit":"kWh","val":"609.84"},{"fld":"Irradiation","unit":"%","val":"71.35"},{"fld":"U_AC","unit":"V","val":"233.50"},{"fld":"I_AC","unit":"A","val":"2.35"},{"fld":"P_AC","unit":"W","val":"548.50"},{"fld":"Q_AC","unit":"var","val":"0.50"},{"fld":"F_AC","unit":"Hz","val":"50.01"},{"fld":"PF_AC","unit":"","val":"1.00"},{"fld":"Temp","unit":"°C","val":"64.10"},{"fld":"ALARM_MES_ID","unit":"","val":"251.00"},{"fld":"YieldDay","unit":"Wh","val":"1774.00"},{"fld":"YieldTotal","unit":"kWh","val":"1201.36"},{"fld":"P_DC","unit":"W","val":"574.40"},{"fld":"Efficiency","unit":"%","val":"95.49"}]]}