{"inverter":[[{"fld":"U_DC","unit":"V","val":"28.20"},{"fld":"I_DC","unit":"A","val":"10.35"},{"fld":"P_DC","unit":"W","val":"291.80"},{"fld":"YieldDay","unit":"Wh","val":"768.00"},{"fld":"YieldTotal","unit":"kWh","val":"591.40"},{"fld":"Irradiation","unit":"%","val":"72.95"},{"fld":"U_DC","unit":"V","val":"28.50"},{"fld":"I_DC","unit":"A","val":"10.17"},{"fld":"P_DC","unit":"W","val":"289.20"},{"fld":"YieldDay","unit":"Wh","val":"785.00"},{"fld":"YieldTotal","unit":"kWh","val":"609.73"},{"fld":"Irradiation","unit":"%","val":"72.30"},{"fld":"U_AC","unit":"V","val":"232.00"},{"fld":"I_AC","unit":"A","val":"2.39"},{"fld":"P_AC","unit":"W","val":"554.90"},{"fld":"Q_AC","unit":"var","val":"0.50"},{"fld":"F_AC","unit":"Hz","val":"50.03"},{"fld":"PF_AC","unit":"","val":"1.00"},{"fld":"Temp","unit":"°C","val":"63.20"},{"fld":"ALARM_MES_ID","unit":"","val":"251.00"},{"fld":"YieldDay","unit":"Wh","val":"1553.00"},{"fld":"YieldTotal","unit":"kWh","val":"1201.14"},{"fld":"P_DC","unit":"W","val":"581.00"},{"fld":"Efficiency","unit":"%","val":"95.51"}]]}