{"inverter":[[{"fld":"U_DC","unit":"V","val":"31.40"},{"fld":"I_DC","unit":"A","val":"1.59"},{"fld":"P_DC","unit":"W","val":"49.90"},{"fld":"YieldDay","unit":"Wh","val":"1394.00"},{"fld":"YieldTotal","unit":"kWh","val":"592.03"},{"fld":"Irradiation","unit":"%","val":"12.48"},{"fld":"U_DC","unit":"V","val":"30.10"},{"fld":"I_DC","unit":"A","val":"4.24"},{"fld":"P_DC","unit":"W","val":"127.50"},{"fld":"YieldDay","unit":"Wh","val":"1598.00"},{"fld":"YieldTotal","unit":"kWh","val":"610.55"},{"fld":"Irradiation","unit":"%","val":"31.88"},{"fld":"U_AC","unit":"V","val":"227.20"},{"fld":"I_AC","unit":"A","val":"0.74"},{"fld":"P_AC","unit":"W","val":"169.40"},{"fld":"Q_AC","unit":"var","val":"0.00"},{"fld":"F_AC","unit":"Hz","val":"50.01"},{"fld":"PF_AC","unit":"","val":"1.00"},{"fld":"Temp","unit":"°C","val":"51.20"},{"fld":"ALARM_MES_ID","unit":"","val":"251.00"},{"fld":"YieldDay","unit":"Wh","val":"2992.00"},{"fld":"YieldTotal","unit":"kWh","val":"1202.58"},{"fld":"P_DC","unit":"W","val":"177.40"},{"fld":"Efficiency","unit":"%","val":"95.49"}]]}