{"inverter":[[{"fld":"U_DC","unit":"V","val":"28.70"},{"fld":"I_DC","unit":"A","val":"10.31"},{"fld":"P_DC","unit":"W","val":"295.50"},{"fld":"YieldDay","unit":"Wh","val":"511.00"},{"fld":"YieldTotal","unit":"kWh","val":"591.15"},{"fld":"Irradiation","unit":"%","val":"73.88"},{"fld":"U_DC","unit":"V","val":"28.90"},{"fld":"I_DC","unit":"A","val":"10.15"},{"fld":"P_DC","unit":"W","val":"292.80"},{"fld":"YieldDay","unit":"Wh","val":"529.00"},{"fld":"YieldTotal","unit":"kWh","val":"609.48"},{"fld":"Irradiation","unit":"%","val":"73.20"},{"fld":"U_AC","unit":"V","val":"233.80"},{"fld":"I_AC","unit":"A","val":"2.40"},{"fld":"P_AC","unit":"W","val":"561.90"},{"fld":"Q_AC","unit":"var","val":"0.50"},{"fld":"F_AC","unit":"Hz","val":"50.03"},{"fld":"PF_AC","unit":"","val":"1.00"},{"fld":"Temp","unit":"°C","val":"60.40"},{"fld":"ALARM_MES_ID","unit":"","val":"251.00"},{"fld":"YieldDay","unit":"Wh","val":"1040.00"},{"fld":"YieldTotal","unit":"kWh","val":"1200.63"},{"fld":"P_DC","unit":"W","val":"588.30"},{"fld":"Efficiency","unit":"%","val":"95.51"}]]}