{"inverter":[[{"fld":"U_DC","unit":"V","val":"30.00"},{"fld":"I_DC","unit":"A","val":"1.01"},{"fld":"P_DC","unit":"W","val":"30.40"},{"fld":"YieldDay","unit":"Wh","val":"1338.00"},{"fld":"YieldTotal","unit":"kWh","val":"591.97"},{"fld":"Irradiation","unit":"%","val":"7.60"},{"fld":"U_DC","unit":"V","val":"29.40"},{"fld":"I_DC","unit":"A","val":"1.42"},{"fld":"P_DC","unit":"W","val":"41.80"},{"fld":"YieldDay","unit":"Wh","val":"1437.00"},{"fld":"YieldTotal","unit":"kWh","val":"610.39"},{"fld":"Irradiation","unit":"%","val":"10.45"},{"fld":"U_AC","unit":"V","val":"230.60"},{"fld":"I_AC","unit":"A","val":"0.30"},{"fld":"P_AC","unit":"W","val":"69.00"},{"fld":"Q_AC","unit":"var","val":"0.00"},{"fld":"F_AC","unit":"Hz","val":"50.02"},{"fld":"PF_AC","unit":"","val":"1.00"},{"fld":"Temp","unit":"°C","val":"54.30"},{"fld":"ALARM_MES_ID","unit":"","val":"251.00"},{"fld":"YieldDay","unit":"Wh","val":"2775.00"},{"fld":"YieldTotal","unit":"kWh","val":"1202.36"},{"fld":"P_DC","unit":"W","val":"72.20"},{"fld":"Efficiency","unit":"%","val":"95.57"}]]}