{"inverter":[[{"fld":"U_DC","unit":"V","val":"28.10"},{"fld":"I_DC","unit":"A","val":"10.31"},{"fld":"P_DC","unit":"W","val":"289.80"},{"fld":"YieldDay","unit":"Wh","val":"810.00"},{"fld":"YieldTotal","unit":"kWh","val":"591.45"},{"fld":"Irradiation","unit":"%","val":"72.45"},{"fld":"U_DC","unit":"V","val":"28.40"},{"fld":"I_DC","unit":"A","val":"10.12"},{"fld":"P_DC","unit":"W","val":"287.40"},{"fld":"YieldDay","unit":"Wh","val":"826.00"},{"fld":"YieldTotal","unit":"kWh","val":"609.78"},{"fld":"Irradiation","unit":"%","val":"71.85"},{"fld":"U_AC","unit":"V","val":"232.90"},{"fld":"I_AC","unit":"A","val":"2.37"},{"fld":"P_AC","unit":"W","val":"551.30"},{"fld":"Q_AC","unit":"var","val":"0.00"},{"fld":"F_AC","unit":"Hz","val":"50.05"},{"fld":"PF_AC","unit":"","val":"1.00"},{"fld":"Temp","unit":"°C","val":"63.60"},{"fld":"ALARM_MES_ID","unit":"","val":"251.00"},{"fld":"YieldDay","unit":"Wh","val":"1636.00"},{"fld":"YieldTotal","unit":"kWh","val":"1201.22"},{"fld":"P_DC","unit":"W","val":"577.20"},{"fld":"Efficiency","unit":"%","val":"95.51"}]]}