{"inverter":[[{"fld":"U_DC","unit":"V","val":"28.60"},{"fld":"I_DC","unit":"A","val":"10.28"},{"fld":"P_DC","unit":"W","val":"293.80"},{"fld":"YieldDay","unit":"Wh","val":"483.00"},{"fld":"YieldTotal","unit":"kWh","val":"591.12"},{"fld":"Irradiation","unit":"%","val":"73.45"},{"fld":"U_DC","unit":"V","val":"28.80"},{"fld":"I_DC","unit":"A","val":"10.13"},{"fld":"P_DC","unit":"W","val":"291.10"},{"fld":"YieldDay","unit":"Wh","val":"501.00"},{"fld":"YieldTotal","unit":"kWh","val":"609.45"},{"fld":"Irradiation","unit":"%","val":"72.78"},{"fld":"U_AC","unit":"V","val":"234.10"},{"fld":"I_AC","unit":"A","val":"2.39"},{"fld":"P_AC","unit":"W","val":"558.60"},{"fld":"Q_AC","unit":"var","val":"0.50"},{"fld":"F_AC","unit":"Hz","val":"50.02"},{"fld":"PF_AC","unit":"","val":"1.00"},{"fld":"Temp","unit":"°C","val":"60.50"},{"fld":"ALARM_MES_ID","unit":"","val":"251.00"},{"fld":"YieldDay","unit":"Wh","val":"984.00"},{"fld":"YieldTotal","unit":"kWh","val":"1200.57"},{"fld":"P_DC","unit":"W","val":"584.90"},{"fld":"Efficiency","unit":"%","val":"95.50"}]]}