{"inverter":[[{"fld":"U_DC","unit":"V","val":"20.70"},{"fld":"I_DC","unit":"A","val":"0.02"},{"fld":"P_DC","unit":"W","val":"0.40"},{"fld":"YieldDay","unit":"Wh","val":"1466.00"},{"fld":"YieldTotal","unit":"kWh","val":"592.10"},{"fld":"Irradiation","unit":"%","val":"0.10"},{"fld":"U_DC","unit":"V","val":"20.70"},{"fld":"I_DC","unit":"A","val":"0.02"},{"fld":"P_DC","unit":"W","val":"0.40"},{"fld":"YieldDay","unit":"Wh","val":"1706.00"},{"fld":"YieldTotal","unit":"kWh","val":"610.66"},{"fld":"Irradiation","unit":"%","val":"0.10"},{"fld":"U_AC","unit":"V","val":"228.30"},{"fld":"I_AC","unit":"A","val":"0.00"},{"fld":"P_AC","unit":"W","val":"0.00"},{"fld":"Q_AC","unit":"var","val":"0.00"},{"fld":"F_AC","unit":"Hz","val":"50.03"},{"fld":"PF_AC","unit":"","val":"0.00"},{"fld":"Temp","unit":"°C","val":"31.10"},{"fld":"ALARM_MES_ID","unit":"","val":"251.00"},{"fld":"YieldDay","unit":"Wh","val":"3172.00"},{"fld":"YieldTotal","unit":"kWh","val":"1202.76"},{"fld":"P_DC","unit":"W","val":"0.80"},{"fld":"Efficiency","unit":"%","val":"0.00"}]]}