{"inverter":[[{"fld":"U_DC","unit":"V","val":"30.50"},{"fld":"I_DC","unit":"A","val":"7.31"},{"fld":"P_DC","unit":"W","val":"223.20"},{"fld":"YieldDay","unit":"Wh","val":"191.00"},{"fld":"YieldTotal","unit":"kWh","val":"590.83"},{"fld":"Irradiation","unit":"%","val":"55.80"},{"fld":"U_DC","unit":"V","val":"29.30"},{"fld":"I_DC","unit":"A","val":"9.41"},{"fld":"P_DC","unit":"W","val":"275.70"},{"fld":"YieldDay","unit":"Wh","val":"211.00"},{"fld":"YieldTotal","unit":"kWh","val":"609.16"},{"fld":"Irradiation","unit":"%","val":"68.93"},{"fld":"U_AC","unit":"V","val":"234.10"},{"fld":"I_AC","unit":"A","val":"2.04"},{"fld":"P_AC","unit":"W","val":"476.40"},{"fld":"Q_AC","unit":"var","val":"0.40"},{"fld":"F_AC","unit":"Hz","val":"50.03"},{"fld":"PF_AC","unit":"","val":"1.00"},{"fld":"Temp","unit":"°C","val":"43.70"},{"fld":"ALARM_MES_ID","unit":"","val":"251.00"},{"fld":"YieldDay","unit":"Wh","val":"402.00"},{"fld":"YieldTotal","unit":"kWh","val":"1199.99"},{"fld":"P_DC","unit":"W","val":"498.90"},{"fld":"Efficiency","unit":"%","val":"95.49"}]]}