{"inverter":[[{"fld":"U_DC","unit":"V","val":"31.60"},{"fld":"I_DC","unit":"A","val":"1.88"},{"fld":"P_DC","unit":"W","val":"59.30"},{"fld":"YieldDay","unit":"Wh","val":"1347.00"},{"fld":"YieldTotal","unit":"kWh","val":"591.98"},{"fld":"Irradiation","unit":"%","val":"14.82"},{"fld":"U_DC","unit":"V","val":"30.10"},{"fld":"I_DC","unit":"A","val":"6.15"},{"fld":"P_DC","unit":"W","val":"184.80"},{"fld":"YieldDay","unit":"Wh","val":"1461.00"},{"fld":"YieldTotal","unit":"kWh","val":"610.41"},{"fld":"Irradiation","unit":"%","val":"46.20"},{"fld":"U_AC","unit":"V","val":"230.60"},{"fld":"I_AC","unit":"A","val":"1.01"},{"fld":"P_AC","unit":"W","val":"233.20"},{"fld":"Q_AC","unit":"var","val":"0.00"},{"fld":"F_AC","unit":"Hz","val":"49.99"},{"fld":"PF_AC","unit":"","val":"1.00"},{"fld":"Temp","unit":"°C","val":"52.60"},{"fld":"ALARM_MES_ID","unit":"","val":"251.00"},{"fld":"YieldDay","unit":"Wh","val":"2808.00"},{"fld":"YieldTotal","unit":"kWh","val":"1202.39"},{"fld":"P_DC","unit":"W","val":"244.10"},{"fld":"Efficiency","unit":"%","val":"95.53"}]]}