{"inverter":[[{"fld":"U_DC","unit":"V","val":"28.90"},{"fld":"I_DC","unit":"A","val":"9.71"},{"fld":"P_DC","unit":"W","val":"280.00"},{"fld":"YieldDay","unit":"Wh","val":"270.00"},{"fld":"YieldTotal","unit":"kWh","val":"590.91"},{"fld":"Irradiation","unit":"%","val":"70.00"},{"fld":"U_DC","unit":"V","val":"29.10"},{"fld":"I_DC","unit":"A","val":"9.56"},{"fld":"P_DC","unit":"W","val":"277.70"},{"fld":"YieldDay","unit":"Wh","val":"290.00"},{"fld":"YieldTotal","unit":"kWh","val":"609.24"},{"fld":"Irradiation","unit":"%","val":"69.43"},{"fld":"U_AC","unit":"V","val":"230.70"},{"fld":"I_AC","unit":"A","val":"2.31"},{"fld":"P_AC","unit":"W","val":"532.50"},{"fld":"Q_AC","unit":"var","val":"0.50"},{"fld":"F_AC","unit":"Hz","val":"50.01"},{"fld":"PF_AC","unit":"","val":"1.00"},{"fld":"Temp","unit":"°C","val":"51.00"},{"fld":"ALARM_MES_ID","unit":"","val":"251.00"},{"fld":"YieldDay","unit":"Wh","val":"560.00"},{"fld":"YieldTotal","unit":"kWh","val":"1200.15"},{"fld":"P_DC","unit":"W","val":"557.70"},{"fld":"Efficiency","unit":"%","val":"95.48"}]]}