{"inverter":[[{"fld":"U_DC","unit":"V","val":"29.10"},{"fld":"I_DC","unit":"A","val":"9.56"},{"fld":"P_DC","unit":"W","val":"277.50"},{"fld":"YieldDay","unit":"Wh","val":"221.00"},{"fld":"YieldTotal","unit":"kWh","val":"590.86"},{"fld":"Irradiation","unit":"%","val":"69.38"},{"fld":"U_DC","unit":"V","val":"29.30"},{"fld":"I_DC","unit":"A","val":"9.42"},{"fld":"P_DC","unit":"W","val":"275.70"},{"fld":"YieldDay","unit":"Wh","val":"241.00"},{"fld":"YieldTotal","unit":"kWh","val":"609.19"},{"fld":"Irradiation","unit":"%","val":"68.93"},{"fld":"U_AC","unit":"V","val":"232.80"},{"fld":"I_AC","unit":"A","val":"2.27"},{"fld":"P_AC","unit":"W","val":"528.30"},{"fld":"Q_AC","unit":"var","val":"0.50"},{"fld":"F_AC","unit":"Hz","val":"50.01"},{"fld":"PF_AC","unit":"","val":"1.00"},{"fld":"Temp","unit":"°C","val":"46.70"},{"fld":"ALARM_MES_ID","unit":"","val":"251.00"},{"fld":"YieldDay","unit":"Wh","val":"462.00"},{"fld":"YieldTotal","unit":"kWh","val":"1200.05"},{"fld":"P_DC","unit":"W","val":"553.20"},{"fld":"Efficiency","unit":"%","val":"95.50"}]]}