{"inverter":[[{"fld":"U_DC","unit":"V","val":"31.70"},{"fld":"I_DC","unit":"A","val":"2.01"},{"fld":"P_DC","unit":"W","val":"63.70"},{"fld":"YieldDay","unit":"Wh","val":"1312.00"},{"fld":"YieldTotal","unit":"kWh","val":"591.95"},{"fld":"Irradiation","unit":"%","val":"15.93"},{"fld":"U_DC","unit":"V","val":"29.20"},{"fld":"I_DC","unit":"A","val":"7.47"},{"fld":"P_DC","unit":"W","val":"218.00"},{"fld":"YieldDay","unit":"Wh","val":"1357.00"},{"fld":"YieldTotal","unit":"kWh","val":"610.31"},{"fld":"Irradiation","unit":"%","val":"54.50"},{"fld":"U_AC","unit":"V","val":"232.60"},{"fld":"I_AC","unit":"A","val":"1.16"},{"fld":"P_AC","unit":"W","val":"269.10"},{"fld":"Q_AC","unit":"var","val":"0.20"},{"fld":"F_AC","unit":"Hz","val":"50.02"},{"fld":"PF_AC","unit":"","val":"1.00"},{"fld":"Temp","unit":"°C","val":"60.80"},{"fld":"ALARM_MES_ID","unit":"","val":"251.00"},{"fld":"YieldDay","unit":"Wh","val":"2669.00"},{"fld":"YieldTotal","unit":"kWh","val":"1202.25"},{"fld":"P_DC","unit":"W","val":"281.70"},{"fld":"Efficiency","unit":"%","val":"95.53"}]]}