{"inverter":[[{"fld":"U_DC","unit":"V","val":"29.80"},{"fld":"I_DC","unit":"A","val":"8.63"},{"fld":"P_DC","unit":"W","val":"256.60"},{"fld":"YieldDay","unit":"Wh","val":"195.00"},{"fld":"YieldTotal","unit":"kWh","val":"590.83"},{"fld":"Irradiation","unit":"%","val":"64.15"},{"fld":"U_DC","unit":"V","val":"29.40"},{"fld":"I_DC","unit":"A","val":"9.42"},{"fld":"P_DC","unit":"W","val":"276.40"},{"fld":"YieldDay","unit":"Wh","val":"215.00"},{"fld":"YieldTotal","unit":"kWh","val":"609.16"},{"fld":"Irradiation","unit":"%","val":"69.10"},{"fld":"U_AC","unit":"V","val":"234.20"},{"fld":"I_AC","unit":"A","val":"2.17"},{"fld":"P_AC","unit":"W","val":"509.00"},{"fld":"Q_AC","unit":"var","val":"0.00"},{"fld":"F_AC","unit":"Hz","val":"50.02"},{"fld":"PF_AC","unit":"","val":"1.00"},{"fld":"Temp","unit":"°C","val":"44.10"},{"fld":"ALARM_MES_ID","unit":"","val":"251.00"},{"fld":"YieldDay","unit":"Wh","val":"410.00"},{"fld":"YieldTotal","unit":"kWh","val":"1199.99"},{"fld":"P_DC","unit":"W","val":"533.00"},{"fld":"Efficiency","unit":"%","val":"95.50"}]]}