{"inverter":[[{"fld":"U_DC","unit":"V","val":"31.90"},{"fld":"I_DC","unit":"A","val":"3.24"},{"fld":"P_DC","unit":"W","val":"103.40"},{"fld":"YieldDay","unit":"Wh","val":"1304.00"},{"fld":"YieldTotal","unit":"kWh","val":"591.94"},{"fld":"Irradiation","unit":"%","val":"25.85"},{"fld":"U_DC","unit":"V","val":"29.40"},{"fld":"I_DC","unit":"A","val":"7.90"},{"fld":"P_DC","unit":"W","val":"232.10"},{"fld":"YieldDay","unit":"Wh","val":"1328.00"},{"fld":"YieldTotal","unit":"kWh","val":"610.28"},{"fld":"Irradiation","unit":"%","val":"58.03"},{"fld":"U_AC","unit":"V","val":"232.80"},{"fld":"I_AC","unit":"A","val":"1.38"},{"fld":"P_AC","unit":"W","val":"320.30"},{"fld":"Q_AC","unit":"var","val":"0.10"},{"fld":"F_AC","unit":"Hz","val":"50.04"},{"fld":"PF_AC","unit":"","val":"1.00"},{"fld":"Temp","unit":"°C","val":"60.90"},{"fld":"ALARM_MES_ID","unit":"","val":"251.00"},{"fld":"YieldDay","unit":"Wh","val":"2632.00"},{"fld":"YieldTotal","unit":"kWh","val":"1202.22"},{"fld":"P_DC","unit":"W","val":"335.50"},{"fld":"Efficiency","unit":"%","val":"95.47"}]]}