{"inverter":[[{"fld":"U_DC","unit":"V","val":"31.20"},{"fld":"I_DC","unit":"A","val":"1.82"},{"fld":"P_DC","unit":"W","val":"56.70"},{"fld":"YieldDay","unit":"Wh","val":"1358.00"},{"fld":"YieldTotal","unit":"kWh","val":"591.99"},{"fld":"Irradiation","unit":"%","val":"14.18"},{"fld":"U_DC","unit":"V","val":"29.60"},{"fld":"I_DC","unit":"A","val":"5.91"},{"fld":"P_DC","unit":"W","val":"175.20"},{"fld":"YieldDay","unit":"Wh","val":"1495.00"},{"fld":"YieldTotal","unit":"kWh","val":"610.45"},{"fld":"Irradiation","unit":"%","val":"43.80"},{"fld":"U_AC","unit":"V","val":"231.20"},{"fld":"I_AC","unit":"A","val":"0.96"},{"fld":"P_AC","unit":"W","val":"221.50"},{"fld":"Q_AC","unit":"var","val":"0.00"},{"fld":"F_AC","unit":"Hz","val":"50.07"},{"fld":"PF_AC","unit":"","val":"1.00"},{"fld":"Temp","unit":"°C","val":"52.70"},{"fld":"ALARM_MES_ID","unit":"","val":"251.00"},{"fld":"YieldDay","unit":"Wh","val":"2853.00"},{"fld":"YieldTotal","unit":"kWh","val":"1202.44"},{"fld":"P_DC","unit":"W","val":"231.90"},{"fld":"Efficiency","unit":"%","val":"95.52"}]]}