{"inverter":[[{"fld":"U_DC","unit":"V","val":"28.30"},{"fld":"I_DC","unit":"A","val":"10.33"},{"fld":"P_DC","unit":"W","val":"291.50"},{"fld":"YieldDay","unit":"Wh","val":"796.00"},{"fld":"YieldTotal","unit":"kWh","val":"591.43"},{"fld":"Irradiation","unit":"%","val":"72.88"},{"fld":"U_DC","unit":"V","val":"28.70"},{"fld":"I_DC","unit":"A","val":"10.11"},{"fld":"P_DC","unit":"W","val":"289.60"},{"fld":"YieldDay","unit":"Wh","val":"813.00"},{"fld":"YieldTotal","unit":"kWh","val":"609.76"},{"fld":"Irradiation","unit":"%","val":"72.40"},{"fld":"U_AC","unit":"V","val":"231.40"},{"fld":"I_AC","unit":"A","val":"2.40"},{"fld":"P_AC","unit":"W","val":"554.90"},{"fld":"Q_AC","unit":"var","val":"0.00"},{"fld":"F_AC","unit":"Hz","val":"50.05"},{"fld":"PF_AC","unit":"","val":"1.00"},{"fld":"Temp","unit":"°C","val":"63.40"},{"fld":"ALARM_MES_ID","unit":"","val":"251.00"},{"fld":"YieldDay","unit":"Wh","val":"1609.00"},{"fld":"YieldTotal","unit":"kWh","val":"1201.19"},{"fld":"P_DC","unit":"W","val":"581.10"},{"fld":"Efficiency","unit":"%","val":"95.49"}]]}