{"inverter":[[{"fld":"U_DC","unit":"V","val":"31.40"},{"fld":"I_DC","unit":"A","val":"1.57"},{"fld":"P_DC","unit":"W","val":"49.40"},{"fld":"YieldDay","unit":"Wh","val":"1397.00"},{"fld":"YieldTotal","unit":"kWh","val":"592.03"},{"fld":"Irradiation","unit":"%","val":"12.35"},{"fld":"U_DC","unit":"V","val":"30.20"},{"fld":"I_DC","unit":"A","val":"4.10"},{"fld":"P_DC","unit":"W","val":"123.80"},{"fld":"YieldDay","unit":"Wh","val":"1606.00"},{"fld":"YieldTotal","unit":"kWh","val":"610.56"},{"fld":"Irradiation","unit":"%","val":"30.95"},{"fld":"U_AC","unit":"V","val":"228.30"},{"fld":"I_AC","unit":"A","val":"0.72"},{"fld":"P_AC","unit":"W","val":"165.40"},{"fld":"Q_AC","unit":"var","val":"0.00"},{"fld":"F_AC","unit":"Hz","val":"49.99"},{"fld":"PF_AC","unit":"","val":"1.00"},{"fld":"Temp","unit":"°C","val":"51.00"},{"fld":"ALARM_MES_ID","unit":"","val":"251.00"},{"fld":"YieldDay","unit":"Wh","val":"3003.00"},{"fld":"YieldTotal","unit":"kWh","val":"1202.59"},{"fld":"P_DC","unit":"W","val":"173.20"},{"fld":"Efficiency","unit":"%","val":"95.50"}]]}