{"inverter":[[{"fld":"U_DC","unit":"V","val":"31.20"},{"fld":"I_DC","unit":"A","val":"1.76"},{"fld":"P_DC","unit":"W","val":"55.10"},{"fld":"YieldDay","unit":"Wh","val":"1363.00"},{"fld":"YieldTotal","unit":"kWh","val":"592.00"},{"fld":"Irradiation","unit":"%","val":"13.77"},{"fld":"U_DC","unit":"V","val":"29.60"},{"fld":"I_DC","unit":"A","val":"5.62"},{"fld":"P_DC","unit":"W","val":"166.30"},{"fld":"YieldDay","unit":"Wh","val":"1512.00"},{"fld":"YieldTotal","unit":"kWh","val":"610.46"},{"fld":"Irradiation","unit":"%","val":"41.58"},{"fld":"U_AC","unit":"V","val":"230.90"},{"fld":"I_AC","unit":"A","val":"0.92"},{"fld":"P_AC","unit":"W","val":"211.40"},{"fld":"Q_AC","unit":"var","val":"0.20"},{"fld":"F_AC","unit":"Hz","val":"50.02"},{"fld":"PF_AC","unit":"","val":"1.00"},{"fld":"Temp","unit":"°C","val":"52.90"},{"fld":"ALARM_MES_ID","unit":"","val":"251.00"},{"fld":"YieldDay","unit":"Wh","val":"2875.00"},{"fld":"YieldTotal","unit":"kWh","val":"1202.46"},{"fld":"P_DC","unit":"W","val":"221.40"},{"fld":"Efficiency","unit":"%","val":"95.48"}]]}