{"inverter":[[{"fld":"U_DC","unit":"V","val":"28.60"},{"fld":"I_DC","unit":"A","val":"10.32"},{"fld":"P_DC","unit":"W","val":"295.00"},{"fld":"YieldDay","unit":"Wh","val":"515.00"},{"fld":"YieldTotal","unit":"kWh","val":"591.15"},{"fld":"Irradiation","unit":"%","val":"73.75"},{"fld":"U_DC","unit":"V","val":"28.80"},{"fld":"I_DC","unit":"A","val":"10.16"},{"fld":"P_DC","unit":"W","val":"292.40"},{"fld":"YieldDay","unit":"Wh","val":"534.00"},{"fld":"YieldTotal","unit":"kWh","val":"609.48"},{"fld":"Irradiation","unit":"%","val":"73.10"},{"fld":"U_AC","unit":"V","val":"233.30"},{"fld":"I_AC","unit":"A","val":"2.41"},{"fld":"P_AC","unit":"W","val":"561.00"},{"fld":"Q_AC","unit":"var","val":"0.00"},{"fld":"F_AC","unit":"Hz","val":"50.02"},{"fld":"PF_AC","unit":"","val":"1.00"},{"fld":"Temp","unit":"°C","val":"60.30"},{"fld":"ALARM_MES_ID","unit":"","val":"251.00"},{"fld":"YieldDay","unit":"Wh","val":"1049.00"},{"fld":"YieldTotal","unit":"kWh","val":"1200.63"},{"fld":"P_DC","unit":"W","val":"587.40"},{"fld":"Efficiency","unit":"%","val":"95.51"}]]}