{"inverter":[[{"fld":"U_DC","unit":"V","val":"28.30"},{"fld":"I_DC","unit":"A","val":"9.14"},{"fld":"P_DC","unit":"W","val":"258.40"},{"fld":"YieldDay","unit":"Wh","val":"1144.00"},{"fld":"YieldTotal","unit":"kWh","val":"591.78"},{"fld":"Irradiation","unit":"%","val":"64.60"},{"fld":"U_DC","unit":"V","val":"28.60"},{"fld":"I_DC","unit":"A","val":"8.92"},{"fld":"P_DC","unit":"W","val":"254.70"},{"fld":"YieldDay","unit":"Wh","val":"1157.00"},{"fld":"YieldTotal","unit":"kWh","val":"610.11"},{"fld":"Irradiation","unit":"%","val":"63.67"},{"fld":"U_AC","unit":"V","val":"234.70"},{"fld":"I_AC","unit":"A","val":"2.09"},{"fld":"P_AC","unit":"W","val":"490.10"},{"fld":"Q_AC","unit":"var","val":"0.00"},{"fld":"F_AC","unit":"Hz","val":"49.99"},{"fld":"PF_AC","unit":"","val":"1.00"},{"fld":"Temp","unit":"°C","val":"64.80"},{"fld":"ALARM_MES_ID","unit":"","val":"251.00"},{"fld":"YieldDay","unit":"Wh","val":"2301.00"},{"fld":"YieldTotal","unit":"kWh","val":"1201.89"},{"fld":"P_DC","unit":"W","val":"513.10"},{"fld":"Efficiency","unit":"%","val":"95.52"}]]}