{"inverter":[[{"fld":"U_DC","unit":"V","val":"31.50"},{"fld":"I_DC","unit":"A","val":"5.47"},{"fld":"P_DC","unit":"W","val":"172.10"},{"fld":"YieldDay","unit":"Wh","val":"179.00"},{"fld":"YieldTotal","unit":"kWh","val":"590.81"},{"fld":"Irradiation","unit":"%","val":"43.03"},{"fld":"U_DC","unit":"V","val":"29.50"},{"fld":"I_DC","unit":"A","val":"9.25"},{"fld":"P_DC","unit":"W","val":"272.60"},{"fld":"YieldDay","unit":"Wh","val":"193.00"},{"fld":"YieldTotal","unit":"kWh","val":"609.14"},{"fld":"Irradiation","unit":"%","val":"68.15"},{"fld":"U_AC","unit":"V","val":"233.60"},{"fld":"I_AC","unit":"A","val":"1.82"},{"fld":"P_AC","unit":"W","val":"424.70"},{"fld":"Q_AC","unit":"var","val":"0.40"},{"fld":"F_AC","unit":"Hz","val":"50.00"},{"fld":"PF_AC","unit":"","val":"1.00"},{"fld":"Temp","unit":"°C","val":"42.30"},{"fld":"ALARM_MES_ID","unit":"","val":"251.00"},{"fld":"YieldDay","unit":"Wh","val":"372.00"},{"fld":"YieldTotal","unit":"kWh","val":"1199.96"},{"fld":"P_DC","unit":"W","val":"444.70"},{"fld":"Efficiency","unit":"%","val":"95.50"}]]}