{"inverter":[[{"fld":"U_DC","unit":"V","val":"28.50"},{"fld":"I_DC","unit":"A","val":"10.33"},{"fld":"P_DC","unit":"W","val":"293.60"},{"fld":"YieldDay","unit":"Wh","val":"529.00"},{"fld":"YieldTotal","unit":"kWh","val":"591.16"},{"fld":"Irradiation","unit":"%","val":"73.40"},{"fld":"U_DC","unit":"V","val":"28.70"},{"fld":"I_DC","unit":"A","val":"10.18"},{"fld":"P_DC","unit":"W","val":"291.70"},{"fld":"YieldDay","unit":"Wh","val":"548.00"},{"fld":"YieldTotal","unit":"kWh","val":"609.50"},{"fld":"Irradiation","unit":"%","val":"72.93"},{"fld":"U_AC","unit":"V","val":"233.40"},{"fld":"I_AC","unit":"A","val":"2.40"},{"fld":"P_AC","unit":"W","val":"559.00"},{"fld":"Q_AC","unit":"var","val":"0.50"},{"fld":"F_AC","unit":"Hz","val":"50.01"},{"fld":"PF_AC","unit":"","val":"1.00"},{"fld":"Temp","unit":"°C","val":"60.80"},{"fld":"ALARM_MES_ID","unit":"","val":"251.00"},{"fld":"YieldDay","unit":"Wh","val":"1077.00"},{"fld":"YieldTotal","unit":"kWh","val":"1200.66"},{"fld":"P_DC","unit":"W","val":"585.30"},{"fld":"Efficiency","unit":"%","val":"95.51"}]]}