{"inverter":[[{"fld":"U_DC","unit":"V","val":"31.40"},{"fld":"I_DC","unit":"A","val":"1.56"},{"fld":"P_DC","unit":"W","val":"48.90"},{"fld":"YieldDay","unit":"Wh","val":"1399.00"},{"fld":"YieldTotal","unit":"kWh","val":"592.03"},{"fld":"Irradiation","unit":"%","val":"12.23"},{"fld":"U_DC","unit":"V","val":"30.20"},{"fld":"I_DC","unit":"A","val":"4.00"},{"fld":"P_DC","unit":"W","val":"120.70"},{"fld":"YieldDay","unit":"Wh","val":"1611.00"},{"fld":"YieldTotal","unit":"kWh","val":"610.56"},{"fld":"Irradiation","unit":"%","val":"30.18"},{"fld":"U_AC","unit":"V","val":"229.40"},{"fld":"I_AC","unit":"A","val":"0.71"},{"fld":"P_AC","unit":"W","val":"162.00"},{"fld":"Q_AC","unit":"var","val":"0.10"},{"fld":"F_AC","unit":"Hz","val":"49.99"},{"fld":"PF_AC","unit":"","val":"1.00"},{"fld":"Temp","unit":"°C","val":"50.80"},{"fld":"ALARM_MES_ID","unit":"","val":"251.00"},{"fld":"YieldDay","unit":"Wh","val":"3010.00"},{"fld":"YieldTotal","unit":"kWh","val":"1202.59"},{"fld":"P_DC","unit":"W","val":"169.60"},{"fld":"Efficiency","unit":"%","val":"95.52"}]]}