{"inverter":[[{"fld":"U_DC","unit":"V","val":"28.60"},{"fld":"I_DC","unit":"A","val":"9.87"},{"fld":"P_DC","unit":"W","val":"282.20"},{"fld":"YieldDay","unit":"Wh","val":"319.00"},{"fld":"YieldTotal","unit":"kWh","val":"590.95"},{"fld":"Irradiation","unit":"%","val":"70.55"},{"fld":"U_DC","unit":"V","val":"29.00"},{"fld":"I_DC","unit":"A","val":"9.71"},{"fld":"P_DC","unit":"W","val":"280.90"},{"fld":"YieldDay","unit":"Wh","val":"339.00"},{"fld":"YieldTotal","unit":"kWh","val":"609.29"},{"fld":"Irradiation","unit":"%","val":"70.22"},{"fld":"U_AC","unit":"V","val":"232.30"},{"fld":"I_AC","unit":"A","val":"2.31"},{"fld":"P_AC","unit":"W","val":"537.80"},{"fld":"Q_AC","unit":"var","val":"0.50"},{"fld":"F_AC","unit":"Hz","val":"50.01"},{"fld":"PF_AC","unit":"","val":"1.00"},{"fld":"Temp","unit":"°C","val":"54.50"},{"fld":"ALARM_MES_ID","unit":"","val":"251.00"},{"fld":"YieldDay","unit":"Wh","val":"658.00"},{"fld":"YieldTotal","unit":"kWh","val":"1200.24"},{"fld":"P_DC","unit":"W","val":"563.10"},{"fld":"Efficiency","unit":"%","val":"95.51"}]]}