{"inverter":[[{"fld":"U_DC","unit":"V","val":"28.80"},{"fld":"I_DC","unit":"A","val":"8.45"},{"fld":"P_DC","unit":"W","val":"243.40"},{"fld":"YieldDay","unit":"Wh","val":"1257.00"},{"fld":"YieldTotal","unit":"kWh","val":"591.89"},{"fld":"Irradiation","unit":"%","val":"60.85"},{"fld":"U_DC","unit":"V","val":"29.10"},{"fld":"I_DC","unit":"A","val":"8.25"},{"fld":"P_DC","unit":"W","val":"240.30"},{"fld":"YieldDay","unit":"Wh","val":"1268.00"},{"fld":"YieldTotal","unit":"kWh","val":"610.22"},{"fld":"Irradiation","unit":"%","val":"60.08"},{"fld":"U_AC","unit":"V","val":"232.80"},{"fld":"I_AC","unit":"A","val":"1.98"},{"fld":"P_AC","unit":"W","val":"461.90"},{"fld":"Q_AC","unit":"var","val":"0.00"},{"fld":"F_AC","unit":"Hz","val":"50.03"},{"fld":"PF_AC","unit":"","val":"1.00"},{"fld":"Temp","unit":"°C","val":"64.00"},{"fld":"ALARM_MES_ID","unit":"","val":"251.00"},{"fld":"YieldDay","unit":"Wh","val":"2525.00"},{"fld":"YieldTotal","unit":"kWh","val":"1202.11"},{"fld":"P_DC","unit":"W","val":"483.70"},{"fld":"Efficiency","unit":"%","val":"95.49"}]]}