{"inverter":[[{"fld":"U_DC","unit":"V","val":"31.70"},{"fld":"I_DC","unit":"A","val":"1.86"},{"fld":"P_DC","unit":"W","val":"58.90"},{"fld":"YieldDay","unit":"Wh","val":"1344.00"},{"fld":"YieldTotal","unit":"kWh","val":"591.98"},{"fld":"Irradiation","unit":"%","val":"14.72"},{"fld":"U_DC","unit":"V","val":"30.40"},{"fld":"I_DC","unit":"A","val":"6.24"},{"fld":"P_DC","unit":"W","val":"189.80"},{"fld":"YieldDay","unit":"Wh","val":"1452.00"},{"fld":"YieldTotal","unit":"kWh","val":"610.40"},{"fld":"Irradiation","unit":"%","val":"47.45"},{"fld":"U_AC","unit":"V","val":"230.50"},{"fld":"I_AC","unit":"A","val":"1.03"},{"fld":"P_AC","unit":"W","val":"237.50"},{"fld":"Q_AC","unit":"var","val":"0.00"},{"fld":"F_AC","unit":"Hz","val":"50.00"},{"fld":"PF_AC","unit":"","val":"1.00"},{"fld":"Temp","unit":"°C","val":"52.70"},{"fld":"ALARM_MES_ID","unit":"","val":"251.00"},{"fld":"YieldDay","unit":"Wh","val":"2796.00"},{"fld":"YieldTotal","unit":"kWh","val":"1202.38"},{"fld":"P_DC","unit":"W","val":"248.70"},{"fld":"Efficiency","unit":"%","val":"95.50"}]]}