{"inverter":[[{"fld":"U_DC","unit":"V","val":"28.20"},{"fld":"I_DC","unit":"A","val":"10.01"},{"fld":"P_DC","unit":"W","val":"281.80"},{"fld":"YieldDay","unit":"Wh","val":"975.00"},{"fld":"YieldTotal","unit":"kWh","val":"591.61"},{"fld":"Irradiation","unit":"%","val":"70.45"},{"fld":"U_DC","unit":"V","val":"28.40"},{"fld":"I_DC","unit":"A","val":"9.78"},{"fld":"P_DC","unit":"W","val":"277.30"},{"fld":"YieldDay","unit":"Wh","val":"990.00"},{"fld":"YieldTotal","unit":"kWh","val":"609.94"},{"fld":"Irradiation","unit":"%","val":"69.32"},{"fld":"U_AC","unit":"V","val":"234.70"},{"fld":"I_AC","unit":"A","val":"2.27"},{"fld":"P_AC","unit":"W","val":"533.90"},{"fld":"Q_AC","unit":"var","val":"0.00"},{"fld":"F_AC","unit":"Hz","val":"50.01"},{"fld":"PF_AC","unit":"","val":"1.00"},{"fld":"Temp","unit":"°C","val":"65.80"},{"fld":"ALARM_MES_ID","unit":"","val":"251.00"},{"fld":"YieldDay","unit":"Wh","val":"1965.00"},{"fld":"YieldTotal","unit":"kWh","val":"1201.55"},{"fld":"P_DC","unit":"W","val":"559.10"},{"fld":"Efficiency","unit":"%","val":"95.49"}]]}