{"inverter":[[{"fld":"U_DC","unit":"V","val":"28.50"},{"fld":"I_DC","unit":"A","val":"10.35"},{"fld":"P_DC","unit":"W","val":"294.60"},{"fld":"YieldDay","unit":"Wh","val":"525.00"},{"fld":"YieldTotal","unit":"kWh","val":"591.16"},{"fld":"Irradiation","unit":"%","val":"73.65"},{"fld":"U_DC","unit":"V","val":"28.70"},{"fld":"I_DC","unit":"A","val":"10.18"},{"fld":"P_DC","unit":"W","val":"292.20"},{"fld":"YieldDay","unit":"Wh","val":"543.00"},{"fld":"YieldTotal","unit":"kWh","val":"609.49"},{"fld":"Irradiation","unit":"%","val":"73.05"},{"fld":"U_AC","unit":"V","val":"233.40"},{"fld":"I_AC","unit":"A","val":"2.40"},{"fld":"P_AC","unit":"W","val":"560.30"},{"fld":"Q_AC","unit":"var","val":"0.00"},{"fld":"F_AC","unit":"Hz","val":"50.01"},{"fld":"PF_AC","unit":"","val":"1.00"},{"fld":"Temp","unit":"°C","val":"60.50"},{"fld":"ALARM_MES_ID","unit":"","val":"251.00"},{"fld":"YieldDay","unit":"Wh","val":"1068.00"},{"fld":"YieldTotal","unit":"kWh","val":"1200.65"},{"fld":"P_DC","unit":"W","val":"586.80"},{"fld":"Efficiency","unit":"%","val":"95.48"}]]}