{"inverter":[[{"fld":"U_DC","unit":"V","val":"28.20"},{"fld":"I_DC","unit":"A","val":"10.36"},{"fld":"P_DC","unit":"W","val":"292.20"},{"fld":"YieldDay","unit":"Wh","val":"548.00"},{"fld":"YieldTotal","unit":"kWh","val":"591.18"},{"fld":"Irradiation","unit":"%","val":"73.05"},{"fld":"U_DC","unit":"V","val":"28.50"},{"fld":"I_DC","unit":"A","val":"10.22"},{"fld":"P_DC","unit":"W","val":"290.70"},{"fld":"YieldDay","unit":"Wh","val":"566.00"},{"fld":"YieldTotal","unit":"kWh","val":"609.52"},{"fld":"Irradiation","unit":"%","val":"72.68"},{"fld":"U_AC","unit":"V","val":"234.60"},{"fld":"I_AC","unit":"A","val":"2.37"},{"fld":"P_AC","unit":"W","val":"556.70"},{"fld":"Q_AC","unit":"var","val":"0.00"},{"fld":"F_AC","unit":"Hz","val":"50.01"},{"fld":"PF_AC","unit":"","val":"1.00"},{"fld":"Temp","unit":"°C","val":"61.40"},{"fld":"ALARM_MES_ID","unit":"","val":"251.00"},{"fld":"YieldDay","unit":"Wh","val":"1114.00"},{"fld":"YieldTotal","unit":"kWh","val":"1200.70"},{"fld":"P_DC","unit":"W","val":"582.90"},{"fld":"Efficiency","unit":"%","val":"95.51"}]]}