{"inverter":[[{"fld":"U_DC","unit":"V","val":"28.40"},{"fld":"I_DC","unit":"A","val":"10.30"},{"fld":"P_DC","unit":"W","val":"292.30"},{"fld":"YieldDay","unit":"Wh","val":"865.00"},{"fld":"YieldTotal","unit":"kWh","val":"591.50"},{"fld":"Irradiation","unit":"%","val":"73.07"},{"fld":"U_DC","unit":"V","val":"28.60"},{"fld":"I_DC","unit":"A","val":"10.10"},{"fld":"P_DC","unit":"W","val":"288.60"},{"fld":"YieldDay","unit":"Wh","val":"882.00"},{"fld":"YieldTotal","unit":"kWh","val":"609.83"},{"fld":"Irradiation","unit":"%","val":"72.15"},{"fld":"U_AC","unit":"V","val":"232.90"},{"fld":"I_AC","unit":"A","val":"2.38"},{"fld":"P_AC","unit":"W","val":"554.80"},{"fld":"Q_AC","unit":"var","val":"0.50"},{"fld":"F_AC","unit":"Hz","val":"49.99"},{"fld":"PF_AC","unit":"","val":"1.00"},{"fld":"Temp","unit":"°C","val":"64.10"},{"fld":"ALARM_MES_ID","unit":"","val":"251.00"},{"fld":"YieldDay","unit":"Wh","val":"1747.00"},{"fld":"YieldTotal","unit":"kWh","val":"1201.33"},{"fld":"P_DC","unit":"W","val":"580.90"},{"fld":"Efficiency","unit":"%","val":"95.51"}]]}