{"inverter":[[{"fld":"U_DC","unit":"V","val":"28.40"},{"fld":"I_DC","unit":"A","val":"9.98"},{"fld":"P_DC","unit":"W","val":"282.60"},{"fld":"YieldDay","unit":"Wh","val":"979.00"},{"fld":"YieldTotal","unit":"kWh","val":"591.61"},{"fld":"Irradiation","unit":"%","val":"70.65"},{"fld":"U_DC","unit":"V","val":"28.50"},{"fld":"I_DC","unit":"A","val":"9.77"},{"fld":"P_DC","unit":"W","val":"278.20"},{"fld":"YieldDay","unit":"Wh","val":"994.00"},{"fld":"YieldTotal","unit":"kWh","val":"609.94"},{"fld":"Irradiation","unit":"%","val":"69.55"},{"fld":"U_AC","unit":"V","val":"234.70"},{"fld":"I_AC","unit":"A","val":"2.28"},{"fld":"P_AC","unit":"W","val":"535.50"},{"fld":"Q_AC","unit":"var","val":"0.00"},{"fld":"F_AC","unit":"Hz","val":"50.03"},{"fld":"PF_AC","unit":"","val":"1.00"},{"fld":"Temp","unit":"°C","val":"65.50"},{"fld":"ALARM_MES_ID","unit":"","val":"251.00"},{"fld":"YieldDay","unit":"Wh","val":"1973.00"},{"fld":"YieldTotal","unit":"kWh","val":"1201.56"},{"fld":"P_DC","unit":"W","val":"560.80"},{"fld":"Efficiency","unit":"%","val":"95.49"}]]}