{"inverter":[[{"fld":"U_DC","unit":"V","val":"28.30"},{"fld":"I_DC","unit":"A","val":"10.35"},{"fld":"P_DC","unit":"W","val":"292.10"},{"fld":"YieldDay","unit":"Wh","val":"745.00"},{"fld":"YieldTotal","unit":"kWh","val":"591.38"},{"fld":"Irradiation","unit":"%","val":"73.03"},{"fld":"U_DC","unit":"V","val":"28.50"},{"fld":"I_DC","unit":"A","val":"10.18"},{"fld":"P_DC","unit":"W","val":"289.60"},{"fld":"YieldDay","unit":"Wh","val":"762.00"},{"fld":"YieldTotal","unit":"kWh","val":"609.71"},{"fld":"Irradiation","unit":"%","val":"72.40"},{"fld":"U_AC","unit":"V","val":"232.10"},{"fld":"I_AC","unit":"A","val":"2.39"},{"fld":"P_AC","unit":"W","val":"555.50"},{"fld":"Q_AC","unit":"var","val":"0.00"},{"fld":"F_AC","unit":"Hz","val":"50.01"},{"fld":"PF_AC","unit":"","val":"1.00"},{"fld":"Temp","unit":"°C","val":"62.90"},{"fld":"ALARM_MES_ID","unit":"","val":"251.00"},{"fld":"YieldDay","unit":"Wh","val":"1507.00"},{"fld":"YieldTotal","unit":"kWh","val":"1201.09"},{"fld":"P_DC","unit":"W","val":"581.70"},{"fld":"Efficiency","unit":"%","val":"95.50"}]]}