{"inverter":[[{"fld":"U_DC","unit":"V","val":"28.20"},{"fld":"I_DC","unit":"A","val":"9.08"},{"fld":"P_DC","unit":"W","val":"255.60"},{"fld":"YieldDay","unit":"Wh","val":"1161.00"},{"fld":"YieldTotal","unit":"kWh","val":"591.80"},{"fld":"Irradiation","unit":"%","val":"63.90"},{"fld":"U_DC","unit":"V","val":"28.60"},{"fld":"I_DC","unit":"A","val":"8.84"},{"fld":"P_DC","unit":"W","val":"252.10"},{"fld":"YieldDay","unit":"Wh","val":"1173.00"},{"fld":"YieldTotal","unit":"kWh","val":"610.12"},{"fld":"Irradiation","unit":"%","val":"63.03"},{"fld":"U_AC","unit":"V","val":"234.60"},{"fld":"I_AC","unit":"A","val":"2.06"},{"fld":"P_AC","unit":"W","val":"484.90"},{"fld":"Q_AC","unit":"var","val":"0.40"},{"fld":"F_AC","unit":"Hz","val":"50.01"},{"fld":"PF_AC","unit":"","val":"1.00"},{"fld":"Temp","unit":"°C","val":"65.40"},{"fld":"ALARM_MES_ID","unit":"","val":"251.00"},{"fld":"YieldDay","unit":"Wh","val":"2334.00"},{"fld":"YieldTotal","unit":"kWh","val":"1201.92"},{"fld":"P_DC","unit":"W","val":"507.70"},{"fld":"Efficiency","unit":"%","val":"95.51"}]]}