{"inverter":[[{"fld":"U_DC","unit":"V","val":"31.60"},{"fld":"I_DC","unit":"A","val":"1.97"},{"fld":"P_DC","unit":"W","val":"62.20"},{"fld":"YieldDay","unit":"Wh","val":"1335.00"},{"fld":"YieldTotal","unit":"kWh","val":"591.97"},{"fld":"Irradiation","unit":"%","val":"15.55"},{"fld":"U_DC","unit":"V","val":"29.80"},{"fld":"I_DC","unit":"A","val":"6.75"},{"fld":"P_DC","unit":"W","val":"200.80"},{"fld":"YieldDay","unit":"Wh","val":"1431.00"},{"fld":"YieldTotal","unit":"kWh","val":"610.38"},{"fld":"Irradiation","unit":"%","val":"50.20"},{"fld":"U_AC","unit":"V","val":"231.80"},{"fld":"I_AC","unit":"A","val":"1.08"},{"fld":"P_AC","unit":"W","val":"251.20"},{"fld":"Q_AC","unit":"var","val":"0.20"},{"fld":"F_AC","unit":"Hz","val":"49.97"},{"fld":"PF_AC","unit":"","val":"1.00"},{"fld":"Temp","unit":"°C","val":"56.40"},{"fld":"ALARM_MES_ID","unit":"","val":"251.00"},{"fld":"YieldDay","unit":"Wh","val":"2766.00"},{"fld":"YieldTotal","unit":"kWh","val":"1202.35"},{"fld":"P_DC","unit":"W","val":"263.00"},{"fld":"Efficiency","unit":"%","val":"95.51"}]]}