{"inverter":[[{"fld":"U_DC","unit":"V","val":"28.30"},{"fld":"I_DC","unit":"A","val":"10.20"},{"fld":"P_DC","unit":"W","val":"288.00"},{"fld":"YieldDay","unit":"Wh","val":"893.00"},{"fld":"YieldTotal","unit":"kWh","val":"591.53"},{"fld":"Irradiation","unit":"%","val":"72.00"},{"fld":"U_DC","unit":"V","val":"28.50"},{"fld":"I_DC","unit":"A","val":"9.99"},{"fld":"P_DC","unit":"W","val":"284.10"},{"fld":"YieldDay","unit":"Wh","val":"909.00"},{"fld":"YieldTotal","unit":"kWh","val":"609.86"},{"fld":"Irradiation","unit":"%","val":"71.03"},{"fld":"U_AC","unit":"V","val":"233.40"},{"fld":"I_AC","unit":"A","val":"2.34"},{"fld":"P_AC","unit":"W","val":"546.30"},{"fld":"Q_AC","unit":"var","val":"0.00"},{"fld":"F_AC","unit":"Hz","val":"50.01"},{"fld":"PF_AC","unit":"","val":"1.00"},{"fld":"Temp","unit":"°C","val":"64.40"},{"fld":"ALARM_MES_ID","unit":"","val":"251.00"},{"fld":"YieldDay","unit":"Wh","val":"1802.00"},{"fld":"YieldTotal","unit":"kWh","val":"1201.39"},{"fld":"P_DC","unit":"W","val":"572.10"},{"fld":"Efficiency","unit":"%","val":"95.49"}]]}