{"inverter":[[{"fld":"U_DC","unit":"V","val":"30.40"},{"fld":"I_DC","unit":"A","val":"5.28"},{"fld":"P_DC","unit":"W","val":"160.20"},{"fld":"YieldDay","unit":"Wh","val":"158.00"},{"fld":"YieldTotal","unit":"kWh","val":"590.79"},{"fld":"Irradiation","unit":"%","val":"40.05"},{"fld":"U_DC","unit":"V","val":"32.00"},{"fld":"I_DC","unit":"A","val":"5.31"},{"fld":"P_DC","unit":"W","val":"170.00"},{"fld":"YieldDay","unit":"Wh","val":"167.00"},{"fld":"YieldTotal","unit":"kWh","val":"609.12"},{"fld":"Irradiation","unit":"%","val":"42.50"},{"fld":"U_AC","unit":"V","val":"230.90"},{"fld":"I_AC","unit":"A","val":"1.37"},{"fld":"P_AC","unit":"W","val":"315.30"},{"fld":"Q_AC","unit":"var","val":"0.00"},{"fld":"F_AC","unit":"Hz","val":"50.02"},{"fld":"PF_AC","unit":"","val":"1.00"},{"fld":"Temp","unit":"°C","val":"40.50"},{"fld":"ALARM_MES_ID","unit":"","val":"251.00"},{"fld":"YieldDay","unit":"Wh","val":"325.00"},{"fld":"YieldTotal","unit":"kWh","val":"1199.91"},{"fld":"P_DC","unit":"W","val":"330.20"},{"fld":"Efficiency","unit":"%","val":"95.49"}]]}