{"inverter":[[{"fld":"U_DC","unit":"V","val":"28.80"},{"fld":"I_DC","unit":"A","val":"9.69"},{"fld":"P_DC","unit":"W","val":"279.10"},{"fld":"YieldDay","unit":"Wh","val":"261.00"},{"fld":"YieldTotal","unit":"kWh","val":"590.90"},{"fld":"Irradiation","unit":"%","val":"69.78"},{"fld":"U_DC","unit":"V","val":"29.10"},{"fld":"I_DC","unit":"A","val":"9.53"},{"fld":"P_DC","unit":"W","val":"277.20"},{"fld":"YieldDay","unit":"Wh","val":"281.00"},{"fld":"YieldTotal","unit":"kWh","val":"609.23"},{"fld":"Irradiation","unit":"%","val":"69.30"},{"fld":"U_AC","unit":"V","val":"231.00"},{"fld":"I_AC","unit":"A","val":"2.30"},{"fld":"P_AC","unit":"W","val":"531.30"},{"fld":"Q_AC","unit":"var","val":"0.50"},{"fld":"F_AC","unit":"Hz","val":"50.01"},{"fld":"PF_AC","unit":"","val":"1.00"},{"fld":"Temp","unit":"°C","val":"50.10"},{"fld":"ALARM_MES_ID","unit":"","val":"251.00"},{"fld":"YieldDay","unit":"Wh","val":"542.00"},{"fld":"YieldTotal","unit":"kWh","val":"1200.13"},{"fld":"P_DC","unit":"W","val":"556.30"},{"fld":"Efficiency","unit":"%","val":"95.51"}]]}