{"inverter":[[{"fld":"U_DC","unit":"V","val":"31.20"},{"fld":"I_DC","unit":"A","val":"1.55"},{"fld":"P_DC","unit":"W","val":"48.50"},{"fld":"YieldDay","unit":"Wh","val":"1377.00"},{"fld":"YieldTotal","unit":"kWh","val":"592.01"},{"fld":"Irradiation","unit":"%","val":"12.13"},{"fld":"U_DC","unit":"V","val":"30.20"},{"fld":"I_DC","unit":"A","val":"4.44"},{"fld":"P_DC","unit":"W","val":"134.20"},{"fld":"YieldDay","unit":"Wh","val":"1552.00"},{"fld":"YieldTotal","unit":"kWh","val":"610.50"},{"fld":"Irradiation","unit":"%","val":"33.55"},{"fld":"U_AC","unit":"V","val":"229.60"},{"fld":"I_AC","unit":"A","val":"0.76"},{"fld":"P_AC","unit":"W","val":"174.50"},{"fld":"Q_AC","unit":"var","val":"0.00"},{"fld":"F_AC","unit":"Hz","val":"50.04"},{"fld":"PF_AC","unit":"","val":"1.00"},{"fld":"Temp","unit":"°C","val":"51.30"},{"fld":"ALARM_MES_ID","unit":"","val":"251.00"},{"fld":"YieldDay","unit":"Wh","val":"2929.00"},{"fld":"YieldTotal","unit":"kWh","val":"1202.51"},{"fld":"P_DC","unit":"W","val":"182.70"},{"fld":"Efficiency","unit":"%","val":"95.51"}]]}