{"inverter":[[{"fld":"U_DC","unit":"V","val":"31.30"},{"fld":"I_DC","unit":"A","val":"1.67"},{"fld":"P_DC","unit":"W","val":"52.40"},{"fld":"YieldDay","unit":"Wh","val":"1380.00"},{"fld":"YieldTotal","unit":"kWh","val":"592.02"},{"fld":"Irradiation","unit":"%","val":"13.10"},{"fld":"U_DC","unit":"V","val":"30.10"},{"fld":"I_DC","unit":"A","val":"4.79"},{"fld":"P_DC","unit":"W","val":"144.20"},{"fld":"YieldDay","unit":"Wh","val":"1561.00"},{"fld":"YieldTotal","unit":"kWh","val":"610.51"},{"fld":"Irradiation","unit":"%","val":"36.05"},{"fld":"U_AC","unit":"V","val":"229.80"},{"fld":"I_AC","unit":"A","val":"0.82"},{"fld":"P_AC","unit":"W","val":"187.70"},{"fld":"Q_AC","unit":"var","val":"0.00"},{"fld":"F_AC","unit":"Hz","val":"50.00"},{"fld":"PF_AC","unit":"","val":"1.00"},{"fld":"Temp","unit":"°C","val":"51.30"},{"fld":"ALARM_MES_ID","unit":"","val":"251.00"},{"fld":"YieldDay","unit":"Wh","val":"2941.00"},{"fld":"YieldTotal","unit":"kWh","val":"1202.53"},{"fld":"P_DC","unit":"W","val":"196.60"},{"fld":"Efficiency","unit":"%","val":"95.47"}]]}