{"inverter":[[{"fld":"U_DC","unit":"V","val":"33.60"},{"fld":"I_DC","unit":"A","val":"1.43"},{"fld":"P_DC","unit":"W","val":"48.00"},{"fld":"YieldDay","unit":"Wh","val":"132.00"},{"fld":"YieldTotal","unit":"kWh","val":"590.77"},{"fld":"Irradiation","unit":"%","val":"12.00"},{"fld":"U_DC","unit":"V","val":"31.70"},{"fld":"I_DC","unit":"A","val":"4.36"},{"fld":"P_DC","unit":"W","val":"138.40"},{"fld":"YieldDay","unit":"Wh","val":"137.00"},{"fld":"YieldTotal","unit":"kWh","val":"609.09"},{"fld":"Irradiation","unit":"%","val":"34.60"},{"fld":"U_AC","unit":"V","val":"232.00"},{"fld":"I_AC","unit":"A","val":"0.77"},{"fld":"P_AC","unit":"W","val":"178.10"},{"fld":"Q_AC","unit":"var","val":"0.20"},{"fld":"F_AC","unit":"Hz","val":"50.04"},{"fld":"PF_AC","unit":"","val":"1.00"},{"fld":"Temp","unit":"°C","val":"38.30"},{"fld":"ALARM_MES_ID","unit":"","val":"251.00"},{"fld":"YieldDay","unit":"Wh","val":"269.00"},{"fld":"YieldTotal","unit":"kWh","val":"1199.85"},{"fld":"P_DC","unit":"W","val":"186.40"},{"fld":"Efficiency","unit":"%","val":"95.55"}]]}