{"inverter":[[{"fld":"U_DC","unit":"V","val":"27.50"},{"fld":"I_DC","unit":"A","val":"0.02"},{"fld":"P_DC","unit":"W","val":"0.40"},{"fld":"YieldDay","unit":"Wh","val":"620.00"},{"fld":"YieldTotal","unit":"kWh","val":"598.02"},{"fld":"Irradiation","unit":"%","val":"0.10"},{"fld":"U_DC","unit":"V","val":"27.50"},{"fld":"I_DC","unit":"A","val":"0.02"},{"fld":"P_DC","unit":"W","val":"0.40"},{"fld":"YieldDay","unit":"Wh","val":"642.00"},{"fld":"YieldTotal","unit":"kWh","val":"617.30"},{"fld":"Irradiation","unit":"%","val":"0.10"},{"fld":"U_AC","unit":"V","val":"230.80"},{"fld":"I_AC","unit":"A","val":"0.00"},{"fld":"P_AC","unit":"W","val":"0.00"},{"fld":"Q_AC","unit":"var","val":"0.00"},{"fld":"F_AC","unit":"Hz","val":"50.03"},{"fld":"PF_AC","unit":"","val":"0.00"},{"fld":"Temp","unit":"°C","val":"18.10"},{"fld":"ALARM_MES_ID","unit":"","val":"256.00"},{"fld":"YieldDay","unit":"Wh","val":"1262.00"},{"fld":"YieldTotal","unit":"kWh","val":"1215.32"},{"fld":"P_DC","unit":"W","val":"0.80"},{"fld":"Efficiency","unit":"%","val":"0.00"}]]}