{"inverter":[[{"fld":"U_DC","unit":"V","val":"31.40"},{"fld":"I_DC","unit":"A","val":"1.83"},{"fld":"P_DC","unit":"W","val":"57.60"},{"fld":"YieldDay","unit":"Wh","val":"1351.00"},{"fld":"YieldTotal","unit":"kWh","val":"591.99"},{"fld":"Irradiation","unit":"%","val":"14.40"},{"fld":"U_DC","unit":"V","val":"29.90"},{"fld":"I_DC","unit":"A","val":"6.04"},{"fld":"P_DC","unit":"W","val":"181.00"},{"fld":"YieldDay","unit":"Wh","val":"1476.00"},{"fld":"YieldTotal","unit":"kWh","val":"610.43"},{"fld":"Irradiation","unit":"%","val":"45.25"},{"fld":"U_AC","unit":"V","val":"229.60"},{"fld":"I_AC","unit":"A","val":"0.99"},{"fld":"P_AC","unit":"W","val":"227.80"},{"fld":"Q_AC","unit":"var","val":"0.20"},{"fld":"F_AC","unit":"Hz","val":"50.08"},{"fld":"PF_AC","unit":"","val":"1.00"},{"fld":"Temp","unit":"°C","val":"52.50"},{"fld":"ALARM_MES_ID","unit":"","val":"251.00"},{"fld":"YieldDay","unit":"Wh","val":"2827.00"},{"fld":"YieldTotal","unit":"kWh","val":"1202.41"},{"fld":"P_DC","unit":"W","val":"238.60"},{"fld":"Efficiency","unit":"%","val":"95.47"}]]}