{"inverter":[[{"fld":"U_DC","unit":"V","val":"29.00"},{"fld":"I_DC","unit":"A","val":"9.56"},{"fld":"P_DC","unit":"W","val":"276.70"},{"fld":"YieldDay","unit":"Wh","val":"243.00"},{"fld":"YieldTotal","unit":"kWh","val":"590.88"},{"fld":"Irradiation","unit":"%","val":"69.18"},{"fld":"U_DC","unit":"V","val":"29.20"},{"fld":"I_DC","unit":"A","val":"9.42"},{"fld":"P_DC","unit":"W","val":"275.20"},{"fld":"YieldDay","unit":"Wh","val":"263.00"},{"fld":"YieldTotal","unit":"kWh","val":"609.21"},{"fld":"Irradiation","unit":"%","val":"68.80"},{"fld":"U_AC","unit":"V","val":"230.40"},{"fld":"I_AC","unit":"A","val":"2.29"},{"fld":"P_AC","unit":"W","val":"527.10"},{"fld":"Q_AC","unit":"var","val":"0.40"},{"fld":"F_AC","unit":"Hz","val":"50.02"},{"fld":"PF_AC","unit":"","val":"1.00"},{"fld":"Temp","unit":"°C","val":"48.60"},{"fld":"ALARM_MES_ID","unit":"","val":"251.00"},{"fld":"YieldDay","unit":"Wh","val":"506.00"},{"fld":"YieldTotal","unit":"kWh","val":"1200.09"},{"fld":"P_DC","unit":"W","val":"551.90"},{"fld":"Efficiency","unit":"%","val":"95.51"}]]}