{"inverter":[[{"fld":"U_DC","unit":"V","val":"33.60"},{"fld":"I_DC","unit":"A","val":"1.01"},{"fld":"P_DC","unit":"W","val":"33.90"},{"fld":"YieldDay","unit":"Wh","val":"131.00"},{"fld":"YieldTotal","unit":"kWh","val":"590.77"},{"fld":"Irradiation","unit":"%","val":"8.48"},{"fld":"U_DC","unit":"V","val":"33.30"},{"fld":"I_DC","unit":"A","val":"3.01"},{"fld":"P_DC","unit":"W","val":"100.10"},{"fld":"YieldDay","unit":"Wh","val":"135.00"},{"fld":"YieldTotal","unit":"kWh","val":"609.09"},{"fld":"Irradiation","unit":"%","val":"25.02"},{"fld":"U_AC","unit":"V","val":"231.80"},{"fld":"I_AC","unit":"A","val":"0.55"},{"fld":"P_AC","unit":"W","val":"128.00"},{"fld":"Q_AC","unit":"var","val":"0.10"},{"fld":"F_AC","unit":"Hz","val":"50.03"},{"fld":"PF_AC","unit":"","val":"1.00"},{"fld":"Temp","unit":"°C","val":"38.20"},{"fld":"ALARM_MES_ID","unit":"","val":"251.00"},{"fld":"YieldDay","unit":"Wh","val":"266.00"},{"fld":"YieldTotal","unit":"kWh","val":"1199.85"},{"fld":"P_DC","unit":"W","val":"134.00"},{"fld":"Efficiency","unit":"%","val":"95.52"}]]}