{"inverter":[[{"fld":"U_DC","unit":"V","val":"31.20"},{"fld":"I_DC","unit":"A","val":"1.82"},{"fld":"P_DC","unit":"W","val":"56.90"},{"fld":"YieldDay","unit":"Wh","val":"1357.00"},{"fld":"YieldTotal","unit":"kWh","val":"591.99"},{"fld":"Irradiation","unit":"%","val":"14.23"},{"fld":"U_DC","unit":"V","val":"29.60"},{"fld":"I_DC","unit":"A","val":"5.94"},{"fld":"P_DC","unit":"W","val":"175.80"},{"fld":"YieldDay","unit":"Wh","val":"1493.00"},{"fld":"YieldTotal","unit":"kWh","val":"610.44"},{"fld":"Irradiation","unit":"%","val":"43.95"},{"fld":"U_AC","unit":"V","val":"231.80"},{"fld":"I_AC","unit":"A","val":"0.96"},{"fld":"P_AC","unit":"W","val":"222.20"},{"fld":"Q_AC","unit":"var","val":"0.10"},{"fld":"F_AC","unit":"Hz","val":"50.07"},{"fld":"PF_AC","unit":"","val":"1.00"},{"fld":"Temp","unit":"°C","val":"52.80"},{"fld":"ALARM_MES_ID","unit":"","val":"251.00"},{"fld":"YieldDay","unit":"Wh","val":"2850.00"},{"fld":"YieldTotal","unit":"kWh","val":"1202.44"},{"fld":"P_DC","unit":"W","val":"232.70"},{"fld":"Efficiency","unit":"%","val":"95.49"}]]}