{"inverter":[[{"fld":"U_DC","unit":"V","val":"29.00"},{"fld":"I_DC","unit":"A","val":"9.57"},{"fld":"P_DC","unit":"W","val":"277.50"},{"fld":"YieldDay","unit":"Wh","val":"234.00"},{"fld":"YieldTotal","unit":"kWh","val":"590.87"},{"fld":"Irradiation","unit":"%","val":"69.38"},{"fld":"U_DC","unit":"V","val":"29.30"},{"fld":"I_DC","unit":"A","val":"9.42"},{"fld":"P_DC","unit":"W","val":"276.10"},{"fld":"YieldDay","unit":"Wh","val":"255.00"},{"fld":"YieldTotal","unit":"kWh","val":"609.21"},{"fld":"Irradiation","unit":"%","val":"69.03"},{"fld":"U_AC","unit":"V","val":"231.00"},{"fld":"I_AC","unit":"A","val":"2.29"},{"fld":"P_AC","unit":"W","val":"528.70"},{"fld":"Q_AC","unit":"var","val":"0.50"},{"fld":"F_AC","unit":"Hz","val":"50.02"},{"fld":"PF_AC","unit":"","val":"1.00"},{"fld":"Temp","unit":"°C","val":"47.90"},{"fld":"ALARM_MES_ID","unit":"","val":"251.00"},{"fld":"YieldDay","unit":"Wh","val":"489.00"},{"fld":"YieldTotal","unit":"kWh","val":"1200.07"},{"fld":"P_DC","unit":"W","val":"553.60"},{"fld":"Efficiency","unit":"%","val":"95.50"}]]}