{"inverter":[[{"fld":"U_DC","unit":"V","val":"28.70"},{"fld":"I_DC","unit":"A","val":"9.82"},{"fld":"P_DC","unit":"W","val":"281.50"},{"fld":"YieldDay","unit":"Wh","val":"305.00"},{"fld":"YieldTotal","unit":"kWh","val":"590.94"},{"fld":"Irradiation","unit":"%","val":"70.38"},{"fld":"U_DC","unit":"V","val":"29.00"},{"fld":"I_DC","unit":"A","val":"9.68"},{"fld":"P_DC","unit":"W","val":"280.50"},{"fld":"YieldDay","unit":"Wh","val":"325.00"},{"fld":"YieldTotal","unit":"kWh","val":"609.28"},{"fld":"Irradiation","unit":"%","val":"70.13"},{"fld":"U_AC","unit":"V","val":"232.80"},{"fld":"I_AC","unit":"A","val":"2.31"},{"fld":"P_AC","unit":"W","val":"536.70"},{"fld":"Q_AC","unit":"var","val":"0.50"},{"fld":"F_AC","unit":"Hz","val":"50.01"},{"fld":"PF_AC","unit":"","val":"1.00"},{"fld":"Temp","unit":"°C","val":"53.60"},{"fld":"ALARM_MES_ID","unit":"","val":"251.00"},{"fld":"YieldDay","unit":"Wh","val":"630.00"},{"fld":"YieldTotal","unit":"kWh","val":"1200.22"},{"fld":"P_DC","unit":"W","val":"562.00"},{"fld":"Efficiency","unit":"%","val":"95.50"}]]}