{"inverter":[[{"fld":"U_DC","unit":"V","val":"30.10"},{"fld":"I_DC","unit":"A","val":"0.88"},{"fld":"P_DC","unit":"W","val":"26.40"},{"fld":"YieldDay","unit":"Wh","val":"118.00"},{"fld":"YieldTotal","unit":"kWh","val":"590.75"},{"fld":"Irradiation","unit":"%","val":"6.60"},{"fld":"U_DC","unit":"V","val":"30.40"},{"fld":"I_DC","unit":"A","val":"0.88"},{"fld":"P_DC","unit":"W","val":"26.80"},{"fld":"YieldDay","unit":"Wh","val":"121.00"},{"fld":"YieldTotal","unit":"kWh","val":"609.07"},{"fld":"Irradiation","unit":"%","val":"6.70"},{"fld":"U_AC","unit":"V","val":"229.40"},{"fld":"I_AC","unit":"A","val":"0.22"},{"fld":"P_AC","unit":"W","val":"50.80"},{"fld":"Q_AC","unit":"var","val":"0.00"},{"fld":"F_AC","unit":"Hz","val":"50.02"},{"fld":"PF_AC","unit":"","val":"1.00"},{"fld":"Temp","unit":"°C","val":"36.90"},{"fld":"ALARM_MES_ID","unit":"","val":"251.00"},{"fld":"YieldDay","unit":"Wh","val":"239.00"},{"fld":"YieldTotal","unit":"kWh","val":"1199.82"},{"fld":"P_DC","unit":"W","val":"53.20"},{"fld":"Efficiency","unit":"%","val":"95.49"}]]}