{"inverter":[[{"fld":"U_DC","unit":"V","val":"29.00"},{"fld":"I_DC","unit":"A","val":"8.37"},{"fld":"P_DC","unit":"W","val":"242.10"},{"fld":"YieldDay","unit":"Wh","val":"1265.00"},{"fld":"YieldTotal","unit":"kWh","val":"591.90"},{"fld":"Irradiation","unit":"%","val":"60.53"},{"fld":"U_DC","unit":"V","val":"29.30"},{"fld":"I_DC","unit":"A","val":"8.18"},{"fld":"P_DC","unit":"W","val":"239.50"},{"fld":"YieldDay","unit":"Wh","val":"1276.00"},{"fld":"YieldTotal","unit":"kWh","val":"610.23"},{"fld":"Irradiation","unit":"%","val":"59.88"},{"fld":"U_AC","unit":"V","val":"231.50"},{"fld":"I_AC","unit":"A","val":"1.99"},{"fld":"P_AC","unit":"W","val":"460.00"},{"fld":"Q_AC","unit":"var","val":"0.00"},{"fld":"F_AC","unit":"Hz","val":"50.03"},{"fld":"PF_AC","unit":"","val":"1.00"},{"fld":"Temp","unit":"°C","val":"63.50"},{"fld":"ALARM_MES_ID","unit":"","val":"251.00"},{"fld":"YieldDay","unit":"Wh","val":"2541.00"},{"fld":"YieldTotal","unit":"kWh","val":"1202.13"},{"fld":"P_DC","unit":"W","val":"481.60"},{"fld":"Efficiency","unit":"%","val":"95.51"}]]}