{"inverter":[[{"fld":"U_DC","unit":"V","val":"33.50"},{"fld":"I_DC","unit":"A","val":"0.94"},{"fld":"P_DC","unit":"W","val":"31.50"},{"fld":"YieldDay","unit":"Wh","val":"129.00"},{"fld":"YieldTotal","unit":"kWh","val":"590.76"},{"fld":"Irradiation","unit":"%","val":"7.88"},{"fld":"U_DC","unit":"V","val":"33.80"},{"fld":"I_DC","unit":"A","val":"0.95"},{"fld":"P_DC","unit":"W","val":"32.10"},{"fld":"YieldDay","unit":"Wh","val":"132.00"},{"fld":"YieldTotal","unit":"kWh","val":"609.08"},{"fld":"Irradiation","unit":"%","val":"8.02"},{"fld":"U_AC","unit":"V","val":"231.40"},{"fld":"I_AC","unit":"A","val":"0.26"},{"fld":"P_AC","unit":"W","val":"60.70"},{"fld":"Q_AC","unit":"var","val":"0.00"},{"fld":"F_AC","unit":"Hz","val":"50.01"},{"fld":"PF_AC","unit":"","val":"1.00"},{"fld":"Temp","unit":"°C","val":"37.90"},{"fld":"ALARM_MES_ID","unit":"","val":"251.00"},{"fld":"YieldDay","unit":"Wh","val":"261.00"},{"fld":"YieldTotal","unit":"kWh","val":"1199.85"},{"fld":"P_DC","unit":"W","val":"63.60"},{"fld":"Efficiency","unit":"%","val":"95.44"}]]}