{"inverter":[[{"fld":"U_DC","unit":"V","val":"26.40"},{"fld":"I_DC","unit":"A","val":"0.02"},{"fld":"P_DC","unit":"W","val":"0.50"},{"fld":"YieldDay","unit":"Wh","val":"1063.00"},{"fld":"YieldTotal","unit":"kWh","val":"612.41"},{"fld":"Irradiation","unit":"%","val":"0.13"},{"fld":"U_DC","unit":"V","val":"26.40"},{"fld":"I_DC","unit":"A","val":"0.02"},{"fld":"P_DC","unit":"W","val":"0.50"},{"fld":"YieldDay","unit":"Wh","val":"1078.00"},{"fld":"YieldTotal","unit":"kWh","val":"632.86"},{"fld":"Irradiation","unit":"%","val":"0.13"},{"fld":"U_AC","unit":"V","val":"231.30"},{"fld":"I_AC","unit":"A","val":"0.00"},{"fld":"P_AC","unit":"W","val":"0.00"},{"fld":"Q_AC","unit":"var","val":"0.00"},{"fld":"F_AC","unit":"Hz","val":"50.02"},{"fld":"PF_AC","unit":"","val":"0.00"},{"fld":"Temp","unit":"°C","val":"27.00"},{"fld":"ALARM_MES_ID","unit":"","val":"268.00"},{"fld":"YieldDay","unit":"Wh","val":"2141.00"},{"fld":"YieldTotal","unit":"kWh","val":"1245.27"},{"fld":"P_DC","unit":"W","val":"1.00"},{"fld":"Efficiency","unit":"%","val":"0.00"}]]}