{"inverter":[[{"fld":"U_DC","unit":"V","val":"28.60"},{"fld":"I_DC","unit":"A","val":"10.36"},{"fld":"P_DC","unit":"W","val":"296.00"},{"fld":"YieldDay","unit":"Wh","val":"520.00"},{"fld":"YieldTotal","unit":"kWh","val":"591.16"},{"fld":"Irradiation","unit":"%","val":"74.00"},{"fld":"U_DC","unit":"V","val":"28.80"},{"fld":"I_DC","unit":"A","val":"10.20"},{"fld":"P_DC","unit":"W","val":"293.50"},{"fld":"YieldDay","unit":"Wh","val":"538.00"},{"fld":"YieldTotal","unit":"kWh","val":"609.49"},{"fld":"Irradiation","unit":"%","val":"73.38"},{"fld":"U_AC","unit":"V","val":"233.10"},{"fld":"I_AC","unit":"A","val":"2.41"},{"fld":"P_AC","unit":"W","val":"562.90"},{"fld":"Q_AC","unit":"var","val":"0.00"},{"fld":"F_AC","unit":"Hz","val":"50.01"},{"fld":"PF_AC","unit":"","val":"1.00"},{"fld":"Temp","unit":"°C","val":"60.50"},{"fld":"ALARM_MES_ID","unit":"","val":"251.00"},{"fld":"YieldDay","unit":"Wh","val":"1058.00"},{"fld":"YieldTotal","unit":"kWh","val":"1200.64"},{"fld":"P_DC","unit":"W","val":"589.50"},{"fld":"Efficiency","unit":"%","val":"95.49"}]]}