{"inverter":[[{"fld":"U_DC","unit":"V","val":"28.70"},{"fld":"I_DC","unit":"A","val":"0.90"},{"fld":"P_DC","unit":"W","val":"25.80"},{"fld":"YieldDay","unit":"Wh","val":"1330.00"},{"fld":"YieldTotal","unit":"kWh","val":"591.97"},{"fld":"Irradiation","unit":"%","val":"6.45"},{"fld":"U_DC","unit":"V","val":"28.00"},{"fld":"I_DC","unit":"A","val":"0.99"},{"fld":"P_DC","unit":"W","val":"27.60"},{"fld":"YieldDay","unit":"Wh","val":"1416.00"},{"fld":"YieldTotal","unit":"kWh","val":"610.37"},{"fld":"Irradiation","unit":"%","val":"6.90"},{"fld":"U_AC","unit":"V","val":"231.90"},{"fld":"I_AC","unit":"A","val":"0.22"},{"fld":"P_AC","unit":"W","val":"51.10"},{"fld":"Q_AC","unit":"var","val":"0.00"},{"fld":"F_AC","unit":"Hz","val":"50.03"},{"fld":"PF_AC","unit":"","val":"1.00"},{"fld":"Temp","unit":"°C","val":"57.00"},{"fld":"ALARM_MES_ID","unit":"","val":"251.00"},{"fld":"YieldDay","unit":"Wh","val":"2746.00"},{"fld":"YieldTotal","unit":"kWh","val":"1202.33"},{"fld":"P_DC","unit":"W","val":"53.40"},{"fld":"Efficiency","unit":"%","val":"95.69"}]]}