{"inverter":[[{"fld":"U_DC","unit":"V","val":"28.60"},{"fld":"I_DC","unit":"A","val":"9.53"},{"fld":"P_DC","unit":"W","val":"272.10"},{"fld":"YieldDay","unit":"Wh","val":"203.00"},{"fld":"YieldTotal","unit":"kWh","val":"590.84"},{"fld":"Irradiation","unit":"%","val":"68.03"},{"fld":"U_DC","unit":"V","val":"29.30"},{"fld":"I_DC","unit":"A","val":"9.41"},{"fld":"P_DC","unit":"W","val":"275.40"},{"fld":"YieldDay","unit":"Wh","val":"224.00"},{"fld":"YieldTotal","unit":"kWh","val":"609.17"},{"fld":"Irradiation","unit":"%","val":"68.85"},{"fld":"U_AC","unit":"V","val":"233.80"},{"fld":"I_AC","unit":"A","val":"2.23"},{"fld":"P_AC","unit":"W","val":"522.80"},{"fld":"Q_AC","unit":"var","val":"0.40"},{"fld":"F_AC","unit":"Hz","val":"50.03"},{"fld":"PF_AC","unit":"","val":"1.00"},{"fld":"Temp","unit":"°C","val":"44.90"},{"fld":"ALARM_MES_ID","unit":"","val":"251.00"},{"fld":"YieldDay","unit":"Wh","val":"427.00"},{"fld":"YieldTotal","unit":"kWh","val":"1200.01"},{"fld":"P_DC","unit":"W","val":"547.50"},{"fld":"Efficiency","unit":"%","val":"95.49"}]]}