{"inverter":[[{"fld":"U_DC","unit":"V","val":"28.40"},{"fld":"I_DC","unit":"A","val":"10.40"},{"fld":"P_DC","unit":"W","val":"295.30"},{"fld":"YieldDay","unit":"Wh","val":"609.00"},{"fld":"YieldTotal","unit":"kWh","val":"591.24"},{"fld":"Irradiation","unit":"%","val":"73.82"},{"fld":"U_DC","unit":"V","val":"28.70"},{"fld":"I_DC","unit":"A","val":"10.27"},{"fld":"P_DC","unit":"W","val":"294.00"},{"fld":"YieldDay","unit":"Wh","val":"627.00"},{"fld":"YieldTotal","unit":"kWh","val":"609.58"},{"fld":"Irradiation","unit":"%","val":"73.50"},{"fld":"U_AC","unit":"V","val":"233.90"},{"fld":"I_AC","unit":"A","val":"2.40"},{"fld":"P_AC","unit":"W","val":"562.80"},{"fld":"Q_AC","unit":"var","val":"0.00"},{"fld":"F_AC","unit":"Hz","val":"50.02"},{"fld":"PF_AC","unit":"","val":"1.00"},{"fld":"Temp","unit":"°C","val":"62.50"},{"fld":"ALARM_MES_ID","unit":"","val":"251.00"},{"fld":"YieldDay","unit":"Wh","val":"1236.00"},{"fld":"YieldTotal","unit":"kWh","val":"1200.82"},{"fld":"P_DC","unit":"W","val":"589.30"},{"fld":"Efficiency","unit":"%","val":"95.50"}]]}