{"inverter":[[{"fld":"U_DC","unit":"V","val":"29.30"},{"fld":"I_DC","unit":"A","val":"0.86"},{"fld":"P_DC","unit":"W","val":"25.10"},{"fld":"YieldDay","unit":"Wh","val":"1339.00"},{"fld":"YieldTotal","unit":"kWh","val":"591.97"},{"fld":"Irradiation","unit":"%","val":"6.28"},{"fld":"U_DC","unit":"V","val":"29.30"},{"fld":"I_DC","unit":"A","val":"0.99"},{"fld":"P_DC","unit":"W","val":"29.10"},{"fld":"YieldDay","unit":"Wh","val":"1438.00"},{"fld":"YieldTotal","unit":"kWh","val":"610.39"},{"fld":"Irradiation","unit":"%","val":"7.28"},{"fld":"U_AC","unit":"V","val":"231.10"},{"fld":"I_AC","unit":"A","val":"0.22"},{"fld":"P_AC","unit":"W","val":"51.80"},{"fld":"Q_AC","unit":"var","val":"0.00"},{"fld":"F_AC","unit":"Hz","val":"50.02"},{"fld":"PF_AC","unit":"","val":"1.00"},{"fld":"Temp","unit":"°C","val":"53.30"},{"fld":"ALARM_MES_ID","unit":"","val":"251.00"},{"fld":"YieldDay","unit":"Wh","val":"2777.00"},{"fld":"YieldTotal","unit":"kWh","val":"1202.36"},{"fld":"P_DC","unit":"W","val":"54.20"},{"fld":"Efficiency","unit":"%","val":"95.57"}]]}