{"inverter":[[{"fld":"U_DC","unit":"V","val":"28.60"},{"fld":"I_DC","unit":"A","val":"10.39"},{"fld":"P_DC","unit":"W","val":"296.80"},{"fld":"YieldDay","unit":"Wh","val":"628.00"},{"fld":"YieldTotal","unit":"kWh","val":"591.26"},{"fld":"Irradiation","unit":"%","val":"74.20"},{"fld":"U_DC","unit":"V","val":"28.80"},{"fld":"I_DC","unit":"A","val":"10.28"},{"fld":"P_DC","unit":"W","val":"295.80"},{"fld":"YieldDay","unit":"Wh","val":"645.00"},{"fld":"YieldTotal","unit":"kWh","val":"609.59"},{"fld":"Irradiation","unit":"%","val":"73.95"},{"fld":"U_AC","unit":"V","val":"234.40"},{"fld":"I_AC","unit":"A","val":"2.42"},{"fld":"P_AC","unit":"W","val":"566.00"},{"fld":"Q_AC","unit":"var","val":"0.50"},{"fld":"F_AC","unit":"Hz","val":"50.02"},{"fld":"PF_AC","unit":"","val":"1.00"},{"fld":"Temp","unit":"°C","val":"62.30"},{"fld":"ALARM_MES_ID","unit":"","val":"251.00"},{"fld":"YieldDay","unit":"Wh","val":"1273.00"},{"fld":"YieldTotal","unit":"kWh","val":"1200.86"},{"fld":"P_DC","unit":"W","val":"592.60"},{"fld":"Efficiency","unit":"%","val":"95.51"}]]}