{"inverter":[[{"fld":"U_DC","unit":"V","val":"31.30"},{"fld":"I_DC","unit":"A","val":"1.70"},{"fld":"P_DC","unit":"W","val":"53.10"},{"fld":"YieldDay","unit":"Wh","val":"1373.00"},{"fld":"YieldTotal","unit":"kWh","val":"592.01"},{"fld":"Irradiation","unit":"%","val":"13.27"},{"fld":"U_DC","unit":"V","val":"30.00"},{"fld":"I_DC","unit":"A","val":"5.14"},{"fld":"P_DC","unit":"W","val":"153.90"},{"fld":"YieldDay","unit":"Wh","val":"1540.00"},{"fld":"YieldTotal","unit":"kWh","val":"610.49"},{"fld":"Irradiation","unit":"%","val":"38.47"},{"fld":"U_AC","unit":"V","val":"233.70"},{"fld":"I_AC","unit":"A","val":"0.85"},{"fld":"P_AC","unit":"W","val":"197.70"},{"fld":"Q_AC","unit":"var","val":"0.20"},{"fld":"F_AC","unit":"Hz","val":"49.98"},{"fld":"PF_AC","unit":"","val":"1.00"},{"fld":"Temp","unit":"°C","val":"52.20"},{"fld":"ALARM_MES_ID","unit":"","val":"251.00"},{"fld":"YieldDay","unit":"Wh","val":"2913.00"},{"fld":"YieldTotal","unit":"kWh","val":"1202.50"},{"fld":"P_DC","unit":"W","val":"207.00"},{"fld":"Efficiency","unit":"%","val":"95.51"}]]}