{"inverter":[[{"fld":"U_DC","unit":"V","val":"33.40"},{"fld":"I_DC","unit":"A","val":"0.95"},{"fld":"P_DC","unit":"W","val":"31.60"},{"fld":"YieldDay","unit":"Wh","val":"130.00"},{"fld":"YieldTotal","unit":"kWh","val":"590.77"},{"fld":"Irradiation","unit":"%","val":"7.90"},{"fld":"U_DC","unit":"V","val":"33.80"},{"fld":"I_DC","unit":"A","val":"1.04"},{"fld":"P_DC","unit":"W","val":"35.30"},{"fld":"YieldDay","unit":"Wh","val":"133.00"},{"fld":"YieldTotal","unit":"kWh","val":"609.08"},{"fld":"Irradiation","unit":"%","val":"8.82"},{"fld":"U_AC","unit":"V","val":"232.10"},{"fld":"I_AC","unit":"A","val":"0.28"},{"fld":"P_AC","unit":"W","val":"63.90"},{"fld":"Q_AC","unit":"var","val":"0.00"},{"fld":"F_AC","unit":"Hz","val":"50.01"},{"fld":"PF_AC","unit":"","val":"1.00"},{"fld":"Temp","unit":"°C","val":"38.00"},{"fld":"ALARM_MES_ID","unit":"","val":"251.00"},{"fld":"YieldDay","unit":"Wh","val":"263.00"},{"fld":"YieldTotal","unit":"kWh","val":"1199.85"},{"fld":"P_DC","unit":"W","val":"66.90"},{"fld":"Efficiency","unit":"%","val":"95.52"}]]}