{"inverter":[[{"fld":"U_DC","unit":"V","val":"28.60"},{"fld":"I_DC","unit":"A","val":"9.38"},{"fld":"P_DC","unit":"W","val":"268.00"},{"fld":"YieldDay","unit":"Wh","val":"1107.00"},{"fld":"YieldTotal","unit":"kWh","val":"591.74"},{"fld":"Irradiation","unit":"%","val":"67.00"},{"fld":"U_DC","unit":"V","val":"28.80"},{"fld":"I_DC","unit":"A","val":"9.18"},{"fld":"P_DC","unit":"W","val":"264.20"},{"fld":"YieldDay","unit":"Wh","val":"1120.00"},{"fld":"YieldTotal","unit":"kWh","val":"610.07"},{"fld":"Irradiation","unit":"%","val":"66.05"},{"fld":"U_AC","unit":"V","val":"235.30"},{"fld":"I_AC","unit":"A","val":"2.16"},{"fld":"P_AC","unit":"W","val":"508.30"},{"fld":"Q_AC","unit":"var","val":"0.40"},{"fld":"F_AC","unit":"Hz","val":"50.04"},{"fld":"PF_AC","unit":"","val":"1.00"},{"fld":"Temp","unit":"°C","val":"64.00"},{"fld":"ALARM_MES_ID","unit":"","val":"251.00"},{"fld":"YieldDay","unit":"Wh","val":"2227.00"},{"fld":"YieldTotal","unit":"kWh","val":"1201.81"},{"fld":"P_DC","unit":"W","val":"532.20"},{"fld":"Efficiency","unit":"%","val":"95.51"}]]}