{"inverter":[[{"fld":"U_DC","unit":"V","val":"28.60"},{"fld":"I_DC","unit":"A","val":"8.87"},{"fld":"P_DC","unit":"W","val":"253.50"},{"fld":"YieldDay","unit":"Wh","val":"1222.00"},{"fld":"YieldTotal","unit":"kWh","val":"591.86"},{"fld":"Irradiation","unit":"%","val":"63.38"},{"fld":"U_DC","unit":"V","val":"28.80"},{"fld":"I_DC","unit":"A","val":"8.68"},{"fld":"P_DC","unit":"W","val":"250.10"},{"fld":"YieldDay","unit":"Wh","val":"1233.00"},{"fld":"YieldTotal","unit":"kWh","val":"610.18"},{"fld":"Irradiation","unit":"%","val":"62.53"},{"fld":"U_AC","unit":"V","val":"232.10"},{"fld":"I_AC","unit":"A","val":"2.07"},{"fld":"P_AC","unit":"W","val":"481.00"},{"fld":"Q_AC","unit":"var","val":"0.40"},{"fld":"F_AC","unit":"Hz","val":"49.93"},{"fld":"PF_AC","unit":"","val":"1.00"},{"fld":"Temp","unit":"°C","val":"64.50"},{"fld":"ALARM_MES_ID","unit":"","val":"251.00"},{"fld":"YieldDay","unit":"Wh","val":"2455.00"},{"fld":"YieldTotal","unit":"kWh","val":"1202.04"},{"fld":"P_DC","unit":"W","val":"503.60"},{"fld":"Efficiency","unit":"%","val":"95.51"}]]}