{"inverter":[[{"fld":"U_DC","unit":"V","val":"28.60"},{"fld":"I_DC","unit":"A","val":"10.20"},{"fld":"P_DC","unit":"W","val":"291.10"},{"fld":"YieldDay","unit":"Wh","val":"464.00"},{"fld":"YieldTotal","unit":"kWh","val":"591.10"},{"fld":"Irradiation","unit":"%","val":"72.78"},{"fld":"U_DC","unit":"V","val":"28.90"},{"fld":"I_DC","unit":"A","val":"10.01"},{"fld":"P_DC","unit":"W","val":"288.60"},{"fld":"YieldDay","unit":"Wh","val":"483.00"},{"fld":"YieldTotal","unit":"kWh","val":"609.43"},{"fld":"Irradiation","unit":"%","val":"72.15"},{"fld":"U_AC","unit":"V","val":"234.70"},{"fld":"I_AC","unit":"A","val":"2.36"},{"fld":"P_AC","unit":"W","val":"553.60"},{"fld":"Q_AC","unit":"var","val":"0.50"},{"fld":"F_AC","unit":"Hz","val":"50.02"},{"fld":"PF_AC","unit":"","val":"1.00"},{"fld":"Temp","unit":"°C","val":"60.30"},{"fld":"ALARM_MES_ID","unit":"","val":"251.00"},{"fld":"YieldDay","unit":"Wh","val":"947.00"},{"fld":"YieldTotal","unit":"kWh","val":"1200.53"},{"fld":"P_DC","unit":"W","val":"579.70"},{"fld":"Efficiency","unit":"%","val":"95.50"}]]}