{"inverter":[[{"fld":"U_DC","unit":"V","val":"28.40"},{"fld":"I_DC","unit":"A","val":"10.36"},{"fld":"P_DC","unit":"W","val":"294.10"},{"fld":"YieldDay","unit":"Wh","val":"721.00"},{"fld":"YieldTotal","unit":"kWh","val":"591.36"},{"fld":"Irradiation","unit":"%","val":"73.53"},{"fld":"U_DC","unit":"V","val":"28.70"},{"fld":"I_DC","unit":"A","val":"10.19"},{"fld":"P_DC","unit":"W","val":"292.40"},{"fld":"YieldDay","unit":"Wh","val":"739.00"},{"fld":"YieldTotal","unit":"kWh","val":"609.69"},{"fld":"Irradiation","unit":"%","val":"73.10"},{"fld":"U_AC","unit":"V","val":"232.10"},{"fld":"I_AC","unit":"A","val":"2.41"},{"fld":"P_AC","unit":"W","val":"560.10"},{"fld":"Q_AC","unit":"var","val":"0.30"},{"fld":"F_AC","unit":"Hz","val":"50.02"},{"fld":"PF_AC","unit":"","val":"1.00"},{"fld":"Temp","unit":"°C","val":"62.50"},{"fld":"ALARM_MES_ID","unit":"","val":"251.00"},{"fld":"YieldDay","unit":"Wh","val":"1460.00"},{"fld":"YieldTotal","unit":"kWh","val":"1201.05"},{"fld":"P_DC","unit":"W","val":"586.50"},{"fld":"Efficiency","unit":"%","val":"95.50"}]]}