{"inverter":[[{"fld":"U_DC","unit":"V","val":"26.50"},{"fld":"I_DC","unit":"A","val":"0.07"},{"fld":"P_DC","unit":"W","val":"1.90"},{"fld":"YieldDay","unit":"Wh","val":"1109.00"},{"fld":"YieldTotal","unit":"kWh","val":"602.70"},{"fld":"Irradiation","unit":"%","val":"0.47"},{"fld":"U_DC","unit":"V","val":"26.80"},{"fld":"I_DC","unit":"A","val":"0.07"},{"fld":"P_DC","unit":"W","val":"1.90"},{"fld":"YieldDay","unit":"Wh","val":"1354.00"},{"fld":"YieldTotal","unit":"kWh","val":"622.56"},{"fld":"Irradiation","unit":"%","val":"0.47"},{"fld":"U_AC","unit":"V","val":"230.20"},{"fld":"I_AC","unit":"A","val":"0.02"},{"fld":"P_AC","unit":"W","val":"3.70"},{"fld":"Q_AC","unit":"var","val":"0.00"},{"fld":"F_AC","unit":"Hz","val":"50.03"},{"fld":"PF_AC","unit":"","val":"1.00"},{"fld":"Temp","unit":"°C","val":"26.30"},{"fld":"ALARM_MES_ID","unit":"","val":"260.00"},{"fld":"YieldDay","unit":"Wh","val":"2463.00"},{"fld":"YieldTotal","unit":"kWh","val":"1225.26"},{"fld":"P_DC","unit":"W","val":"3.80"},{"fld":"Efficiency","unit":"%","val":"97.37"}]]}