{"inverter":[[{"fld":"U_DC","unit":"V","val":"31.70"},{"fld":"I_DC","unit":"A","val":"1.99"},{"fld":"P_DC","unit":"W","val":"63.10"},{"fld":"YieldDay","unit":"Wh","val":"1323.00"},{"fld":"YieldTotal","unit":"kWh","val":"591.96"},{"fld":"Irradiation","unit":"%","val":"15.77"},{"fld":"U_DC","unit":"V","val":"29.60"},{"fld":"I_DC","unit":"A","val":"7.11"},{"fld":"P_DC","unit":"W","val":"210.40"},{"fld":"YieldDay","unit":"Wh","val":"1391.00"},{"fld":"YieldTotal","unit":"kWh","val":"610.34"},{"fld":"Irradiation","unit":"%","val":"52.60"},{"fld":"U_AC","unit":"V","val":"233.10"},{"fld":"I_AC","unit":"A","val":"1.12"},{"fld":"P_AC","unit":"W","val":"261.10"},{"fld":"Q_AC","unit":"var","val":"0.20"},{"fld":"F_AC","unit":"Hz","val":"49.98"},{"fld":"PF_AC","unit":"","val":"1.00"},{"fld":"Temp","unit":"°C","val":"59.50"},{"fld":"ALARM_MES_ID","unit":"","val":"251.00"},{"fld":"YieldDay","unit":"Wh","val":"2714.00"},{"fld":"YieldTotal","unit":"kWh","val":"1202.30"},{"fld":"P_DC","unit":"W","val":"273.50"},{"fld":"Efficiency","unit":"%","val":"95.47"}]]}