{"inverter":[[{"fld":"U_DC","unit":"V","val":"28.60"},{"fld":"I_DC","unit":"A","val":"10.41"},{"fld":"P_DC","unit":"W","val":"297.60"},{"fld":"YieldDay","unit":"Wh","val":"642.00"},{"fld":"YieldTotal","unit":"kWh","val":"591.28"},{"fld":"Irradiation","unit":"%","val":"74.40"},{"fld":"U_DC","unit":"V","val":"28.90"},{"fld":"I_DC","unit":"A","val":"10.28"},{"fld":"P_DC","unit":"W","val":"296.40"},{"fld":"YieldDay","unit":"Wh","val":"659.00"},{"fld":"YieldTotal","unit":"kWh","val":"609.61"},{"fld":"Irradiation","unit":"%","val":"74.10"},{"fld":"U_AC","unit":"V","val":"235.10"},{"fld":"I_AC","unit":"A","val":"2.42"},{"fld":"P_AC","unit":"W","val":"567.30"},{"fld":"Q_AC","unit":"var","val":"0.50"},{"fld":"F_AC","unit":"Hz","val":"50.03"},{"fld":"PF_AC","unit":"","val":"1.00"},{"fld":"Temp","unit":"°C","val":"61.80"},{"fld":"ALARM_MES_ID","unit":"","val":"251.00"},{"fld":"YieldDay","unit":"Wh","val":"1301.00"},{"fld":"YieldTotal","unit":"kWh","val":"1200.89"},{"fld":"P_DC","unit":"W","val":"594.00"},{"fld":"Efficiency","unit":"%","val":"95.51"}]]}