{"inverter":[[{"fld":"U_DC","unit":"V","val":"28.40"},{"fld":"I_DC","unit":"A","val":"10.38"},{"fld":"P_DC","unit":"W","val":"294.80"},{"fld":"YieldDay","unit":"Wh","val":"604.00"},{"fld":"YieldTotal","unit":"kWh","val":"591.24"},{"fld":"Irradiation","unit":"%","val":"73.70"},{"fld":"U_DC","unit":"V","val":"28.70"},{"fld":"I_DC","unit":"A","val":"10.25"},{"fld":"P_DC","unit":"W","val":"293.90"},{"fld":"YieldDay","unit":"Wh","val":"622.00"},{"fld":"YieldTotal","unit":"kWh","val":"609.57"},{"fld":"Irradiation","unit":"%","val":"73.47"},{"fld":"U_AC","unit":"V","val":"235.50"},{"fld":"I_AC","unit":"A","val":"2.39"},{"fld":"P_AC","unit":"W","val":"562.20"},{"fld":"Q_AC","unit":"var","val":"0.00"},{"fld":"F_AC","unit":"Hz","val":"50.02"},{"fld":"PF_AC","unit":"","val":"1.00"},{"fld":"Temp","unit":"°C","val":"62.40"},{"fld":"ALARM_MES_ID","unit":"","val":"251.00"},{"fld":"YieldDay","unit":"Wh","val":"1226.00"},{"fld":"YieldTotal","unit":"kWh","val":"1200.81"},{"fld":"P_DC","unit":"W","val":"588.70"},{"fld":"Efficiency","unit":"%","val":"95.50"}]]}