{"inverter":[[{"fld":"U_DC","unit":"V","val":"31.40"},{"fld":"I_DC","unit":"A","val":"1.59"},{"fld":"P_DC","unit":"W","val":"49.80"},{"fld":"YieldDay","unit":"Wh","val":"1395.00"},{"fld":"YieldTotal","unit":"kWh","val":"592.03"},{"fld":"Irradiation","unit":"%","val":"12.45"},{"fld":"U_DC","unit":"V","val":"30.10"},{"fld":"I_DC","unit":"A","val":"4.21"},{"fld":"P_DC","unit":"W","val":"126.80"},{"fld":"YieldDay","unit":"Wh","val":"1600.00"},{"fld":"YieldTotal","unit":"kWh","val":"610.55"},{"fld":"Irradiation","unit":"%","val":"31.70"},{"fld":"U_AC","unit":"V","val":"229.30"},{"fld":"I_AC","unit":"A","val":"0.74"},{"fld":"P_AC","unit":"W","val":"168.60"},{"fld":"Q_AC","unit":"var","val":"0.00"},{"fld":"F_AC","unit":"Hz","val":"49.99"},{"fld":"PF_AC","unit":"","val":"1.00"},{"fld":"Temp","unit":"°C","val":"51.10"},{"fld":"ALARM_MES_ID","unit":"","val":"251.00"},{"fld":"YieldDay","unit":"Wh","val":"2995.00"},{"fld":"YieldTotal","unit":"kWh","val":"1202.58"},{"fld":"P_DC","unit":"W","val":"176.60"},{"fld":"Efficiency","unit":"%","val":"95.47"}]]}