{"inverter":[[{"fld":"U_DC","unit":"V","val":"28.60"},{"fld":"I_DC","unit":"A","val":"10.27"},{"fld":"P_DC","unit":"W","val":"293.60"},{"fld":"YieldDay","unit":"Wh","val":"501.00"},{"fld":"YieldTotal","unit":"kWh","val":"591.14"},{"fld":"Irradiation","unit":"%","val":"73.40"},{"fld":"U_DC","unit":"V","val":"28.90"},{"fld":"I_DC","unit":"A","val":"10.10"},{"fld":"P_DC","unit":"W","val":"291.40"},{"fld":"YieldDay","unit":"Wh","val":"520.00"},{"fld":"YieldTotal","unit":"kWh","val":"609.47"},{"fld":"Irradiation","unit":"%","val":"72.85"},{"fld":"U_AC","unit":"V","val":"234.00"},{"fld":"I_AC","unit":"A","val":"2.39"},{"fld":"P_AC","unit":"W","val":"558.60"},{"fld":"Q_AC","unit":"var","val":"0.00"},{"fld":"F_AC","unit":"Hz","val":"50.02"},{"fld":"PF_AC","unit":"","val":"1.00"},{"fld":"Temp","unit":"°C","val":"60.20"},{"fld":"ALARM_MES_ID","unit":"","val":"251.00"},{"fld":"YieldDay","unit":"Wh","val":"1021.00"},{"fld":"YieldTotal","unit":"kWh","val":"1200.61"},{"fld":"P_DC","unit":"W","val":"585.00"},{"fld":"Efficiency","unit":"%","val":"95.49"}]]}