{"inverter":[[{"fld":"U_DC","unit":"V","val":"28.60"},{"fld":"I_DC","unit":"A","val":"10.27"},{"fld":"P_DC","unit":"W","val":"293.40"},{"fld":"YieldDay","unit":"Wh","val":"478.00"},{"fld":"YieldTotal","unit":"kWh","val":"591.11"},{"fld":"Irradiation","unit":"%","val":"73.35"},{"fld":"U_DC","unit":"V","val":"28.70"},{"fld":"I_DC","unit":"A","val":"10.13"},{"fld":"P_DC","unit":"W","val":"290.30"},{"fld":"YieldDay","unit":"Wh","val":"497.00"},{"fld":"YieldTotal","unit":"kWh","val":"609.45"},{"fld":"Irradiation","unit":"%","val":"72.57"},{"fld":"U_AC","unit":"V","val":"234.20"},{"fld":"I_AC","unit":"A","val":"2.38"},{"fld":"P_AC","unit":"W","val":"557.40"},{"fld":"Q_AC","unit":"var","val":"0.50"},{"fld":"F_AC","unit":"Hz","val":"50.01"},{"fld":"PF_AC","unit":"","val":"1.00"},{"fld":"Temp","unit":"°C","val":"60.50"},{"fld":"ALARM_MES_ID","unit":"","val":"251.00"},{"fld":"YieldDay","unit":"Wh","val":"975.00"},{"fld":"YieldTotal","unit":"kWh","val":"1200.56"},{"fld":"P_DC","unit":"W","val":"583.70"},{"fld":"Efficiency","unit":"%","val":"95.49"}]]}