{"inverter":[[{"fld":"U_DC","unit":"V","val":"30.20"},{"fld":"I_DC","unit":"A","val":"5.31"},{"fld":"P_DC","unit":"W","val":"160.50"},{"fld":"YieldDay","unit":"Wh","val":"166.00"},{"fld":"YieldTotal","unit":"kWh","val":"590.80"},{"fld":"Irradiation","unit":"%","val":"40.13"},{"fld":"U_DC","unit":"V","val":"31.80"},{"fld":"I_DC","unit":"A","val":"5.37"},{"fld":"P_DC","unit":"W","val":"170.90"},{"fld":"YieldDay","unit":"Wh","val":"175.00"},{"fld":"YieldTotal","unit":"kWh","val":"609.13"},{"fld":"Irradiation","unit":"%","val":"42.72"},{"fld":"U_AC","unit":"V","val":"230.70"},{"fld":"I_AC","unit":"A","val":"1.37"},{"fld":"P_AC","unit":"W","val":"316.50"},{"fld":"Q_AC","unit":"var","val":"0.00"},{"fld":"F_AC","unit":"Hz","val":"50.03"},{"fld":"PF_AC","unit":"","val":"1.00"},{"fld":"Temp","unit":"°C","val":"41.00"},{"fld":"ALARM_MES_ID","unit":"","val":"251.00"},{"fld":"YieldDay","unit":"Wh","val":"341.00"},{"fld":"YieldTotal","unit":"kWh","val":"1199.93"},{"fld":"P_DC","unit":"W","val":"331.40"},{"fld":"Efficiency","unit":"%","val":"95.50"}]]}