{"inverter":[[{"fld":"U_DC","unit":"V","val":"31.30"},{"fld":"I_DC","unit":"A","val":"1.67"},{"fld":"P_DC","unit":"W","val":"52.30"},{"fld":"YieldDay","unit":"Wh","val":"1375.00"},{"fld":"YieldTotal","unit":"kWh","val":"592.01"},{"fld":"Irradiation","unit":"%","val":"13.07"},{"fld":"U_DC","unit":"V","val":"30.20"},{"fld":"I_DC","unit":"A","val":"4.96"},{"fld":"P_DC","unit":"W","val":"149.70"},{"fld":"YieldDay","unit":"Wh","val":"1547.00"},{"fld":"YieldTotal","unit":"kWh","val":"610.50"},{"fld":"Irradiation","unit":"%","val":"37.42"},{"fld":"U_AC","unit":"V","val":"233.40"},{"fld":"I_AC","unit":"A","val":"0.83"},{"fld":"P_AC","unit":"W","val":"193.00"},{"fld":"Q_AC","unit":"var","val":"0.00"},{"fld":"F_AC","unit":"Hz","val":"50.00"},{"fld":"PF_AC","unit":"","val":"1.00"},{"fld":"Temp","unit":"°C","val":"51.80"},{"fld":"ALARM_MES_ID","unit":"","val":"251.00"},{"fld":"YieldDay","unit":"Wh","val":"2922.00"},{"fld":"YieldTotal","unit":"kWh","val":"1202.51"},{"fld":"P_DC","unit":"W","val":"202.00"},{"fld":"Efficiency","unit":"%","val":"95.54"}]]}