{"inverter":[[{"fld":"U_DC","unit":"V","val":"28.10"},{"fld":"I_DC","unit":"A","val":"10.32"},{"fld":"P_DC","unit":"W","val":"290.20"},{"fld":"YieldDay","unit":"Wh","val":"828.00"},{"fld":"YieldTotal","unit":"kWh","val":"591.46"},{"fld":"Irradiation","unit":"%","val":"72.55"},{"fld":"U_DC","unit":"V","val":"28.40"},{"fld":"I_DC","unit":"A","val":"10.11"},{"fld":"P_DC","unit":"W","val":"287.00"},{"fld":"YieldDay","unit":"Wh","val":"845.00"},{"fld":"YieldTotal","unit":"kWh","val":"609.79"},{"fld":"Irradiation","unit":"%","val":"71.75"},{"fld":"U_AC","unit":"V","val":"234.30"},{"fld":"I_AC","unit":"A","val":"2.35"},{"fld":"P_AC","unit":"W","val":"551.20"},{"fld":"Q_AC","unit":"var","val":"0.00"},{"fld":"F_AC","unit":"Hz","val":"50.03"},{"fld":"PF_AC","unit":"","val":"1.00"},{"fld":"Temp","unit":"°C","val":"64.30"},{"fld":"ALARM_MES_ID","unit":"","val":"251.00"},{"fld":"YieldDay","unit":"Wh","val":"1673.00"},{"fld":"YieldTotal","unit":"kWh","val":"1201.26"},{"fld":"P_DC","unit":"W","val":"577.20"},{"fld":"Efficiency","unit":"%","val":"95.50"}]]}