{"inverter":[[{"fld":"U_DC","unit":"V","val":"28.70"},{"fld":"I_DC","unit":"A","val":"10.26"},{"fld":"P_DC","unit":"W","val":"294.20"},{"fld":"YieldDay","unit":"Wh","val":"497.00"},{"fld":"YieldTotal","unit":"kWh","val":"591.13"},{"fld":"Irradiation","unit":"%","val":"73.55"},{"fld":"U_DC","unit":"V","val":"28.90"},{"fld":"I_DC","unit":"A","val":"10.10"},{"fld":"P_DC","unit":"W","val":"291.90"},{"fld":"YieldDay","unit":"Wh","val":"515.00"},{"fld":"YieldTotal","unit":"kWh","val":"609.47"},{"fld":"Irradiation","unit":"%","val":"72.97"},{"fld":"U_AC","unit":"V","val":"233.90"},{"fld":"I_AC","unit":"A","val":"2.39"},{"fld":"P_AC","unit":"W","val":"559.70"},{"fld":"Q_AC","unit":"var","val":"0.10"},{"fld":"F_AC","unit":"Hz","val":"50.05"},{"fld":"PF_AC","unit":"","val":"1.00"},{"fld":"Temp","unit":"°C","val":"60.20"},{"fld":"ALARM_MES_ID","unit":"","val":"251.00"},{"fld":"YieldDay","unit":"Wh","val":"1012.00"},{"fld":"YieldTotal","unit":"kWh","val":"1200.60"},{"fld":"P_DC","unit":"W","val":"586.10"},{"fld":"Efficiency","unit":"%","val":"95.50"}]]}