{"inverter":[[{"fld":"U_DC","unit":"V","val":"30.40"},{"fld":"I_DC","unit":"A","val":"5.15"},{"fld":"P_DC","unit":"W","val":"156.60"},{"fld":"YieldDay","unit":"Wh","val":"1294.00"},{"fld":"YieldTotal","unit":"kWh","val":"591.93"},{"fld":"Irradiation","unit":"%","val":"39.15"},{"fld":"U_DC","unit":"V","val":"29.50"},{"fld":"I_DC","unit":"A","val":"7.95"},{"fld":"P_DC","unit":"W","val":"234.20"},{"fld":"YieldDay","unit":"Wh","val":"1314.00"},{"fld":"YieldTotal","unit":"kWh","val":"610.26"},{"fld":"Irradiation","unit":"%","val":"58.55"},{"fld":"U_AC","unit":"V","val":"232.10"},{"fld":"I_AC","unit":"A","val":"1.61"},{"fld":"P_AC","unit":"W","val":"373.20"},{"fld":"Q_AC","unit":"var","val":"0.30"},{"fld":"F_AC","unit":"Hz","val":"50.05"},{"fld":"PF_AC","unit":"","val":"1.00"},{"fld":"Temp","unit":"°C","val":"61.40"},{"fld":"ALARM_MES_ID","unit":"","val":"251.00"},{"fld":"YieldDay","unit":"Wh","val":"2608.00"},{"fld":"YieldTotal","unit":"kWh","val":"1202.19"},{"fld":"P_DC","unit":"W","val":"390.80"},{"fld":"Efficiency","unit":"%","val":"95.50"}]]}