{"inverter":[[{"fld":"U_DC","unit":"V","val":"25.80"},{"fld":"I_DC","unit":"A","val":"0.04"},{"fld":"P_DC","unit":"W","val":"1.00"},{"fld":"YieldDay","unit":"Wh","val":"1519.00"},{"fld":"YieldTotal","unit":"kWh","val":"610.10"},{"fld":"Irradiation","unit":"%","val":"0.25"},{"fld":"U_DC","unit":"V","val":"26.00"},{"fld":"I_DC","unit":"A","val":"0.04"},{"fld":"P_DC","unit":"W","val":"1.00"},{"fld":"YieldDay","unit":"Wh","val":"1629.00"},{"fld":"YieldTotal","unit":"kWh","val":"630.48"},{"fld":"Irradiation","unit":"%","val":"0.25"},{"fld":"U_AC","unit":"V","val":"228.30"},{"fld":"I_AC","unit":"A","val":"0.01"},{"fld":"P_AC","unit":"W","val":"1.80"},{"fld":"Q_AC","unit":"var","val":"0.00"},{"fld":"F_AC","unit":"Hz","val":"50.01"},{"fld":"PF_AC","unit":"","val":"1.00"},{"fld":"Temp","unit":"°C","val":"26.80"},{"fld":"ALARM_MES_ID","unit":"","val":"266.00"},{"fld":"YieldDay","unit":"Wh","val":"3148.00"},{"fld":"YieldTotal","unit":"kWh","val":"1240.58"},{"fld":"P_DC","unit":"W","val":"2.00"},{"fld":"Efficiency","unit":"%","val":"90.00"}]]}