{"inverter":[[{"fld":"U_DC","unit":"V","val":"31.70"},{"fld":"I_DC","unit":"A","val":"1.99"},{"fld":"P_DC","unit":"W","val":"63.20"},{"fld":"YieldDay","unit":"Wh","val":"1332.00"},{"fld":"YieldTotal","unit":"kWh","val":"591.97"},{"fld":"Irradiation","unit":"%","val":"15.80"},{"fld":"U_DC","unit":"V","val":"30.00"},{"fld":"I_DC","unit":"A","val":"6.78"},{"fld":"P_DC","unit":"W","val":"203.10"},{"fld":"YieldDay","unit":"Wh","val":"1422.00"},{"fld":"YieldTotal","unit":"kWh","val":"610.37"},{"fld":"Irradiation","unit":"%","val":"50.78"},{"fld":"U_AC","unit":"V","val":"233.00"},{"fld":"I_AC","unit":"A","val":"1.09"},{"fld":"P_AC","unit":"W","val":"254.30"},{"fld":"Q_AC","unit":"var","val":"0.20"},{"fld":"F_AC","unit":"Hz","val":"50.01"},{"fld":"PF_AC","unit":"","val":"1.00"},{"fld":"Temp","unit":"°C","val":"56.70"},{"fld":"ALARM_MES_ID","unit":"","val":"251.00"},{"fld":"YieldDay","unit":"Wh","val":"2754.00"},{"fld":"YieldTotal","unit":"kWh","val":"1202.34"},{"fld":"P_DC","unit":"W","val":"266.30"},{"fld":"Efficiency","unit":"%","val":"95.49"}]]}