{"inverter":[[{"fld":"U_DC","unit":"V","val":"28.30"},{"fld":"I_DC","unit":"A","val":"10.37"},{"fld":"P_DC","unit":"W","val":"292.50"},{"fld":"YieldDay","unit":"Wh","val":"749.00"},{"fld":"YieldTotal","unit":"kWh","val":"591.38"},{"fld":"Irradiation","unit":"%","val":"73.13"},{"fld":"U_DC","unit":"V","val":"28.50"},{"fld":"I_DC","unit":"A","val":"10.19"},{"fld":"P_DC","unit":"W","val":"289.70"},{"fld":"YieldDay","unit":"Wh","val":"767.00"},{"fld":"YieldTotal","unit":"kWh","val":"609.72"},{"fld":"Irradiation","unit":"%","val":"72.43"},{"fld":"U_AC","unit":"V","val":"232.50"},{"fld":"I_AC","unit":"A","val":"2.39"},{"fld":"P_AC","unit":"W","val":"556.00"},{"fld":"Q_AC","unit":"var","val":"0.50"},{"fld":"F_AC","unit":"Hz","val":"50.01"},{"fld":"PF_AC","unit":"","val":"1.00"},{"fld":"Temp","unit":"°C","val":"63.00"},{"fld":"ALARM_MES_ID","unit":"","val":"251.00"},{"fld":"YieldDay","unit":"Wh","val":"1516.00"},{"fld":"YieldTotal","unit":"kWh","val":"1201.10"},{"fld":"P_DC","unit":"W","val":"582.20"},{"fld":"Efficiency","unit":"%","val":"95.50"}]]}