{"inverter":[[{"fld":"U_DC","unit":"V","val":"28.50"},{"fld":"I_DC","unit":"A","val":"10.01"},{"fld":"P_DC","unit":"W","val":"285.00"},{"fld":"YieldDay","unit":"Wh","val":"404.00"},{"fld":"YieldTotal","unit":"kWh","val":"591.04"},{"fld":"Irradiation","unit":"%","val":"71.25"},{"fld":"U_DC","unit":"V","val":"28.80"},{"fld":"I_DC","unit":"A","val":"9.84"},{"fld":"P_DC","unit":"W","val":"282.90"},{"fld":"YieldDay","unit":"Wh","val":"424.00"},{"fld":"YieldTotal","unit":"kWh","val":"609.37"},{"fld":"Irradiation","unit":"%","val":"70.72"},{"fld":"U_AC","unit":"V","val":"234.70"},{"fld":"I_AC","unit":"A","val":"2.31"},{"fld":"P_AC","unit":"W","val":"542.30"},{"fld":"Q_AC","unit":"var","val":"0.50"},{"fld":"F_AC","unit":"Hz","val":"50.02"},{"fld":"PF_AC","unit":"","val":"1.00"},{"fld":"Temp","unit":"°C","val":"58.90"},{"fld":"ALARM_MES_ID","unit":"","val":"251.00"},{"fld":"YieldDay","unit":"Wh","val":"828.00"},{"fld":"YieldTotal","unit":"kWh","val":"1200.41"},{"fld":"P_DC","unit":"W","val":"567.90"},{"fld":"Efficiency","unit":"%","val":"95.49"}]]}