{"inverter":[[{"fld":"U_DC","unit":"V","val":"28.30"},{"fld":"I_DC","unit":"A","val":"9.07"},{"fld":"P_DC","unit":"W","val":"256.00"},{"fld":"YieldDay","unit":"Wh","val":"1153.00"},{"fld":"YieldTotal","unit":"kWh","val":"591.79"},{"fld":"Irradiation","unit":"%","val":"64.00"},{"fld":"U_DC","unit":"V","val":"28.60"},{"fld":"I_DC","unit":"A","val":"8.86"},{"fld":"P_DC","unit":"W","val":"252.60"},{"fld":"YieldDay","unit":"Wh","val":"1165.00"},{"fld":"YieldTotal","unit":"kWh","val":"610.11"},{"fld":"Irradiation","unit":"%","val":"63.15"},{"fld":"U_AC","unit":"V","val":"234.00"},{"fld":"I_AC","unit":"A","val":"2.08"},{"fld":"P_AC","unit":"W","val":"485.70"},{"fld":"Q_AC","unit":"var","val":"0.40"},{"fld":"F_AC","unit":"Hz","val":"49.99"},{"fld":"PF_AC","unit":"","val":"1.00"},{"fld":"Temp","unit":"°C","val":"65.10"},{"fld":"ALARM_MES_ID","unit":"","val":"251.00"},{"fld":"YieldDay","unit":"Wh","val":"2318.00"},{"fld":"YieldTotal","unit":"kWh","val":"1201.90"},{"fld":"P_DC","unit":"W","val":"508.60"},{"fld":"Efficiency","unit":"%","val":"95.50"}]]}