{"inverter":[[{"fld":"U_DC","unit":"V","val":"20.10"},{"fld":"I_DC","unit":"A","val":"0.02"},{"fld":"P_DC","unit":"W","val":"0.40"},{"fld":"YieldDay","unit":"Wh","val":"1609.00"},{"fld":"YieldTotal","unit":"kWh","val":"596.94"},{"fld":"Irradiation","unit":"%","val":"0.10"},{"fld":"U_DC","unit":"V","val":"20.10"},{"fld":"I_DC","unit":"A","val":"0.02"},{"fld":"P_DC","unit":"W","val":"0.50"},{"fld":"YieldDay","unit":"Wh","val":"1673.00"},{"fld":"YieldTotal","unit":"kWh","val":"616.17"},{"fld":"Irradiation","unit":"%","val":"0.13"},{"fld":"U_AC","unit":"V","val":"231.90"},{"fld":"I_AC","unit":"A","val":"0.00"},{"fld":"P_AC","unit":"W","val":"0.00"},{"fld":"Q_AC","unit":"var","val":"0.00"},{"fld":"F_AC","unit":"Hz","val":"50.01"},{"fld":"PF_AC","unit":"","val":"0.00"},{"fld":"Temp","unit":"°C","val":"29.80"},{"fld":"ALARM_MES_ID","unit":"","val":"254.00"},{"fld":"YieldDay","unit":"Wh","val":"3282.00"},{"fld":"YieldTotal","unit":"kWh","val":"1213.10"},{"fld":"P_DC","unit":"W","val":"0.90"},{"fld":"Efficiency","unit":"%","val":"0.00"}]]}