{"inverter":[[{"fld":"U_DC","unit":"V","val":"28.80"},{"fld":"I_DC","unit":"A","val":"9.57"},{"fld":"P_DC","unit":"W","val":"274.90"},{"fld":"YieldDay","unit":"Wh","val":"1068.00"},{"fld":"YieldTotal","unit":"kWh","val":"591.70"},{"fld":"Irradiation","unit":"%","val":"68.72"},{"fld":"U_DC","unit":"V","val":"29.10"},{"fld":"I_DC","unit":"A","val":"9.36"},{"fld":"P_DC","unit":"W","val":"271.70"},{"fld":"YieldDay","unit":"Wh","val":"1082.00"},{"fld":"YieldTotal","unit":"kWh","val":"610.03"},{"fld":"Irradiation","unit":"%","val":"67.93"},{"fld":"U_AC","unit":"V","val":"233.90"},{"fld":"I_AC","unit":"A","val":"2.23"},{"fld":"P_AC","unit":"W","val":"522.10"},{"fld":"Q_AC","unit":"var","val":"0.00"},{"fld":"F_AC","unit":"Hz","val":"50.04"},{"fld":"PF_AC","unit":"","val":"1.00"},{"fld":"Temp","unit":"°C","val":"64.10"},{"fld":"ALARM_MES_ID","unit":"","val":"251.00"},{"fld":"YieldDay","unit":"Wh","val":"2150.00"},{"fld":"YieldTotal","unit":"kWh","val":"1201.73"},{"fld":"P_DC","unit":"W","val":"546.60"},{"fld":"Efficiency","unit":"%","val":"95.52"}]]}