{"inverter":[[{"fld":"U_DC","unit":"V","val":"32.00"},{"fld":"I_DC","unit":"A","val":"2.06"},{"fld":"P_DC","unit":"W","val":"65.90"},{"fld":"YieldDay","unit":"Wh","val":"1308.00"},{"fld":"YieldTotal","unit":"kWh","val":"591.94"},{"fld":"Irradiation","unit":"%","val":"16.48"},{"fld":"U_DC","unit":"V","val":"29.20"},{"fld":"I_DC","unit":"A","val":"7.76"},{"fld":"P_DC","unit":"W","val":"226.90"},{"fld":"YieldDay","unit":"Wh","val":"1343.00"},{"fld":"YieldTotal","unit":"kWh","val":"610.29"},{"fld":"Irradiation","unit":"%","val":"56.73"},{"fld":"U_AC","unit":"V","val":"233.30"},{"fld":"I_AC","unit":"A","val":"1.20"},{"fld":"P_AC","unit":"W","val":"279.60"},{"fld":"Q_AC","unit":"var","val":"0.00"},{"fld":"F_AC","unit":"Hz","val":"50.03"},{"fld":"PF_AC","unit":"","val":"1.00"},{"fld":"Temp","unit":"°C","val":"60.70"},{"fld":"ALARM_MES_ID","unit":"","val":"251.00"},{"fld":"YieldDay","unit":"Wh","val":"2651.00"},{"fld":"YieldTotal","unit":"kWh","val":"1202.24"},{"fld":"P_DC","unit":"W","val":"292.80"},{"fld":"Efficiency","unit":"%","val":"95.49"}]]}