{"inverter":[[{"fld":"U_DC","unit":"V","val":"28.80"},{"fld":"I_DC","unit":"A","val":"8.89"},{"fld":"P_DC","unit":"W","val":"255.50"},{"fld":"YieldDay","unit":"Wh","val":"1214.00"},{"fld":"YieldTotal","unit":"kWh","val":"591.85"},{"fld":"Irradiation","unit":"%","val":"63.88"},{"fld":"U_DC","unit":"V","val":"28.90"},{"fld":"I_DC","unit":"A","val":"8.73"},{"fld":"P_DC","unit":"W","val":"251.70"},{"fld":"YieldDay","unit":"Wh","val":"1225.00"},{"fld":"YieldTotal","unit":"kWh","val":"610.17"},{"fld":"Irradiation","unit":"%","val":"62.92"},{"fld":"U_AC","unit":"V","val":"232.20"},{"fld":"I_AC","unit":"A","val":"2.08"},{"fld":"P_AC","unit":"W","val":"484.40"},{"fld":"Q_AC","unit":"var","val":"0.00"},{"fld":"F_AC","unit":"Hz","val":"49.96"},{"fld":"PF_AC","unit":"","val":"1.00"},{"fld":"Temp","unit":"°C","val":"64.50"},{"fld":"ALARM_MES_ID","unit":"","val":"251.00"},{"fld":"YieldDay","unit":"Wh","val":"2439.00"},{"fld":"YieldTotal","unit":"kWh","val":"1202.02"},{"fld":"P_DC","unit":"W","val":"507.20"},{"fld":"Efficiency","unit":"%","val":"95.50"}]]}