{"inverter":[[{"fld":"U_DC","unit":"V","val":"28.10"},{"fld":"I_DC","unit":"A","val":"10.06"},{"fld":"P_DC","unit":"W","val":"282.60"},{"fld":"YieldDay","unit":"Wh","val":"952.00"},{"fld":"YieldTotal","unit":"kWh","val":"591.59"},{"fld":"Irradiation","unit":"%","val":"70.65"},{"fld":"U_DC","unit":"V","val":"28.40"},{"fld":"I_DC","unit":"A","val":"9.85"},{"fld":"P_DC","unit":"W","val":"279.30"},{"fld":"YieldDay","unit":"Wh","val":"967.00"},{"fld":"YieldTotal","unit":"kWh","val":"609.92"},{"fld":"Irradiation","unit":"%","val":"69.82"},{"fld":"U_AC","unit":"V","val":"235.10"},{"fld":"I_AC","unit":"A","val":"2.28"},{"fld":"P_AC","unit":"W","val":"536.60"},{"fld":"Q_AC","unit":"var","val":"0.50"},{"fld":"F_AC","unit":"Hz","val":"50.00"},{"fld":"PF_AC","unit":"","val":"1.00"},{"fld":"Temp","unit":"°C","val":"65.50"},{"fld":"ALARM_MES_ID","unit":"","val":"251.00"},{"fld":"YieldDay","unit":"Wh","val":"1919.00"},{"fld":"YieldTotal","unit":"kWh","val":"1201.50"},{"fld":"P_DC","unit":"W","val":"561.90"},{"fld":"Efficiency","unit":"%","val":"95.50"}]]}