{"inverter":[[{"fld":"U_DC","unit":"V","val":"29.40"},{"fld":"I_DC","unit":"A","val":"0.92"},{"fld":"P_DC","unit":"W","val":"27.00"},{"fld":"YieldDay","unit":"Wh","val":"1338.00"},{"fld":"YieldTotal","unit":"kWh","val":"591.97"},{"fld":"Irradiation","unit":"%","val":"6.75"},{"fld":"U_DC","unit":"V","val":"28.90"},{"fld":"I_DC","unit":"A","val":"1.06"},{"fld":"P_DC","unit":"W","val":"30.50"},{"fld":"YieldDay","unit":"Wh","val":"1436.00"},{"fld":"YieldTotal","unit":"kWh","val":"610.39"},{"fld":"Irradiation","unit":"%","val":"7.63"},{"fld":"U_AC","unit":"V","val":"230.40"},{"fld":"I_AC","unit":"A","val":"0.24"},{"fld":"P_AC","unit":"W","val":"54.90"},{"fld":"Q_AC","unit":"var","val":"0.00"},{"fld":"F_AC","unit":"Hz","val":"49.98"},{"fld":"PF_AC","unit":"","val":"1.00"},{"fld":"Temp","unit":"°C","val":"54.60"},{"fld":"ALARM_MES_ID","unit":"","val":"251.00"},{"fld":"YieldDay","unit":"Wh","val":"2774.00"},{"fld":"YieldTotal","unit":"kWh","val":"1202.36"},{"fld":"P_DC","unit":"W","val":"57.50"},{"fld":"Efficiency","unit":"%","val":"95.48"}]]}