{"inverter":[[{"fld":"U_DC","unit":"V","val":"28.20"},{"fld":"I_DC","unit":"A","val":"10.02"},{"fld":"P_DC","unit":"W","val":"282.30"},{"fld":"YieldDay","unit":"Wh","val":"970.00"},{"fld":"YieldTotal","unit":"kWh","val":"591.60"},{"fld":"Irradiation","unit":"%","val":"70.57"},{"fld":"U_DC","unit":"V","val":"28.30"},{"fld":"I_DC","unit":"A","val":"9.83"},{"fld":"P_DC","unit":"W","val":"278.00"},{"fld":"YieldDay","unit":"Wh","val":"985.00"},{"fld":"YieldTotal","unit":"kWh","val":"609.93"},{"fld":"Irradiation","unit":"%","val":"69.50"},{"fld":"U_AC","unit":"V","val":"233.90"},{"fld":"I_AC","unit":"A","val":"2.29"},{"fld":"P_AC","unit":"W","val":"535.10"},{"fld":"Q_AC","unit":"var","val":"0.50"},{"fld":"F_AC","unit":"Hz","val":"50.01"},{"fld":"PF_AC","unit":"","val":"1.00"},{"fld":"Temp","unit":"°C","val":"65.80"},{"fld":"ALARM_MES_ID","unit":"","val":"251.00"},{"fld":"YieldDay","unit":"Wh","val":"1955.00"},{"fld":"YieldTotal","unit":"kWh","val":"1201.54"},{"fld":"P_DC","unit":"W","val":"560.30"},{"fld":"Efficiency","unit":"%","val":"95.50"}]]}