{"inverter":[[{"fld":"U_DC","unit":"V","val":"28.30"},{"fld":"I_DC","unit":"A","val":"10.32"},{"fld":"P_DC","unit":"W","val":"291.60"},{"fld":"YieldDay","unit":"Wh","val":"842.00"},{"fld":"YieldTotal","unit":"kWh","val":"591.48"},{"fld":"Irradiation","unit":"%","val":"72.90"},{"fld":"U_DC","unit":"V","val":"28.60"},{"fld":"I_DC","unit":"A","val":"10.13"},{"fld":"P_DC","unit":"W","val":"288.80"},{"fld":"YieldDay","unit":"Wh","val":"859.00"},{"fld":"YieldTotal","unit":"kWh","val":"609.81"},{"fld":"Irradiation","unit":"%","val":"72.20"},{"fld":"U_AC","unit":"V","val":"234.80"},{"fld":"I_AC","unit":"A","val":"2.36"},{"fld":"P_AC","unit":"W","val":"554.30"},{"fld":"Q_AC","unit":"var","val":"0.00"},{"fld":"F_AC","unit":"Hz","val":"50.03"},{"fld":"PF_AC","unit":"","val":"1.00"},{"fld":"Temp","unit":"°C","val":"64.20"},{"fld":"ALARM_MES_ID","unit":"","val":"251.00"},{"fld":"YieldDay","unit":"Wh","val":"1701.00"},{"fld":"YieldTotal","unit":"kWh","val":"1201.29"},{"fld":"P_DC","unit":"W","val":"580.40"},{"fld":"Efficiency","unit":"%","val":"95.50"}]]}