{"inverter":[[{"fld":"U_DC","unit":"V","val":"28.60"},{"fld":"I_DC","unit":"A","val":"10.12"},{"fld":"P_DC","unit":"W","val":"288.60"},{"fld":"YieldDay","unit":"Wh","val":"446.00"},{"fld":"YieldTotal","unit":"kWh","val":"591.08"},{"fld":"Irradiation","unit":"%","val":"72.15"},{"fld":"U_DC","unit":"V","val":"28.70"},{"fld":"I_DC","unit":"A","val":"9.98"},{"fld":"P_DC","unit":"W","val":"285.90"},{"fld":"YieldDay","unit":"Wh","val":"465.00"},{"fld":"YieldTotal","unit":"kWh","val":"609.41"},{"fld":"Irradiation","unit":"%","val":"71.47"},{"fld":"U_AC","unit":"V","val":"233.60"},{"fld":"I_AC","unit":"A","val":"2.35"},{"fld":"P_AC","unit":"W","val":"548.60"},{"fld":"Q_AC","unit":"var","val":"0.00"},{"fld":"F_AC","unit":"Hz","val":"50.01"},{"fld":"PF_AC","unit":"","val":"1.00"},{"fld":"Temp","unit":"°C","val":"60.30"},{"fld":"ALARM_MES_ID","unit":"","val":"251.00"},{"fld":"YieldDay","unit":"Wh","val":"911.00"},{"fld":"YieldTotal","unit":"kWh","val":"1200.50"},{"fld":"P_DC","unit":"W","val":"574.50"},{"fld":"Efficiency","unit":"%","val":"95.49"}]]}