{"inverter":[[{"fld":"U_DC","unit":"V","val":"28.40"},{"fld":"I_DC","unit":"A","val":"10.13"},{"fld":"P_DC","unit":"W","val":"287.50"},{"fld":"YieldDay","unit":"Wh","val":"436.00"},{"fld":"YieldTotal","unit":"kWh","val":"591.07"},{"fld":"Irradiation","unit":"%","val":"71.88"},{"fld":"U_DC","unit":"V","val":"28.70"},{"fld":"I_DC","unit":"A","val":"9.97"},{"fld":"P_DC","unit":"W","val":"285.70"},{"fld":"YieldDay","unit":"Wh","val":"455.00"},{"fld":"YieldTotal","unit":"kWh","val":"609.41"},{"fld":"Irradiation","unit":"%","val":"71.43"},{"fld":"U_AC","unit":"V","val":"234.20"},{"fld":"I_AC","unit":"A","val":"2.34"},{"fld":"P_AC","unit":"W","val":"547.40"},{"fld":"Q_AC","unit":"var","val":"0.00"},{"fld":"F_AC","unit":"Hz","val":"50.03"},{"fld":"PF_AC","unit":"","val":"1.00"},{"fld":"Temp","unit":"°C","val":"60.00"},{"fld":"ALARM_MES_ID","unit":"","val":"251.00"},{"fld":"YieldDay","unit":"Wh","val":"891.00"},{"fld":"YieldTotal","unit":"kWh","val":"1200.48"},{"fld":"P_DC","unit":"W","val":"573.20"},{"fld":"Efficiency","unit":"%","val":"95.50"}]]}