{"inverter":[[{"fld":"U_DC","unit":"V","val":"28.40"},{"fld":"I_DC","unit":"A","val":"10.33"},{"fld":"P_DC","unit":"W","val":"292.90"},{"fld":"YieldDay","unit":"Wh","val":"861.00"},{"fld":"YieldTotal","unit":"kWh","val":"591.50"},{"fld":"Irradiation","unit":"%","val":"73.22"},{"fld":"U_DC","unit":"V","val":"28.70"},{"fld":"I_DC","unit":"A","val":"10.12"},{"fld":"P_DC","unit":"W","val":"289.50"},{"fld":"YieldDay","unit":"Wh","val":"877.00"},{"fld":"YieldTotal","unit":"kWh","val":"609.83"},{"fld":"Irradiation","unit":"%","val":"72.38"},{"fld":"U_AC","unit":"V","val":"233.30"},{"fld":"I_AC","unit":"A","val":"2.38"},{"fld":"P_AC","unit":"W","val":"556.20"},{"fld":"Q_AC","unit":"var","val":"0.50"},{"fld":"F_AC","unit":"Hz","val":"49.99"},{"fld":"PF_AC","unit":"","val":"1.00"},{"fld":"Temp","unit":"°C","val":"64.00"},{"fld":"ALARM_MES_ID","unit":"","val":"251.00"},{"fld":"YieldDay","unit":"Wh","val":"1738.00"},{"fld":"YieldTotal","unit":"kWh","val":"1201.32"},{"fld":"P_DC","unit":"W","val":"582.40"},{"fld":"Efficiency","unit":"%","val":"95.50"}]]}