{"inverter":[[{"fld":"U_DC","unit":"V","val":"31.30"},{"fld":"I_DC","unit":"A","val":"1.67"},{"fld":"P_DC","unit":"W","val":"52.30"},{"fld":"YieldDay","unit":"Wh","val":"1376.00"},{"fld":"YieldTotal","unit":"kWh","val":"592.01"},{"fld":"Irradiation","unit":"%","val":"13.07"},{"fld":"U_DC","unit":"V","val":"30.30"},{"fld":"I_DC","unit":"A","val":"4.93"},{"fld":"P_DC","unit":"W","val":"149.10"},{"fld":"YieldDay","unit":"Wh","val":"1549.00"},{"fld":"YieldTotal","unit":"kWh","val":"610.50"},{"fld":"Irradiation","unit":"%","val":"37.28"},{"fld":"U_AC","unit":"V","val":"232.80"},{"fld":"I_AC","unit":"A","val":"0.83"},{"fld":"P_AC","unit":"W","val":"192.30"},{"fld":"Q_AC","unit":"var","val":"0.20"},{"fld":"F_AC","unit":"Hz","val":"50.01"},{"fld":"PF_AC","unit":"","val":"1.00"},{"fld":"Temp","unit":"°C","val":"51.60"},{"fld":"ALARM_MES_ID","unit":"","val":"251.00"},{"fld":"YieldDay","unit":"Wh","val":"2925.00"},{"fld":"YieldTotal","unit":"kWh","val":"1202.51"},{"fld":"P_DC","unit":"W","val":"201.40"},{"fld":"Efficiency","unit":"%","val":"95.48"}]]}