{"inverter":[[{"fld":"U_DC","unit":"V","val":"28.40"},{"fld":"I_DC","unit":"A","val":"10.36"},{"fld":"P_DC","unit":"W","val":"293.90"},{"fld":"YieldDay","unit":"Wh","val":"726.00"},{"fld":"YieldTotal","unit":"kWh","val":"591.36"},{"fld":"Irradiation","unit":"%","val":"73.47"},{"fld":"U_DC","unit":"V","val":"28.60"},{"fld":"I_DC","unit":"A","val":"10.20"},{"fld":"P_DC","unit":"W","val":"291.80"},{"fld":"YieldDay","unit":"Wh","val":"744.00"},{"fld":"YieldTotal","unit":"kWh","val":"609.69"},{"fld":"Irradiation","unit":"%","val":"72.95"},{"fld":"U_AC","unit":"V","val":"232.70"},{"fld":"I_AC","unit":"A","val":"2.40"},{"fld":"P_AC","unit":"W","val":"559.30"},{"fld":"Q_AC","unit":"var","val":"0.00"},{"fld":"F_AC","unit":"Hz","val":"50.02"},{"fld":"PF_AC","unit":"","val":"1.00"},{"fld":"Temp","unit":"°C","val":"62.50"},{"fld":"ALARM_MES_ID","unit":"","val":"251.00"},{"fld":"YieldDay","unit":"Wh","val":"1470.00"},{"fld":"YieldTotal","unit":"kWh","val":"1201.05"},{"fld":"P_DC","unit":"W","val":"585.70"},{"fld":"Efficiency","unit":"%","val":"95.49"}]]}