{"inverter":[[{"fld":"U_DC","unit":"V","val":"28.40"},{"fld":"I_DC","unit":"A","val":"9.86"},{"fld":"P_DC","unit":"W","val":"280.00"},{"fld":"YieldDay","unit":"Wh","val":"1006.00"},{"fld":"YieldTotal","unit":"kWh","val":"591.64"},{"fld":"Irradiation","unit":"%","val":"70.00"},{"fld":"U_DC","unit":"V","val":"28.40"},{"fld":"I_DC","unit":"A","val":"9.65"},{"fld":"P_DC","unit":"W","val":"273.60"},{"fld":"YieldDay","unit":"Wh","val":"1020.00"},{"fld":"YieldTotal","unit":"kWh","val":"609.97"},{"fld":"Irradiation","unit":"%","val":"68.40"},{"fld":"U_AC","unit":"V","val":"234.50"},{"fld":"I_AC","unit":"A","val":"2.25"},{"fld":"P_AC","unit":"W","val":"528.70"},{"fld":"Q_AC","unit":"var","val":"0.00"},{"fld":"F_AC","unit":"Hz","val":"50.01"},{"fld":"PF_AC","unit":"","val":"1.00"},{"fld":"Temp","unit":"°C","val":"65.30"},{"fld":"ALARM_MES_ID","unit":"","val":"251.00"},{"fld":"YieldDay","unit":"Wh","val":"2026.00"},{"fld":"YieldTotal","unit":"kWh","val":"1201.61"},{"fld":"P_DC","unit":"W","val":"553.60"},{"fld":"Efficiency","unit":"%","val":"95.50"}]]}