{"inverter":[[{"fld":"U_DC","unit":"V","val":"33.40"},{"fld":"I_DC","unit":"A","val":"0.93"},{"fld":"P_DC","unit":"W","val":"31.20"},{"fld":"YieldDay","unit":"Wh","val":"128.00"},{"fld":"YieldTotal","unit":"kWh","val":"590.76"},{"fld":"Irradiation","unit":"%","val":"7.80"},{"fld":"U_DC","unit":"V","val":"33.70"},{"fld":"I_DC","unit":"A","val":"0.94"},{"fld":"P_DC","unit":"W","val":"31.80"},{"fld":"YieldDay","unit":"Wh","val":"132.00"},{"fld":"YieldTotal","unit":"kWh","val":"609.08"},{"fld":"Irradiation","unit":"%","val":"7.95"},{"fld":"U_AC","unit":"V","val":"231.00"},{"fld":"I_AC","unit":"A","val":"0.26"},{"fld":"P_AC","unit":"W","val":"60.20"},{"fld":"Q_AC","unit":"var","val":"0.10"},{"fld":"F_AC","unit":"Hz","val":"50.02"},{"fld":"PF_AC","unit":"","val":"1.00"},{"fld":"Temp","unit":"°C","val":"37.90"},{"fld":"ALARM_MES_ID","unit":"","val":"251.00"},{"fld":"YieldDay","unit":"Wh","val":"260.00"},{"fld":"YieldTotal","unit":"kWh","val":"1199.84"},{"fld":"P_DC","unit":"W","val":"63.00"},{"fld":"Efficiency","unit":"%","val":"95.56"}]]}