{"inverter":[[{"fld":"U_DC","unit":"V","val":"31.30"},{"fld":"I_DC","unit":"A","val":"1.63"},{"fld":"P_DC","unit":"W","val":"51.10"},{"fld":"YieldDay","unit":"Wh","val":"1390.00"},{"fld":"YieldTotal","unit":"kWh","val":"592.03"},{"fld":"Irradiation","unit":"%","val":"12.77"},{"fld":"U_DC","unit":"V","val":"30.10"},{"fld":"I_DC","unit":"A","val":"4.47"},{"fld":"P_DC","unit":"W","val":"134.40"},{"fld":"YieldDay","unit":"Wh","val":"1588.00"},{"fld":"YieldTotal","unit":"kWh","val":"610.54"},{"fld":"Irradiation","unit":"%","val":"33.60"},{"fld":"U_AC","unit":"V","val":"228.30"},{"fld":"I_AC","unit":"A","val":"0.78"},{"fld":"P_AC","unit":"W","val":"177.10"},{"fld":"Q_AC","unit":"var","val":"0.00"},{"fld":"F_AC","unit":"Hz","val":"50.02"},{"fld":"PF_AC","unit":"","val":"1.00"},{"fld":"Temp","unit":"°C","val":"51.40"},{"fld":"ALARM_MES_ID","unit":"","val":"251.00"},{"fld":"YieldDay","unit":"Wh","val":"2978.00"},{"fld":"YieldTotal","unit":"kWh","val":"1202.56"},{"fld":"P_DC","unit":"W","val":"185.50"},{"fld":"Efficiency","unit":"%","val":"95.47"}]]}