{"inverter":[[{"fld":"U_DC","unit":"V","val":"28.70"},{"fld":"I_DC","unit":"A","val":"8.70"},{"fld":"P_DC","unit":"W","val":"248.80"},{"fld":"YieldDay","unit":"Wh","val":"1234.00"},{"fld":"YieldTotal","unit":"kWh","val":"591.87"},{"fld":"Irradiation","unit":"%","val":"62.20"},{"fld":"U_DC","unit":"V","val":"28.90"},{"fld":"I_DC","unit":"A","val":"8.49"},{"fld":"P_DC","unit":"W","val":"245.50"},{"fld":"YieldDay","unit":"Wh","val":"1245.00"},{"fld":"YieldTotal","unit":"kWh","val":"610.20"},{"fld":"Irradiation","unit":"%","val":"61.38"},{"fld":"U_AC","unit":"V","val":"231.00"},{"fld":"I_AC","unit":"A","val":"2.05"},{"fld":"P_AC","unit":"W","val":"472.00"},{"fld":"Q_AC","unit":"var","val":"0.00"},{"fld":"F_AC","unit":"Hz","val":"49.97"},{"fld":"PF_AC","unit":"","val":"1.00"},{"fld":"Temp","unit":"°C","val":"64.40"},{"fld":"ALARM_MES_ID","unit":"","val":"251.00"},{"fld":"YieldDay","unit":"Wh","val":"2479.00"},{"fld":"YieldTotal","unit":"kWh","val":"1202.06"},{"fld":"P_DC","unit":"W","val":"494.30"},{"fld":"Efficiency","unit":"%","val":"95.49"}]]}