{"inverter":[[{"fld":"U_DC","unit":"V","val":"28.60"},{"fld":"I_DC","unit":"A","val":"10.41"},{"fld":"P_DC","unit":"W","val":"297.40"},{"fld":"YieldDay","unit":"Wh","val":"707.00"},{"fld":"YieldTotal","unit":"kWh","val":"591.34"},{"fld":"Irradiation","unit":"%","val":"74.35"},{"fld":"U_DC","unit":"V","val":"28.90"},{"fld":"I_DC","unit":"A","val":"10.25"},{"fld":"P_DC","unit":"W","val":"295.40"},{"fld":"YieldDay","unit":"Wh","val":"725.00"},{"fld":"YieldTotal","unit":"kWh","val":"609.67"},{"fld":"Irradiation","unit":"%","val":"73.85"},{"fld":"U_AC","unit":"V","val":"233.00"},{"fld":"I_AC","unit":"A","val":"2.43"},{"fld":"P_AC","unit":"W","val":"566.10"},{"fld":"Q_AC","unit":"var","val":"0.50"},{"fld":"F_AC","unit":"Hz","val":"50.04"},{"fld":"PF_AC","unit":"","val":"1.00"},{"fld":"Temp","unit":"°C","val":"62.80"},{"fld":"ALARM_MES_ID","unit":"","val":"251.00"},{"fld":"YieldDay","unit":"Wh","val":"1432.00"},{"fld":"YieldTotal","unit":"kWh","val":"1201.02"},{"fld":"P_DC","unit":"W","val":"592.80"},{"fld":"Efficiency","unit":"%","val":"95.50"}]]}