{"inverter":[[{"fld":"U_DC","unit":"V","val":"28.60"},{"fld":"I_DC","unit":"A","val":"9.67"},{"fld":"P_DC","unit":"W","val":"276.40"},{"fld":"YieldDay","unit":"Wh","val":"1051.00"},{"fld":"YieldTotal","unit":"kWh","val":"591.69"},{"fld":"Irradiation","unit":"%","val":"69.10"},{"fld":"U_DC","unit":"V","val":"28.90"},{"fld":"I_DC","unit":"A","val":"9.47"},{"fld":"P_DC","unit":"W","val":"273.40"},{"fld":"YieldDay","unit":"Wh","val":"1064.00"},{"fld":"YieldTotal","unit":"kWh","val":"610.01"},{"fld":"Irradiation","unit":"%","val":"68.35"},{"fld":"U_AC","unit":"V","val":"234.10"},{"fld":"I_AC","unit":"A","val":"2.24"},{"fld":"P_AC","unit":"W","val":"525.10"},{"fld":"Q_AC","unit":"var","val":"0.00"},{"fld":"F_AC","unit":"Hz","val":"50.04"},{"fld":"PF_AC","unit":"","val":"1.00"},{"fld":"Temp","unit":"°C","val":"64.90"},{"fld":"ALARM_MES_ID","unit":"","val":"251.00"},{"fld":"YieldDay","unit":"Wh","val":"2115.00"},{"fld":"YieldTotal","unit":"kWh","val":"1201.70"},{"fld":"P_DC","unit":"W","val":"549.80"},{"fld":"Efficiency","unit":"%","val":"95.51"}]]}