{"inverter":[[{"fld":"U_DC","unit":"V","val":"28.60"},{"fld":"I_DC","unit":"A","val":"10.23"},{"fld":"P_DC","unit":"W","val":"291.70"},{"fld":"YieldDay","unit":"Wh","val":"469.00"},{"fld":"YieldTotal","unit":"kWh","val":"591.10"},{"fld":"Irradiation","unit":"%","val":"72.93"},{"fld":"U_DC","unit":"V","val":"28.80"},{"fld":"I_DC","unit":"A","val":"10.05"},{"fld":"P_DC","unit":"W","val":"289.10"},{"fld":"YieldDay","unit":"Wh","val":"487.00"},{"fld":"YieldTotal","unit":"kWh","val":"609.44"},{"fld":"Irradiation","unit":"%","val":"72.28"},{"fld":"U_AC","unit":"V","val":"234.80"},{"fld":"I_AC","unit":"A","val":"2.36"},{"fld":"P_AC","unit":"W","val":"554.70"},{"fld":"Q_AC","unit":"var","val":"0.50"},{"fld":"F_AC","unit":"Hz","val":"50.01"},{"fld":"PF_AC","unit":"","val":"1.00"},{"fld":"Temp","unit":"°C","val":"60.30"},{"fld":"ALARM_MES_ID","unit":"","val":"251.00"},{"fld":"YieldDay","unit":"Wh","val":"956.00"},{"fld":"YieldTotal","unit":"kWh","val":"1200.54"},{"fld":"P_DC","unit":"W","val":"580.80"},{"fld":"Efficiency","unit":"%","val":"95.51"}]]}