{"inverter":[[{"fld":"U_DC","unit":"V","val":"28.80"},{"fld":"I_DC","unit":"A","val":"8.90"},{"fld":"P_DC","unit":"W","val":"255.60"},{"fld":"YieldDay","unit":"Wh","val":"1202.00"},{"fld":"YieldTotal","unit":"kWh","val":"591.84"},{"fld":"Irradiation","unit":"%","val":"63.90"},{"fld":"U_DC","unit":"V","val":"29.00"},{"fld":"I_DC","unit":"A","val":"8.70"},{"fld":"P_DC","unit":"W","val":"251.60"},{"fld":"YieldDay","unit":"Wh","val":"1213.00"},{"fld":"YieldTotal","unit":"kWh","val":"610.16"},{"fld":"Irradiation","unit":"%","val":"62.90"},{"fld":"U_AC","unit":"V","val":"232.40"},{"fld":"I_AC","unit":"A","val":"2.08"},{"fld":"P_AC","unit":"W","val":"484.40"},{"fld":"Q_AC","unit":"var","val":"0.40"},{"fld":"F_AC","unit":"Hz","val":"49.97"},{"fld":"PF_AC","unit":"","val":"1.00"},{"fld":"Temp","unit":"°C","val":"64.90"},{"fld":"ALARM_MES_ID","unit":"","val":"251.00"},{"fld":"YieldDay","unit":"Wh","val":"2415.00"},{"fld":"YieldTotal","unit":"kWh","val":"1202.00"},{"fld":"P_DC","unit":"W","val":"507.20"},{"fld":"Efficiency","unit":"%","val":"95.50"}]]}