{"inverter":[[{"fld":"U_DC","unit":"V","val":"30.40"},{"fld":"I_DC","unit":"A","val":"5.20"},{"fld":"P_DC","unit":"W","val":"158.10"},{"fld":"YieldDay","unit":"Wh","val":"1292.00"},{"fld":"YieldTotal","unit":"kWh","val":"591.93"},{"fld":"Irradiation","unit":"%","val":"39.53"},{"fld":"U_DC","unit":"V","val":"29.50"},{"fld":"I_DC","unit":"A","val":"8.03"},{"fld":"P_DC","unit":"W","val":"236.50"},{"fld":"YieldDay","unit":"Wh","val":"1310.00"},{"fld":"YieldTotal","unit":"kWh","val":"610.26"},{"fld":"Irradiation","unit":"%","val":"59.13"},{"fld":"U_AC","unit":"V","val":"231.70"},{"fld":"I_AC","unit":"A","val":"1.63"},{"fld":"P_AC","unit":"W","val":"376.90"},{"fld":"Q_AC","unit":"var","val":"0.00"},{"fld":"F_AC","unit":"Hz","val":"50.05"},{"fld":"PF_AC","unit":"","val":"1.00"},{"fld":"Temp","unit":"°C","val":"61.60"},{"fld":"ALARM_MES_ID","unit":"","val":"251.00"},{"fld":"YieldDay","unit":"Wh","val":"2602.00"},{"fld":"YieldTotal","unit":"kWh","val":"1202.19"},{"fld":"P_DC","unit":"W","val":"394.60"},{"fld":"Efficiency","unit":"%","val":"95.51"}]]}