{"inverter":[[{"fld":"U_DC","unit":"V","val":"28.90"},{"fld":"I_DC","unit":"A","val":"9.59"},{"fld":"P_DC","unit":"W","val":"277.30"},{"fld":"YieldDay","unit":"Wh","val":"252.00"},{"fld":"YieldTotal","unit":"kWh","val":"590.89"},{"fld":"Irradiation","unit":"%","val":"69.32"},{"fld":"U_DC","unit":"V","val":"29.20"},{"fld":"I_DC","unit":"A","val":"9.45"},{"fld":"P_DC","unit":"W","val":"275.70"},{"fld":"YieldDay","unit":"Wh","val":"272.00"},{"fld":"YieldTotal","unit":"kWh","val":"609.22"},{"fld":"Irradiation","unit":"%","val":"68.93"},{"fld":"U_AC","unit":"V","val":"231.80"},{"fld":"I_AC","unit":"A","val":"2.28"},{"fld":"P_AC","unit":"W","val":"528.10"},{"fld":"Q_AC","unit":"var","val":"0.50"},{"fld":"F_AC","unit":"Hz","val":"50.03"},{"fld":"PF_AC","unit":"","val":"1.00"},{"fld":"Temp","unit":"°C","val":"49.40"},{"fld":"ALARM_MES_ID","unit":"","val":"251.00"},{"fld":"YieldDay","unit":"Wh","val":"524.00"},{"fld":"YieldTotal","unit":"kWh","val":"1200.11"},{"fld":"P_DC","unit":"W","val":"553.00"},{"fld":"Efficiency","unit":"%","val":"95.50"}]]}