{"inverter":[[{"fld":"U_DC","unit":"V","val":"28.50"},{"fld":"I_DC","unit":"A","val":"0.80"},{"fld":"P_DC","unit":"W","val":"22.60"},{"fld":"YieldDay","unit":"Wh","val":"1336.00"},{"fld":"YieldTotal","unit":"kWh","val":"591.97"},{"fld":"Irradiation","unit":"%","val":"5.65"},{"fld":"U_DC","unit":"V","val":"28.30"},{"fld":"I_DC","unit":"A","val":"0.82"},{"fld":"P_DC","unit":"W","val":"23.20"},{"fld":"YieldDay","unit":"Wh","val":"1433.00"},{"fld":"YieldTotal","unit":"kWh","val":"610.38"},{"fld":"Irradiation","unit":"%","val":"5.80"},{"fld":"U_AC","unit":"V","val":"231.30"},{"fld":"I_AC","unit":"A","val":"0.19"},{"fld":"P_AC","unit":"W","val":"43.70"},{"fld":"Q_AC","unit":"var","val":"0.00"},{"fld":"F_AC","unit":"Hz","val":"50.00"},{"fld":"PF_AC","unit":"","val":"1.00"},{"fld":"Temp","unit":"°C","val":"55.60"},{"fld":"ALARM_MES_ID","unit":"","val":"251.00"},{"fld":"YieldDay","unit":"Wh","val":"2769.00"},{"fld":"YieldTotal","unit":"kWh","val":"1202.35"},{"fld":"P_DC","unit":"W","val":"45.80"},{"fld":"Efficiency","unit":"%","val":"95.41"}]]}