{"inverter":[[{"fld":"U_DC","unit":"V","val":"28.60"},{"fld":"I_DC","unit":"A","val":"9.92"},{"fld":"P_DC","unit":"W","val":"283.00"},{"fld":"YieldDay","unit":"Wh","val":"337.00"},{"fld":"YieldTotal","unit":"kWh","val":"590.97"},{"fld":"Irradiation","unit":"%","val":"70.75"},{"fld":"U_DC","unit":"V","val":"28.80"},{"fld":"I_DC","unit":"A","val":"9.80"},{"fld":"P_DC","unit":"W","val":"281.30"},{"fld":"YieldDay","unit":"Wh","val":"357.00"},{"fld":"YieldTotal","unit":"kWh","val":"609.31"},{"fld":"Irradiation","unit":"%","val":"70.32"},{"fld":"U_AC","unit":"V","val":"234.60"},{"fld":"I_AC","unit":"A","val":"2.30"},{"fld":"P_AC","unit":"W","val":"538.90"},{"fld":"Q_AC","unit":"var","val":"0.00"},{"fld":"F_AC","unit":"Hz","val":"50.01"},{"fld":"PF_AC","unit":"","val":"1.00"},{"fld":"Temp","unit":"°C","val":"55.80"},{"fld":"ALARM_MES_ID","unit":"","val":"251.00"},{"fld":"YieldDay","unit":"Wh","val":"694.00"},{"fld":"YieldTotal","unit":"kWh","val":"1200.28"},{"fld":"P_DC","unit":"W","val":"564.30"},{"fld":"Efficiency","unit":"%","val":"95.50"}]]}