{"inverter":[[{"fld":"U_DC","unit":"V","val":"31.40"},{"fld":"I_DC","unit":"A","val":"1.84"},{"fld":"P_DC","unit":"W","val":"57.70"},{"fld":"YieldDay","unit":"Wh","val":"1350.00"},{"fld":"YieldTotal","unit":"kWh","val":"591.98"},{"fld":"Irradiation","unit":"%","val":"14.43"},{"fld":"U_DC","unit":"V","val":"30.00"},{"fld":"I_DC","unit":"A","val":"6.09"},{"fld":"P_DC","unit":"W","val":"183.00"},{"fld":"YieldDay","unit":"Wh","val":"1470.00"},{"fld":"YieldTotal","unit":"kWh","val":"610.42"},{"fld":"Irradiation","unit":"%","val":"45.75"},{"fld":"U_AC","unit":"V","val":"230.30"},{"fld":"I_AC","unit":"A","val":"1.00"},{"fld":"P_AC","unit":"W","val":"229.90"},{"fld":"Q_AC","unit":"var","val":"0.00"},{"fld":"F_AC","unit":"Hz","val":"50.05"},{"fld":"PF_AC","unit":"","val":"1.00"},{"fld":"Temp","unit":"°C","val":"52.50"},{"fld":"ALARM_MES_ID","unit":"","val":"251.00"},{"fld":"YieldDay","unit":"Wh","val":"2820.00"},{"fld":"YieldTotal","unit":"kWh","val":"1202.41"},{"fld":"P_DC","unit":"W","val":"240.70"},{"fld":"Efficiency","unit":"%","val":"95.51"}]]}