{"inverter":[[{"fld":"U_DC","unit":"V","val":"29.60"},{"fld":"I_DC","unit":"A","val":"5.12"},{"fld":"P_DC","unit":"W","val":"151.40"},{"fld":"YieldDay","unit":"Wh","val":"148.00"},{"fld":"YieldTotal","unit":"kWh","val":"590.78"},{"fld":"Irradiation","unit":"%","val":"37.85"},{"fld":"U_DC","unit":"V","val":"30.90"},{"fld":"I_DC","unit":"A","val":"5.18"},{"fld":"P_DC","unit":"W","val":"160.10"},{"fld":"YieldDay","unit":"Wh","val":"157.00"},{"fld":"YieldTotal","unit":"kWh","val":"609.11"},{"fld":"Irradiation","unit":"%","val":"40.03"},{"fld":"U_AC","unit":"V","val":"231.90"},{"fld":"I_AC","unit":"A","val":"1.28"},{"fld":"P_AC","unit":"W","val":"297.50"},{"fld":"Q_AC","unit":"var","val":"0.00"},{"fld":"F_AC","unit":"Hz","val":"50.02"},{"fld":"PF_AC","unit":"","val":"1.00"},{"fld":"Temp","unit":"°C","val":"39.40"},{"fld":"ALARM_MES_ID","unit":"","val":"251.00"},{"fld":"YieldDay","unit":"Wh","val":"305.00"},{"fld":"YieldTotal","unit":"kWh","val":"1199.89"},{"fld":"P_DC","unit":"W","val":"311.50"},{"fld":"Efficiency","unit":"%","val":"95.51"}]]}