{"inverter":[[{"fld":"U_DC","unit":"V","val":"31.60"},{"fld":"I_DC","unit":"A","val":"1.86"},{"fld":"P_DC","unit":"W","val":"58.80"},{"fld":"YieldDay","unit":"Wh","val":"1345.00"},{"fld":"YieldTotal","unit":"kWh","val":"591.98"},{"fld":"Irradiation","unit":"%","val":"14.70"},{"fld":"U_DC","unit":"V","val":"30.30"},{"fld":"I_DC","unit":"A","val":"6.18"},{"fld":"P_DC","unit":"W","val":"186.80"},{"fld":"YieldDay","unit":"Wh","val":"1457.00"},{"fld":"YieldTotal","unit":"kWh","val":"610.41"},{"fld":"Irradiation","unit":"%","val":"46.70"},{"fld":"U_AC","unit":"V","val":"230.60"},{"fld":"I_AC","unit":"A","val":"1.02"},{"fld":"P_AC","unit":"W","val":"234.60"},{"fld":"Q_AC","unit":"var","val":"0.00"},{"fld":"F_AC","unit":"Hz","val":"49.97"},{"fld":"PF_AC","unit":"","val":"1.00"},{"fld":"Temp","unit":"°C","val":"52.50"},{"fld":"ALARM_MES_ID","unit":"","val":"251.00"},{"fld":"YieldDay","unit":"Wh","val":"2802.00"},{"fld":"YieldTotal","unit":"kWh","val":"1202.39"},{"fld":"P_DC","unit":"W","val":"245.60"},{"fld":"Efficiency","unit":"%","val":"95.52"}]]}