{"inverter":[[{"fld":"U_DC","unit":"V","val":"31.80"},{"fld":"I_DC","unit":"A","val":"2.03"},{"fld":"P_DC","unit":"W","val":"64.50"},{"fld":"YieldDay","unit":"Wh","val":"1327.00"},{"fld":"YieldTotal","unit":"kWh","val":"591.96"},{"fld":"Irradiation","unit":"%","val":"16.13"},{"fld":"U_DC","unit":"V","val":"29.80"},{"fld":"I_DC","unit":"A","val":"7.21"},{"fld":"P_DC","unit":"W","val":"214.60"},{"fld":"YieldDay","unit":"Wh","val":"1405.00"},{"fld":"YieldTotal","unit":"kWh","val":"610.35"},{"fld":"Irradiation","unit":"%","val":"53.65"},{"fld":"U_AC","unit":"V","val":"233.10"},{"fld":"I_AC","unit":"A","val":"1.14"},{"fld":"P_AC","unit":"W","val":"266.60"},{"fld":"Q_AC","unit":"var","val":"0.00"},{"fld":"F_AC","unit":"Hz","val":"50.00"},{"fld":"PF_AC","unit":"","val":"1.00"},{"fld":"Temp","unit":"°C","val":"58.00"},{"fld":"ALARM_MES_ID","unit":"","val":"251.00"},{"fld":"YieldDay","unit":"Wh","val":"2732.00"},{"fld":"YieldTotal","unit":"kWh","val":"1202.32"},{"fld":"P_DC","unit":"W","val":"279.10"},{"fld":"Efficiency","unit":"%","val":"95.52"}]]}