{"inverter":[[{"fld":"U_DC","unit":"V","val":"30.20"},{"fld":"I_DC","unit":"A","val":"5.34"},{"fld":"P_DC","unit":"W","val":"161.50"},{"fld":"YieldDay","unit":"Wh","val":"167.00"},{"fld":"YieldTotal","unit":"kWh","val":"590.80"},{"fld":"Irradiation","unit":"%","val":"40.38"},{"fld":"U_DC","unit":"V","val":"31.80"},{"fld":"I_DC","unit":"A","val":"5.51"},{"fld":"P_DC","unit":"W","val":"174.70"},{"fld":"YieldDay","unit":"Wh","val":"177.00"},{"fld":"YieldTotal","unit":"kWh","val":"609.13"},{"fld":"Irradiation","unit":"%","val":"43.67"},{"fld":"U_AC","unit":"V","val":"231.90"},{"fld":"I_AC","unit":"A","val":"1.39"},{"fld":"P_AC","unit":"W","val":"321.10"},{"fld":"Q_AC","unit":"var","val":"0.00"},{"fld":"F_AC","unit":"Hz","val":"50.00"},{"fld":"PF_AC","unit":"","val":"1.00"},{"fld":"Temp","unit":"°C","val":"41.20"},{"fld":"ALARM_MES_ID","unit":"","val":"251.00"},{"fld":"YieldDay","unit":"Wh","val":"344.00"},{"fld":"YieldTotal","unit":"kWh","val":"1199.93"},{"fld":"P_DC","unit":"W","val":"336.20"},{"fld":"Efficiency","unit":"%","val":"95.51"}]]}