{"inverter":[[{"fld":"U_DC","unit":"V","val":"28.10"},{"fld":"I_DC","unit":"A","val":"10.14"},{"fld":"P_DC","unit":"W","val":"284.50"},{"fld":"YieldDay","unit":"Wh","val":"946.00"},{"fld":"YieldTotal","unit":"kWh","val":"591.58"},{"fld":"Irradiation","unit":"%","val":"71.13"},{"fld":"U_DC","unit":"V","val":"28.40"},{"fld":"I_DC","unit":"A","val":"9.91"},{"fld":"P_DC","unit":"W","val":"281.10"},{"fld":"YieldDay","unit":"Wh","val":"961.00"},{"fld":"YieldTotal","unit":"kWh","val":"609.91"},{"fld":"Irradiation","unit":"%","val":"70.28"},{"fld":"U_AC","unit":"V","val":"235.30"},{"fld":"I_AC","unit":"A","val":"2.29"},{"fld":"P_AC","unit":"W","val":"540.10"},{"fld":"Q_AC","unit":"var","val":"0.50"},{"fld":"F_AC","unit":"Hz","val":"50.01"},{"fld":"PF_AC","unit":"","val":"1.00"},{"fld":"Temp","unit":"°C","val":"65.40"},{"fld":"ALARM_MES_ID","unit":"","val":"251.00"},{"fld":"YieldDay","unit":"Wh","val":"1907.00"},{"fld":"YieldTotal","unit":"kWh","val":"1201.49"},{"fld":"P_DC","unit":"W","val":"565.60"},{"fld":"Efficiency","unit":"%","val":"95.49"}]]}