{"inverter":[[{"fld":"U_DC","unit":"V","val":"28.50"},{"fld":"I_DC","unit":"A","val":"9.93"},{"fld":"P_DC","unit":"W","val":"283.20"},{"fld":"YieldDay","unit":"Wh","val":"368.00"},{"fld":"YieldTotal","unit":"kWh","val":"591.00"},{"fld":"Irradiation","unit":"%","val":"70.80"},{"fld":"U_DC","unit":"V","val":"28.80"},{"fld":"I_DC","unit":"A","val":"9.78"},{"fld":"P_DC","unit":"W","val":"281.10"},{"fld":"YieldDay","unit":"Wh","val":"388.00"},{"fld":"YieldTotal","unit":"kWh","val":"609.34"},{"fld":"Irradiation","unit":"%","val":"70.28"},{"fld":"U_AC","unit":"V","val":"233.50"},{"fld":"I_AC","unit":"A","val":"2.31"},{"fld":"P_AC","unit":"W","val":"538.80"},{"fld":"Q_AC","unit":"var","val":"0.50"},{"fld":"F_AC","unit":"Hz","val":"50.01"},{"fld":"PF_AC","unit":"","val":"1.00"},{"fld":"Temp","unit":"°C","val":"57.40"},{"fld":"ALARM_MES_ID","unit":"","val":"251.00"},{"fld":"YieldDay","unit":"Wh","val":"756.00"},{"fld":"YieldTotal","unit":"kWh","val":"1200.34"},{"fld":"P_DC","unit":"W","val":"564.30"},{"fld":"Efficiency","unit":"%","val":"95.48"}]]}