{"inverter":[[{"fld":"U_DC","unit":"V","val":"28.40"},{"fld":"I_DC","unit":"A","val":"9.93"},{"fld":"P_DC","unit":"W","val":"281.70"},{"fld":"YieldDay","unit":"Wh","val":"988.00"},{"fld":"YieldTotal","unit":"kWh","val":"591.62"},{"fld":"Irradiation","unit":"%","val":"70.43"},{"fld":"U_DC","unit":"V","val":"28.50"},{"fld":"I_DC","unit":"A","val":"9.71"},{"fld":"P_DC","unit":"W","val":"276.20"},{"fld":"YieldDay","unit":"Wh","val":"1003.00"},{"fld":"YieldTotal","unit":"kWh","val":"609.95"},{"fld":"Irradiation","unit":"%","val":"69.05"},{"fld":"U_AC","unit":"V","val":"234.70"},{"fld":"I_AC","unit":"A","val":"2.27"},{"fld":"P_AC","unit":"W","val":"532.80"},{"fld":"Q_AC","unit":"var","val":"0.00"},{"fld":"F_AC","unit":"Hz","val":"50.03"},{"fld":"PF_AC","unit":"","val":"1.00"},{"fld":"Temp","unit":"°C","val":"65.40"},{"fld":"ALARM_MES_ID","unit":"","val":"251.00"},{"fld":"YieldDay","unit":"Wh","val":"1991.00"},{"fld":"YieldTotal","unit":"kWh","val":"1201.58"},{"fld":"P_DC","unit":"W","val":"557.90"},{"fld":"Efficiency","unit":"%","val":"95.50"}]]}