{"inverter":[[{"fld":"U_DC","unit":"V","val":"28.20"},{"fld":"I_DC","unit":"A","val":"10.22"},{"fld":"P_DC","unit":"W","val":"288.20"},{"fld":"YieldDay","unit":"Wh","val":"902.00"},{"fld":"YieldTotal","unit":"kWh","val":"591.54"},{"fld":"Irradiation","unit":"%","val":"72.05"},{"fld":"U_DC","unit":"V","val":"28.40"},{"fld":"I_DC","unit":"A","val":"10.03"},{"fld":"P_DC","unit":"W","val":"285.00"},{"fld":"YieldDay","unit":"Wh","val":"918.00"},{"fld":"YieldTotal","unit":"kWh","val":"609.87"},{"fld":"Irradiation","unit":"%","val":"71.25"},{"fld":"U_AC","unit":"V","val":"234.00"},{"fld":"I_AC","unit":"A","val":"2.34"},{"fld":"P_AC","unit":"W","val":"547.40"},{"fld":"Q_AC","unit":"var","val":"0.00"},{"fld":"F_AC","unit":"Hz","val":"50.02"},{"fld":"PF_AC","unit":"","val":"1.00"},{"fld":"Temp","unit":"°C","val":"64.50"},{"fld":"ALARM_MES_ID","unit":"","val":"251.00"},{"fld":"YieldDay","unit":"Wh","val":"1820.00"},{"fld":"YieldTotal","unit":"kWh","val":"1201.41"},{"fld":"P_DC","unit":"W","val":"573.20"},{"fld":"Efficiency","unit":"%","val":"95.50"}]]}