{"inverter":[[{"fld":"U_DC","unit":"V","val":"28.50"},{"fld":"I_DC","unit":"A","val":"10.41"},{"fld":"P_DC","unit":"W","val":"295.80"},{"fld":"YieldDay","unit":"Wh","val":"703.00"},{"fld":"YieldTotal","unit":"kWh","val":"591.34"},{"fld":"Irradiation","unit":"%","val":"73.95"},{"fld":"U_DC","unit":"V","val":"28.70"},{"fld":"I_DC","unit":"A","val":"10.24"},{"fld":"P_DC","unit":"W","val":"294.00"},{"fld":"YieldDay","unit":"Wh","val":"720.00"},{"fld":"YieldTotal","unit":"kWh","val":"609.67"},{"fld":"Irradiation","unit":"%","val":"73.50"},{"fld":"U_AC","unit":"V","val":"232.90"},{"fld":"I_AC","unit":"A","val":"2.42"},{"fld":"P_AC","unit":"W","val":"563.20"},{"fld":"Q_AC","unit":"var","val":"0.00"},{"fld":"F_AC","unit":"Hz","val":"50.04"},{"fld":"PF_AC","unit":"","val":"1.00"},{"fld":"Temp","unit":"°C","val":"62.80"},{"fld":"ALARM_MES_ID","unit":"","val":"251.00"},{"fld":"YieldDay","unit":"Wh","val":"1423.00"},{"fld":"YieldTotal","unit":"kWh","val":"1201.01"},{"fld":"P_DC","unit":"W","val":"589.80"},{"fld":"Efficiency","unit":"%","val":"95.49"}]]}