{"inverter":[[{"fld":"U_DC","unit":"V","val":"30.50"},{"fld":"I_DC","unit":"A","val":"5.43"},{"fld":"P_DC","unit":"W","val":"165.20"},{"fld":"YieldDay","unit":"Wh","val":"1279.00"},{"fld":"YieldTotal","unit":"kWh","val":"591.91"},{"fld":"Irradiation","unit":"%","val":"41.30"},{"fld":"U_DC","unit":"V","val":"29.40"},{"fld":"I_DC","unit":"A","val":"8.09"},{"fld":"P_DC","unit":"W","val":"237.70"},{"fld":"YieldDay","unit":"Wh","val":"1291.00"},{"fld":"YieldTotal","unit":"kWh","val":"610.24"},{"fld":"Irradiation","unit":"%","val":"59.42"},{"fld":"U_AC","unit":"V","val":"232.70"},{"fld":"I_AC","unit":"A","val":"1.65"},{"fld":"P_AC","unit":"W","val":"384.80"},{"fld":"Q_AC","unit":"var","val":"0.00"},{"fld":"F_AC","unit":"Hz","val":"50.03"},{"fld":"PF_AC","unit":"","val":"1.00"},{"fld":"Temp","unit":"°C","val":"62.70"},{"fld":"ALARM_MES_ID","unit":"","val":"251.00"},{"fld":"YieldDay","unit":"Wh","val":"2570.00"},{"fld":"YieldTotal","unit":"kWh","val":"1202.16"},{"fld":"P_DC","unit":"W","val":"402.90"},{"fld":"Efficiency","unit":"%","val":"95.51"}]]}