{"inverter":[[{"fld":"U_DC","unit":"V","val":"28.50"},{"fld":"I_DC","unit":"A","val":"9.05"},{"fld":"P_DC","unit":"W","val":"257.70"},{"fld":"YieldDay","unit":"Wh","val":"1165.00"},{"fld":"YieldTotal","unit":"kWh","val":"591.80"},{"fld":"Irradiation","unit":"%","val":"64.43"},{"fld":"U_DC","unit":"V","val":"28.80"},{"fld":"I_DC","unit":"A","val":"8.84"},{"fld":"P_DC","unit":"W","val":"254.00"},{"fld":"YieldDay","unit":"Wh","val":"1177.00"},{"fld":"YieldTotal","unit":"kWh","val":"610.13"},{"fld":"Irradiation","unit":"%","val":"63.50"},{"fld":"U_AC","unit":"V","val":"233.90"},{"fld":"I_AC","unit":"A","val":"2.09"},{"fld":"P_AC","unit":"W","val":"488.70"},{"fld":"Q_AC","unit":"var","val":"0.00"},{"fld":"F_AC","unit":"Hz","val":"50.00"},{"fld":"PF_AC","unit":"","val":"1.00"},{"fld":"Temp","unit":"°C","val":"65.40"},{"fld":"ALARM_MES_ID","unit":"","val":"251.00"},{"fld":"YieldDay","unit":"Wh","val":"2342.00"},{"fld":"YieldTotal","unit":"kWh","val":"1201.93"},{"fld":"P_DC","unit":"W","val":"511.70"},{"fld":"Efficiency","unit":"%","val":"95.51"}]]}