{"inverter":[[{"fld":"U_DC","unit":"V","val":"31.10"},{"fld":"I_DC","unit":"A","val":"4.79"},{"fld":"P_DC","unit":"W","val":"148.90"},{"fld":"YieldDay","unit":"Wh","val":"1302.00"},{"fld":"YieldTotal","unit":"kWh","val":"591.94"},{"fld":"Irradiation","unit":"%","val":"37.22"},{"fld":"U_DC","unit":"V","val":"29.50"},{"fld":"I_DC","unit":"A","val":"7.85"},{"fld":"P_DC","unit":"W","val":"231.40"},{"fld":"YieldDay","unit":"Wh","val":"1325.00"},{"fld":"YieldTotal","unit":"kWh","val":"610.28"},{"fld":"Irradiation","unit":"%","val":"57.85"},{"fld":"U_AC","unit":"V","val":"233.00"},{"fld":"I_AC","unit":"A","val":"1.56"},{"fld":"P_AC","unit":"W","val":"363.10"},{"fld":"Q_AC","unit":"var","val":"0.00"},{"fld":"F_AC","unit":"Hz","val":"50.04"},{"fld":"PF_AC","unit":"","val":"1.00"},{"fld":"Temp","unit":"°C","val":"61.00"},{"fld":"ALARM_MES_ID","unit":"","val":"251.00"},{"fld":"YieldDay","unit":"Wh","val":"2627.00"},{"fld":"YieldTotal","unit":"kWh","val":"1202.21"},{"fld":"P_DC","unit":"W","val":"380.30"},{"fld":"Efficiency","unit":"%","val":"95.48"}]]}