{"inverter":[[{"fld":"U_DC","unit":"V","val":"28.40"},{"fld":"I_DC","unit":"A","val":"10.35"},{"fld":"P_DC","unit":"W","val":"293.60"},{"fld":"YieldDay","unit":"Wh","val":"595.00"},{"fld":"YieldTotal","unit":"kWh","val":"591.23"},{"fld":"Irradiation","unit":"%","val":"73.40"},{"fld":"U_DC","unit":"V","val":"28.70"},{"fld":"I_DC","unit":"A","val":"10.22"},{"fld":"P_DC","unit":"W","val":"292.60"},{"fld":"YieldDay","unit":"Wh","val":"613.00"},{"fld":"YieldTotal","unit":"kWh","val":"609.56"},{"fld":"Irradiation","unit":"%","val":"73.15"},{"fld":"U_AC","unit":"V","val":"234.30"},{"fld":"I_AC","unit":"A","val":"2.39"},{"fld":"P_AC","unit":"W","val":"559.80"},{"fld":"Q_AC","unit":"var","val":"0.00"},{"fld":"F_AC","unit":"Hz","val":"50.01"},{"fld":"PF_AC","unit":"","val":"1.00"},{"fld":"Temp","unit":"°C","val":"62.40"},{"fld":"ALARM_MES_ID","unit":"","val":"251.00"},{"fld":"YieldDay","unit":"Wh","val":"1208.00"},{"fld":"YieldTotal","unit":"kWh","val":"1200.79"},{"fld":"P_DC","unit":"W","val":"586.20"},{"fld":"Efficiency","unit":"%","val":"95.50"}]]}