{"inverter":[[{"fld":"U_DC","unit":"V","val":"28.30"},{"fld":"I_DC","unit":"A","val":"9.90"},{"fld":"P_DC","unit":"W","val":"280.00"},{"fld":"YieldDay","unit":"Wh","val":"1028.00"},{"fld":"YieldTotal","unit":"kWh","val":"591.66"},{"fld":"Irradiation","unit":"%","val":"70.00"},{"fld":"U_DC","unit":"V","val":"28.60"},{"fld":"I_DC","unit":"A","val":"9.69"},{"fld":"P_DC","unit":"W","val":"277.00"},{"fld":"YieldDay","unit":"Wh","val":"1042.00"},{"fld":"YieldTotal","unit":"kWh","val":"609.99"},{"fld":"Irradiation","unit":"%","val":"69.25"},{"fld":"U_AC","unit":"V","val":"234.70"},{"fld":"I_AC","unit":"A","val":"2.26"},{"fld":"P_AC","unit":"W","val":"531.90"},{"fld":"Q_AC","unit":"var","val":"0.20"},{"fld":"F_AC","unit":"Hz","val":"50.02"},{"fld":"PF_AC","unit":"","val":"1.00"},{"fld":"Temp","unit":"°C","val":"65.40"},{"fld":"ALARM_MES_ID","unit":"","val":"251.00"},{"fld":"YieldDay","unit":"Wh","val":"2070.00"},{"fld":"YieldTotal","unit":"kWh","val":"1201.66"},{"fld":"P_DC","unit":"W","val":"557.00"},{"fld":"Efficiency","unit":"%","val":"95.49"}]]}