{"inverter":[[{"fld":"U_DC","unit":"V","val":"29.50"},{"fld":"I_DC","unit":"A","val":"5.16"},{"fld":"P_DC","unit":"W","val":"152.10"},{"fld":"YieldDay","unit":"Wh","val":"151.00"},{"fld":"YieldTotal","unit":"kWh","val":"590.79"},{"fld":"Irradiation","unit":"%","val":"38.03"},{"fld":"U_DC","unit":"V","val":"30.90"},{"fld":"I_DC","unit":"A","val":"5.21"},{"fld":"P_DC","unit":"W","val":"160.80"},{"fld":"YieldDay","unit":"Wh","val":"159.00"},{"fld":"YieldTotal","unit":"kWh","val":"609.11"},{"fld":"Irradiation","unit":"%","val":"40.20"},{"fld":"U_AC","unit":"V","val":"230.20"},{"fld":"I_AC","unit":"A","val":"1.30"},{"fld":"P_AC","unit":"W","val":"298.80"},{"fld":"Q_AC","unit":"var","val":"0.00"},{"fld":"F_AC","unit":"Hz","val":"50.00"},{"fld":"PF_AC","unit":"","val":"1.00"},{"fld":"Temp","unit":"°C","val":"39.80"},{"fld":"ALARM_MES_ID","unit":"","val":"251.00"},{"fld":"YieldDay","unit":"Wh","val":"310.00"},{"fld":"YieldTotal","unit":"kWh","val":"1199.90"},{"fld":"P_DC","unit":"W","val":"312.90"},{"fld":"Efficiency","unit":"%","val":"95.49"}]]}