{"inverter":[[{"fld":"U_DC","unit":"V","val":"28.60"},{"fld":"I_DC","unit":"A","val":"8.81"},{"fld":"P_DC","unit":"W","val":"251.60"},{"fld":"YieldDay","unit":"Wh","val":"1226.00"},{"fld":"YieldTotal","unit":"kWh","val":"591.86"},{"fld":"Irradiation","unit":"%","val":"62.90"},{"fld":"U_DC","unit":"V","val":"28.80"},{"fld":"I_DC","unit":"A","val":"8.63"},{"fld":"P_DC","unit":"W","val":"248.20"},{"fld":"YieldDay","unit":"Wh","val":"1237.00"},{"fld":"YieldTotal","unit":"kWh","val":"610.19"},{"fld":"Irradiation","unit":"%","val":"62.05"},{"fld":"U_AC","unit":"V","val":"231.70"},{"fld":"I_AC","unit":"A","val":"2.06"},{"fld":"P_AC","unit":"W","val":"477.30"},{"fld":"Q_AC","unit":"var","val":"0.30"},{"fld":"F_AC","unit":"Hz","val":"49.95"},{"fld":"PF_AC","unit":"","val":"1.00"},{"fld":"Temp","unit":"°C","val":"64.50"},{"fld":"ALARM_MES_ID","unit":"","val":"251.00"},{"fld":"YieldDay","unit":"Wh","val":"2463.00"},{"fld":"YieldTotal","unit":"kWh","val":"1202.05"},{"fld":"P_DC","unit":"W","val":"499.80"},{"fld":"Efficiency","unit":"%","val":"95.50"}]]}