{"inverter":[[{"fld":"U_DC","unit":"V","val":"32.30"},{"fld":"I_DC","unit":"A","val":"3.83"},{"fld":"P_DC","unit":"W","val":"123.70"},{"fld":"YieldDay","unit":"Wh","val":"134.00"},{"fld":"YieldTotal","unit":"kWh","val":"590.77"},{"fld":"Irradiation","unit":"%","val":"30.92"},{"fld":"U_DC","unit":"V","val":"29.90"},{"fld":"I_DC","unit":"A","val":"5.01"},{"fld":"P_DC","unit":"W","val":"149.60"},{"fld":"YieldDay","unit":"Wh","val":"142.00"},{"fld":"YieldTotal","unit":"kWh","val":"609.09"},{"fld":"Irradiation","unit":"%","val":"37.40"},{"fld":"U_AC","unit":"V","val":"231.80"},{"fld":"I_AC","unit":"A","val":"1.13"},{"fld":"P_AC","unit":"W","val":"261.10"},{"fld":"Q_AC","unit":"var","val":"0.20"},{"fld":"F_AC","unit":"Hz","val":"50.02"},{"fld":"PF_AC","unit":"","val":"1.00"},{"fld":"Temp","unit":"°C","val":"38.50"},{"fld":"ALARM_MES_ID","unit":"","val":"251.00"},{"fld":"YieldDay","unit":"Wh","val":"276.00"},{"fld":"YieldTotal","unit":"kWh","val":"1199.86"},{"fld":"P_DC","unit":"W","val":"273.30"},{"fld":"Efficiency","unit":"%","val":"95.54"}]]}