{"inverter":[[{"fld":"U_DC","unit":"V","val":"28.20"},{"fld":"I_DC","unit":"A","val":"10.17"},{"fld":"P_DC","unit":"W","val":"286.90"},{"fld":"YieldDay","unit":"Wh","val":"930.00"},{"fld":"YieldTotal","unit":"kWh","val":"591.57"},{"fld":"Irradiation","unit":"%","val":"71.72"},{"fld":"U_DC","unit":"V","val":"28.40"},{"fld":"I_DC","unit":"A","val":"9.97"},{"fld":"P_DC","unit":"W","val":"283.20"},{"fld":"YieldDay","unit":"Wh","val":"945.00"},{"fld":"YieldTotal","unit":"kWh","val":"609.90"},{"fld":"Irradiation","unit":"%","val":"70.80"},{"fld":"U_AC","unit":"V","val":"233.70"},{"fld":"I_AC","unit":"A","val":"2.33"},{"fld":"P_AC","unit":"W","val":"544.40"},{"fld":"Q_AC","unit":"var","val":"0.50"},{"fld":"F_AC","unit":"Hz","val":"50.00"},{"fld":"PF_AC","unit":"","val":"1.00"},{"fld":"Temp","unit":"°C","val":"65.00"},{"fld":"ALARM_MES_ID","unit":"","val":"251.00"},{"fld":"YieldDay","unit":"Wh","val":"1875.00"},{"fld":"YieldTotal","unit":"kWh","val":"1201.46"},{"fld":"P_DC","unit":"W","val":"570.10"},{"fld":"Efficiency","unit":"%","val":"95.49"}]]}