{"inverter":[[{"fld":"U_DC","unit":"V","val":"28.90"},{"fld":"I_DC","unit":"A","val":"9.57"},{"fld":"P_DC","unit":"W","val":"276.50"},{"fld":"YieldDay","unit":"Wh","val":"247.00"},{"fld":"YieldTotal","unit":"kWh","val":"590.88"},{"fld":"Irradiation","unit":"%","val":"69.13"},{"fld":"U_DC","unit":"V","val":"29.20"},{"fld":"I_DC","unit":"A","val":"9.43"},{"fld":"P_DC","unit":"W","val":"275.00"},{"fld":"YieldDay","unit":"Wh","val":"268.00"},{"fld":"YieldTotal","unit":"kWh","val":"609.22"},{"fld":"Irradiation","unit":"%","val":"68.75"},{"fld":"U_AC","unit":"V","val":"231.60"},{"fld":"I_AC","unit":"A","val":"2.27"},{"fld":"P_AC","unit":"W","val":"526.70"},{"fld":"Q_AC","unit":"var","val":"0.00"},{"fld":"F_AC","unit":"Hz","val":"50.01"},{"fld":"PF_AC","unit":"","val":"1.00"},{"fld":"Temp","unit":"°C","val":"49.00"},{"fld":"ALARM_MES_ID","unit":"","val":"251.00"},{"fld":"YieldDay","unit":"Wh","val":"515.00"},{"fld":"YieldTotal","unit":"kWh","val":"1200.10"},{"fld":"P_DC","unit":"W","val":"551.50"},{"fld":"Efficiency","unit":"%","val":"95.50"}]]}