{"inverter":[[{"fld":"U_DC","unit":"V","val":"30.20"},{"fld":"I_DC","unit":"A","val":"0.88"},{"fld":"P_DC","unit":"W","val":"26.50"},{"fld":"YieldDay","unit":"Wh","val":"118.00"},{"fld":"YieldTotal","unit":"kWh","val":"590.75"},{"fld":"Irradiation","unit":"%","val":"6.62"},{"fld":"U_DC","unit":"V","val":"30.40"},{"fld":"I_DC","unit":"A","val":"0.88"},{"fld":"P_DC","unit":"W","val":"26.80"},{"fld":"YieldDay","unit":"Wh","val":"121.00"},{"fld":"YieldTotal","unit":"kWh","val":"609.07"},{"fld":"Irradiation","unit":"%","val":"6.70"},{"fld":"U_AC","unit":"V","val":"228.30"},{"fld":"I_AC","unit":"A","val":"0.22"},{"fld":"P_AC","unit":"W","val":"51.00"},{"fld":"Q_AC","unit":"var","val":"0.00"},{"fld":"F_AC","unit":"Hz","val":"49.99"},{"fld":"PF_AC","unit":"","val":"1.00"},{"fld":"Temp","unit":"°C","val":"37.00"},{"fld":"ALARM_MES_ID","unit":"","val":"251.00"},{"fld":"YieldDay","unit":"Wh","val":"239.00"},{"fld":"YieldTotal","unit":"kWh","val":"1199.82"},{"fld":"P_DC","unit":"W","val":"53.30"},{"fld":"Efficiency","unit":"%","val":"95.68"}]]}