{"inverter":[[{"fld":"U_DC","unit":"V","val":"28.70"},{"fld":"I_DC","unit":"A","val":"9.51"},{"fld":"P_DC","unit":"W","val":"272.40"},{"fld":"YieldDay","unit":"Wh","val":"1073.00"},{"fld":"YieldTotal","unit":"kWh","val":"591.71"},{"fld":"Irradiation","unit":"%","val":"68.10"},{"fld":"U_DC","unit":"V","val":"29.00"},{"fld":"I_DC","unit":"A","val":"9.30"},{"fld":"P_DC","unit":"W","val":"269.20"},{"fld":"YieldDay","unit":"Wh","val":"1086.00"},{"fld":"YieldTotal","unit":"kWh","val":"610.04"},{"fld":"Irradiation","unit":"%","val":"67.30"},{"fld":"U_AC","unit":"V","val":"234.00"},{"fld":"I_AC","unit":"A","val":"2.21"},{"fld":"P_AC","unit":"W","val":"517.30"},{"fld":"Q_AC","unit":"var","val":"0.40"},{"fld":"F_AC","unit":"Hz","val":"50.02"},{"fld":"PF_AC","unit":"","val":"1.00"},{"fld":"Temp","unit":"°C","val":"64.00"},{"fld":"ALARM_MES_ID","unit":"","val":"251.00"},{"fld":"YieldDay","unit":"Wh","val":"2159.00"},{"fld":"YieldTotal","unit":"kWh","val":"1201.74"},{"fld":"P_DC","unit":"W","val":"541.60"},{"fld":"Efficiency","unit":"%","val":"95.51"}]]}