{"inverter":[[{"fld":"U_DC","unit":"V","val":"31.50"},{"fld":"I_DC","unit":"A","val":"1.57"},{"fld":"P_DC","unit":"W","val":"49.20"},{"fld":"YieldDay","unit":"Wh","val":"1398.00"},{"fld":"YieldTotal","unit":"kWh","val":"592.03"},{"fld":"Irradiation","unit":"%","val":"12.30"},{"fld":"U_DC","unit":"V","val":"30.20"},{"fld":"I_DC","unit":"A","val":"4.06"},{"fld":"P_DC","unit":"W","val":"122.70"},{"fld":"YieldDay","unit":"Wh","val":"1608.00"},{"fld":"YieldTotal","unit":"kWh","val":"610.56"},{"fld":"Irradiation","unit":"%","val":"30.67"},{"fld":"U_AC","unit":"V","val":"229.20"},{"fld":"I_AC","unit":"A","val":"0.72"},{"fld":"P_AC","unit":"W","val":"164.20"},{"fld":"Q_AC","unit":"var","val":"0.00"},{"fld":"F_AC","unit":"Hz","val":"49.99"},{"fld":"PF_AC","unit":"","val":"1.00"},{"fld":"Temp","unit":"°C","val":"50.90"},{"fld":"ALARM_MES_ID","unit":"","val":"251.00"},{"fld":"YieldDay","unit":"Wh","val":"3006.00"},{"fld":"YieldTotal","unit":"kWh","val":"1202.59"},{"fld":"P_DC","unit":"W","val":"171.90"},{"fld":"Efficiency","unit":"%","val":"95.52"}]]}