{"inverter":[[{"fld":"U_DC","unit":"V","val":"28.40"},{"fld":"I_DC","unit":"A","val":"9.27"},{"fld":"P_DC","unit":"W","val":"262.60"},{"fld":"YieldDay","unit":"Wh","val":"1124.00"},{"fld":"YieldTotal","unit":"kWh","val":"591.76"},{"fld":"Irradiation","unit":"%","val":"65.65"},{"fld":"U_DC","unit":"V","val":"28.60"},{"fld":"I_DC","unit":"A","val":"9.06"},{"fld":"P_DC","unit":"W","val":"259.00"},{"fld":"YieldDay","unit":"Wh","val":"1136.00"},{"fld":"YieldTotal","unit":"kWh","val":"610.09"},{"fld":"Irradiation","unit":"%","val":"64.75"},{"fld":"U_AC","unit":"V","val":"234.40"},{"fld":"I_AC","unit":"A","val":"2.13"},{"fld":"P_AC","unit":"W","val":"498.10"},{"fld":"Q_AC","unit":"var","val":"0.40"},{"fld":"F_AC","unit":"Hz","val":"50.01"},{"fld":"PF_AC","unit":"","val":"1.00"},{"fld":"Temp","unit":"°C","val":"64.50"},{"fld":"ALARM_MES_ID","unit":"","val":"251.00"},{"fld":"YieldDay","unit":"Wh","val":"2260.00"},{"fld":"YieldTotal","unit":"kWh","val":"1201.84"},{"fld":"P_DC","unit":"W","val":"521.60"},{"fld":"Efficiency","unit":"%","val":"95.49"}]]}