{"inverter":[[{"fld":"U_DC","unit":"V","val":"28.60"},{"fld":"I_DC","unit":"A","val":"10.40"},{"fld":"P_DC","unit":"W","val":"297.10"},{"fld":"YieldDay","unit":"Wh","val":"635.00"},{"fld":"YieldTotal","unit":"kWh","val":"591.27"},{"fld":"Irradiation","unit":"%","val":"74.28"},{"fld":"U_DC","unit":"V","val":"28.80"},{"fld":"I_DC","unit":"A","val":"10.28"},{"fld":"P_DC","unit":"W","val":"295.60"},{"fld":"YieldDay","unit":"Wh","val":"652.00"},{"fld":"YieldTotal","unit":"kWh","val":"609.60"},{"fld":"Irradiation","unit":"%","val":"73.90"},{"fld":"U_AC","unit":"V","val":"234.80"},{"fld":"I_AC","unit":"A","val":"2.41"},{"fld":"P_AC","unit":"W","val":"566.00"},{"fld":"Q_AC","unit":"var","val":"0.50"},{"fld":"F_AC","unit":"Hz","val":"50.04"},{"fld":"PF_AC","unit":"","val":"1.00"},{"fld":"Temp","unit":"°C","val":"62.00"},{"fld":"ALARM_MES_ID","unit":"","val":"251.00"},{"fld":"YieldDay","unit":"Wh","val":"1287.00"},{"fld":"YieldTotal","unit":"kWh","val":"1200.87"},{"fld":"P_DC","unit":"W","val":"592.70"},{"fld":"Efficiency","unit":"%","val":"95.50"}]]}