{"inverter":[[{"fld":"U_DC","unit":"V","val":"28.60"},{"fld":"I_DC","unit":"A","val":"8.72"},{"fld":"P_DC","unit":"W","val":"248.90"},{"fld":"YieldDay","unit":"Wh","val":"1230.00"},{"fld":"YieldTotal","unit":"kWh","val":"591.86"},{"fld":"Irradiation","unit":"%","val":"62.22"},{"fld":"U_DC","unit":"V","val":"28.80"},{"fld":"I_DC","unit":"A","val":"8.54"},{"fld":"P_DC","unit":"W","val":"245.60"},{"fld":"YieldDay","unit":"Wh","val":"1241.00"},{"fld":"YieldTotal","unit":"kWh","val":"610.19"},{"fld":"Irradiation","unit":"%","val":"61.40"},{"fld":"U_AC","unit":"V","val":"230.40"},{"fld":"I_AC","unit":"A","val":"2.05"},{"fld":"P_AC","unit":"W","val":"472.20"},{"fld":"Q_AC","unit":"var","val":"0.30"},{"fld":"F_AC","unit":"Hz","val":"49.96"},{"fld":"PF_AC","unit":"","val":"1.00"},{"fld":"Temp","unit":"°C","val":"64.50"},{"fld":"ALARM_MES_ID","unit":"","val":"251.00"},{"fld":"YieldDay","unit":"Wh","val":"2471.00"},{"fld":"YieldTotal","unit":"kWh","val":"1202.06"},{"fld":"P_DC","unit":"W","val":"494.50"},{"fld":"Efficiency","unit":"%","val":"95.49"}]]}