{"inverter":[[{"fld":"U_DC","unit":"V","val":"29.00"},{"fld":"I_DC","unit":"A","val":"8.33"},{"fld":"P_DC","unit":"W","val":"241.70"},{"fld":"YieldDay","unit":"Wh","val":"1269.00"},{"fld":"YieldTotal","unit":"kWh","val":"591.90"},{"fld":"Irradiation","unit":"%","val":"60.43"},{"fld":"U_DC","unit":"V","val":"29.40"},{"fld":"I_DC","unit":"A","val":"8.15"},{"fld":"P_DC","unit":"W","val":"239.10"},{"fld":"YieldDay","unit":"Wh","val":"1280.00"},{"fld":"YieldTotal","unit":"kWh","val":"610.23"},{"fld":"Irradiation","unit":"%","val":"59.78"},{"fld":"U_AC","unit":"V","val":"233.20"},{"fld":"I_AC","unit":"A","val":"1.97"},{"fld":"P_AC","unit":"W","val":"459.20"},{"fld":"Q_AC","unit":"var","val":"0.00"},{"fld":"F_AC","unit":"Hz","val":"50.02"},{"fld":"PF_AC","unit":"","val":"1.00"},{"fld":"Temp","unit":"°C","val":"63.30"},{"fld":"ALARM_MES_ID","unit":"","val":"251.00"},{"fld":"YieldDay","unit":"Wh","val":"2549.00"},{"fld":"YieldTotal","unit":"kWh","val":"1202.13"},{"fld":"P_DC","unit":"W","val":"480.80"},{"fld":"Efficiency","unit":"%","val":"95.51"}]]}