{"inverter":[[{"fld":"U_DC","unit":"V","val":"30.40"},{"fld":"I_DC","unit":"A","val":"5.12"},{"fld":"P_DC","unit":"W","val":"155.70"},{"fld":"YieldDay","unit":"Wh","val":"1299.00"},{"fld":"YieldTotal","unit":"kWh","val":"591.93"},{"fld":"Irradiation","unit":"%","val":"38.92"},{"fld":"U_DC","unit":"V","val":"29.40"},{"fld":"I_DC","unit":"A","val":"7.91"},{"fld":"P_DC","unit":"W","val":"232.80"},{"fld":"YieldDay","unit":"Wh","val":"1321.00"},{"fld":"YieldTotal","unit":"kWh","val":"610.27"},{"fld":"Irradiation","unit":"%","val":"58.20"},{"fld":"U_AC","unit":"V","val":"232.70"},{"fld":"I_AC","unit":"A","val":"1.60"},{"fld":"P_AC","unit":"W","val":"371.00"},{"fld":"Q_AC","unit":"var","val":"0.30"},{"fld":"F_AC","unit":"Hz","val":"50.03"},{"fld":"PF_AC","unit":"","val":"1.00"},{"fld":"Temp","unit":"°C","val":"61.30"},{"fld":"ALARM_MES_ID","unit":"","val":"251.00"},{"fld":"YieldDay","unit":"Wh","val":"2620.00"},{"fld":"YieldTotal","unit":"kWh","val":"1202.21"},{"fld":"P_DC","unit":"W","val":"388.50"},{"fld":"Efficiency","unit":"%","val":"95.50"}]]}