{"inverter":[[{"fld":"U_DC","unit":"V","val":"32.50"},{"fld":"I_DC","unit":"A","val":"0.93"},{"fld":"P_DC","unit":"W","val":"30.20"},{"fld":"YieldDay","unit":"Wh","val":"128.00"},{"fld":"YieldTotal","unit":"kWh","val":"590.76"},{"fld":"Irradiation","unit":"%","val":"7.55"},{"fld":"U_DC","unit":"V","val":"33.60"},{"fld":"I_DC","unit":"A","val":"0.94"},{"fld":"P_DC","unit":"W","val":"31.70"},{"fld":"YieldDay","unit":"Wh","val":"131.00"},{"fld":"YieldTotal","unit":"kWh","val":"609.08"},{"fld":"Irradiation","unit":"%","val":"7.93"},{"fld":"U_AC","unit":"V","val":"230.60"},{"fld":"I_AC","unit":"A","val":"0.26"},{"fld":"P_AC","unit":"W","val":"59.10"},{"fld":"Q_AC","unit":"var","val":"0.00"},{"fld":"F_AC","unit":"Hz","val":"50.02"},{"fld":"PF_AC","unit":"","val":"1.00"},{"fld":"Temp","unit":"°C","val":"37.80"},{"fld":"ALARM_MES_ID","unit":"","val":"251.00"},{"fld":"YieldDay","unit":"Wh","val":"259.00"},{"fld":"YieldTotal","unit":"kWh","val":"1199.84"},{"fld":"P_DC","unit":"W","val":"61.90"},{"fld":"Efficiency","unit":"%","val":"95.48"}]]}