{"inverter":[[{"fld":"U_DC","unit":"V","val":"28.80"},{"fld":"I_DC","unit":"A","val":"8.90"},{"fld":"P_DC","unit":"W","val":"255.70"},{"fld":"YieldDay","unit":"Wh","val":"1206.00"},{"fld":"YieldTotal","unit":"kWh","val":"591.84"},{"fld":"Irradiation","unit":"%","val":"63.92"},{"fld":"U_DC","unit":"V","val":"28.90"},{"fld":"I_DC","unit":"A","val":"8.71"},{"fld":"P_DC","unit":"W","val":"251.60"},{"fld":"YieldDay","unit":"Wh","val":"1217.00"},{"fld":"YieldTotal","unit":"kWh","val":"610.17"},{"fld":"Irradiation","unit":"%","val":"62.90"},{"fld":"U_AC","unit":"V","val":"232.50"},{"fld":"I_AC","unit":"A","val":"2.08"},{"fld":"P_AC","unit":"W","val":"484.50"},{"fld":"Q_AC","unit":"var","val":"0.40"},{"fld":"F_AC","unit":"Hz","val":"49.97"},{"fld":"PF_AC","unit":"","val":"1.00"},{"fld":"Temp","unit":"°C","val":"64.60"},{"fld":"ALARM_MES_ID","unit":"","val":"251.00"},{"fld":"YieldDay","unit":"Wh","val":"2423.00"},{"fld":"YieldTotal","unit":"kWh","val":"1202.01"},{"fld":"P_DC","unit":"W","val":"507.30"},{"fld":"Efficiency","unit":"%","val":"95.51"}]]}