{"inverter":[[{"fld":"U_DC","unit":"V","val":"28.30"},{"fld":"I_DC","unit":"A","val":"9.86"},{"fld":"P_DC","unit":"W","val":"279.00"},{"fld":"YieldDay","unit":"Wh","val":"1033.00"},{"fld":"YieldTotal","unit":"kWh","val":"591.67"},{"fld":"Irradiation","unit":"%","val":"69.75"},{"fld":"U_DC","unit":"V","val":"28.60"},{"fld":"I_DC","unit":"A","val":"9.67"},{"fld":"P_DC","unit":"W","val":"276.10"},{"fld":"YieldDay","unit":"Wh","val":"1047.00"},{"fld":"YieldTotal","unit":"kWh","val":"610.00"},{"fld":"Irradiation","unit":"%","val":"69.03"},{"fld":"U_AC","unit":"V","val":"234.50"},{"fld":"I_AC","unit":"A","val":"2.26"},{"fld":"P_AC","unit":"W","val":"530.10"},{"fld":"Q_AC","unit":"var","val":"0.30"},{"fld":"F_AC","unit":"Hz","val":"50.02"},{"fld":"PF_AC","unit":"","val":"1.00"},{"fld":"Temp","unit":"°C","val":"65.40"},{"fld":"ALARM_MES_ID","unit":"","val":"251.00"},{"fld":"YieldDay","unit":"Wh","val":"2080.00"},{"fld":"YieldTotal","unit":"kWh","val":"1201.67"},{"fld":"P_DC","unit":"W","val":"555.10"},{"fld":"Efficiency","unit":"%","val":"95.50"}]]}