{"inverter":[[{"fld":"U_DC","unit":"V","val":"28.40"},{"fld":"I_DC","unit":"A","val":"9.98"},{"fld":"P_DC","unit":"W","val":"283.30"},{"fld":"YieldDay","unit":"Wh","val":"391.00"},{"fld":"YieldTotal","unit":"kWh","val":"591.03"},{"fld":"Irradiation","unit":"%","val":"70.82"},{"fld":"U_DC","unit":"V","val":"28.80"},{"fld":"I_DC","unit":"A","val":"9.81"},{"fld":"P_DC","unit":"W","val":"281.60"},{"fld":"YieldDay","unit":"Wh","val":"410.00"},{"fld":"YieldTotal","unit":"kWh","val":"609.36"},{"fld":"Irradiation","unit":"%","val":"70.40"},{"fld":"U_AC","unit":"V","val":"234.20"},{"fld":"I_AC","unit":"A","val":"2.30"},{"fld":"P_AC","unit":"W","val":"539.50"},{"fld":"Q_AC","unit":"var","val":"0.50"},{"fld":"F_AC","unit":"Hz","val":"49.99"},{"fld":"PF_AC","unit":"","val":"1.00"},{"fld":"Temp","unit":"°C","val":"58.50"},{"fld":"ALARM_MES_ID","unit":"","val":"251.00"},{"fld":"YieldDay","unit":"Wh","val":"801.00"},{"fld":"YieldTotal","unit":"kWh","val":"1200.39"},{"fld":"P_DC","unit":"W","val":"564.90"},{"fld":"Efficiency","unit":"%","val":"95.50"}]]}