{"inverter":[[{"fld":"U_DC","unit":"V","val":"28.70"},{"fld":"I_DC","unit":"A","val":"9.74"},{"fld":"P_DC","unit":"W","val":"279.80"},{"fld":"YieldDay","unit":"Wh","val":"279.00"},{"fld":"YieldTotal","unit":"kWh","val":"590.91"},{"fld":"Irradiation","unit":"%","val":"69.95"},{"fld":"U_DC","unit":"V","val":"29.00"},{"fld":"I_DC","unit":"A","val":"9.57"},{"fld":"P_DC","unit":"W","val":"277.50"},{"fld":"YieldDay","unit":"Wh","val":"299.00"},{"fld":"YieldTotal","unit":"kWh","val":"609.25"},{"fld":"Irradiation","unit":"%","val":"69.38"},{"fld":"U_AC","unit":"V","val":"230.10"},{"fld":"I_AC","unit":"A","val":"2.31"},{"fld":"P_AC","unit":"W","val":"532.20"},{"fld":"Q_AC","unit":"var","val":"0.50"},{"fld":"F_AC","unit":"Hz","val":"50.03"},{"fld":"PF_AC","unit":"","val":"1.00"},{"fld":"Temp","unit":"°C","val":"51.60"},{"fld":"ALARM_MES_ID","unit":"","val":"251.00"},{"fld":"YieldDay","unit":"Wh","val":"578.00"},{"fld":"YieldTotal","unit":"kWh","val":"1200.16"},{"fld":"P_DC","unit":"W","val":"557.30"},{"fld":"Efficiency","unit":"%","val":"95.50"}]]}