{"inverter":[[{"fld":"U_DC","unit":"V","val":"28.20"},{"fld":"I_DC","unit":"A","val":"10.36"},{"fld":"P_DC","unit":"W","val":"291.80"},{"fld":"YieldDay","unit":"Wh","val":"763.00"},{"fld":"YieldTotal","unit":"kWh","val":"591.40"},{"fld":"Irradiation","unit":"%","val":"72.95"},{"fld":"U_DC","unit":"V","val":"28.40"},{"fld":"I_DC","unit":"A","val":"10.18"},{"fld":"P_DC","unit":"W","val":"288.70"},{"fld":"YieldDay","unit":"Wh","val":"780.00"},{"fld":"YieldTotal","unit":"kWh","val":"609.73"},{"fld":"Irradiation","unit":"%","val":"72.18"},{"fld":"U_AC","unit":"V","val":"231.40"},{"fld":"I_AC","unit":"A","val":"2.39"},{"fld":"P_AC","unit":"W","val":"554.40"},{"fld":"Q_AC","unit":"var","val":"0.50"},{"fld":"F_AC","unit":"Hz","val":"50.02"},{"fld":"PF_AC","unit":"","val":"1.00"},{"fld":"Temp","unit":"°C","val":"63.00"},{"fld":"ALARM_MES_ID","unit":"","val":"251.00"},{"fld":"YieldDay","unit":"Wh","val":"1543.00"},{"fld":"YieldTotal","unit":"kWh","val":"1201.13"},{"fld":"P_DC","unit":"W","val":"580.50"},{"fld":"Efficiency","unit":"%","val":"95.50"}]]}