{"inverter":[[{"fld":"U_DC","unit":"V","val":"28.50"},{"fld":"I_DC","unit":"A","val":"9.01"},{"fld":"P_DC","unit":"W","val":"256.70"},{"fld":"YieldDay","unit":"Wh","val":"1181.00"},{"fld":"YieldTotal","unit":"kWh","val":"591.82"},{"fld":"Irradiation","unit":"%","val":"64.18"},{"fld":"U_DC","unit":"V","val":"28.80"},{"fld":"I_DC","unit":"A","val":"8.80"},{"fld":"P_DC","unit":"W","val":"253.40"},{"fld":"YieldDay","unit":"Wh","val":"1193.00"},{"fld":"YieldTotal","unit":"kWh","val":"610.14"},{"fld":"Irradiation","unit":"%","val":"63.35"},{"fld":"U_AC","unit":"V","val":"233.20"},{"fld":"I_AC","unit":"A","val":"2.09"},{"fld":"P_AC","unit":"W","val":"487.20"},{"fld":"Q_AC","unit":"var","val":"0.40"},{"fld":"F_AC","unit":"Hz","val":"50.02"},{"fld":"PF_AC","unit":"","val":"1.00"},{"fld":"Temp","unit":"°C","val":"64.90"},{"fld":"ALARM_MES_ID","unit":"","val":"251.00"},{"fld":"YieldDay","unit":"Wh","val":"2374.00"},{"fld":"YieldTotal","unit":"kWh","val":"1201.96"},{"fld":"P_DC","unit":"W","val":"510.10"},{"fld":"Efficiency","unit":"%","val":"95.51"}]]}