{"inverter":[[{"fld":"U_DC","unit":"V","val":"28.20"},{"fld":"I_DC","unit":"A","val":"10.24"},{"fld":"P_DC","unit":"W","val":"288.10"},{"fld":"YieldDay","unit":"Wh","val":"911.00"},{"fld":"YieldTotal","unit":"kWh","val":"591.55"},{"fld":"Irradiation","unit":"%","val":"72.03"},{"fld":"U_DC","unit":"V","val":"28.40"},{"fld":"I_DC","unit":"A","val":"10.03"},{"fld":"P_DC","unit":"W","val":"284.80"},{"fld":"YieldDay","unit":"Wh","val":"927.00"},{"fld":"YieldTotal","unit":"kWh","val":"609.88"},{"fld":"Irradiation","unit":"%","val":"71.20"},{"fld":"U_AC","unit":"V","val":"234.60"},{"fld":"I_AC","unit":"A","val":"2.33"},{"fld":"P_AC","unit":"W","val":"547.10"},{"fld":"Q_AC","unit":"var","val":"0.00"},{"fld":"F_AC","unit":"Hz","val":"50.01"},{"fld":"PF_AC","unit":"","val":"1.00"},{"fld":"Temp","unit":"°C","val":"64.80"},{"fld":"ALARM_MES_ID","unit":"","val":"251.00"},{"fld":"YieldDay","unit":"Wh","val":"1838.00"},{"fld":"YieldTotal","unit":"kWh","val":"1201.42"},{"fld":"P_DC","unit":"W","val":"572.90"},{"fld":"Efficiency","unit":"%","val":"95.50"}]]}