{"inverter":[[{"fld":"U_DC","unit":"V","val":"28.30"},{"fld":"I_DC","unit":"A","val":"10.22"},{"fld":"P_DC","unit":"W","val":"289.10"},{"fld":"YieldDay","unit":"Wh","val":"888.00"},{"fld":"YieldTotal","unit":"kWh","val":"591.52"},{"fld":"Irradiation","unit":"%","val":"72.28"},{"fld":"U_DC","unit":"V","val":"28.50"},{"fld":"I_DC","unit":"A","val":"10.02"},{"fld":"P_DC","unit":"W","val":"285.30"},{"fld":"YieldDay","unit":"Wh","val":"904.00"},{"fld":"YieldTotal","unit":"kWh","val":"609.85"},{"fld":"Irradiation","unit":"%","val":"71.32"},{"fld":"U_AC","unit":"V","val":"233.30"},{"fld":"I_AC","unit":"A","val":"2.35"},{"fld":"P_AC","unit":"W","val":"548.50"},{"fld":"Q_AC","unit":"var","val":"0.00"},{"fld":"F_AC","unit":"Hz","val":"50.01"},{"fld":"PF_AC","unit":"","val":"1.00"},{"fld":"Temp","unit":"°C","val":"64.40"},{"fld":"ALARM_MES_ID","unit":"","val":"251.00"},{"fld":"YieldDay","unit":"Wh","val":"1792.00"},{"fld":"YieldTotal","unit":"kWh","val":"1201.38"},{"fld":"P_DC","unit":"W","val":"574.40"},{"fld":"Efficiency","unit":"%","val":"95.49"}]]}