{"inverter":[[{"fld":"U_DC","unit":"V","val":"31.60"},{"fld":"I_DC","unit":"A","val":"2.01"},{"fld":"P_DC","unit":"W","val":"63.40"},{"fld":"YieldDay","unit":"Wh","val":"1321.00"},{"fld":"YieldTotal","unit":"kWh","val":"591.96"},{"fld":"Irradiation","unit":"%","val":"15.85"},{"fld":"U_DC","unit":"V","val":"29.40"},{"fld":"I_DC","unit":"A","val":"7.22"},{"fld":"P_DC","unit":"W","val":"212.20"},{"fld":"YieldDay","unit":"Wh","val":"1384.00"},{"fld":"YieldTotal","unit":"kWh","val":"610.33"},{"fld":"Irradiation","unit":"%","val":"53.05"},{"fld":"U_AC","unit":"V","val":"232.60"},{"fld":"I_AC","unit":"A","val":"1.13"},{"fld":"P_AC","unit":"W","val":"263.20"},{"fld":"Q_AC","unit":"var","val":"0.00"},{"fld":"F_AC","unit":"Hz","val":"49.96"},{"fld":"PF_AC","unit":"","val":"1.00"},{"fld":"Temp","unit":"°C","val":"60.10"},{"fld":"ALARM_MES_ID","unit":"","val":"251.00"},{"fld":"YieldDay","unit":"Wh","val":"2705.00"},{"fld":"YieldTotal","unit":"kWh","val":"1202.29"},{"fld":"P_DC","unit":"W","val":"275.60"},{"fld":"Efficiency","unit":"%","val":"95.50"}]]}