{"inverter":[[{"fld":"U_DC","unit":"V","val":"32.00"},{"fld":"I_DC","unit":"A","val":"1.81"},{"fld":"P_DC","unit":"W","val":"57.70"},{"fld":"YieldDay","unit":"Wh","val":"1340.00"},{"fld":"YieldTotal","unit":"kWh","val":"591.97"},{"fld":"Irradiation","unit":"%","val":"14.43"},{"fld":"U_DC","unit":"V","val":"31.10"},{"fld":"I_DC","unit":"A","val":"5.85"},{"fld":"P_DC","unit":"W","val":"181.90"},{"fld":"YieldDay","unit":"Wh","val":"1440.00"},{"fld":"YieldTotal","unit":"kWh","val":"610.39"},{"fld":"Irradiation","unit":"%","val":"45.47"},{"fld":"U_AC","unit":"V","val":"231.60"},{"fld":"I_AC","unit":"A","val":"0.99"},{"fld":"P_AC","unit":"W","val":"228.80"},{"fld":"Q_AC","unit":"var","val":"0.20"},{"fld":"F_AC","unit":"Hz","val":"50.00"},{"fld":"PF_AC","unit":"","val":"1.00"},{"fld":"Temp","unit":"°C","val":"52.90"},{"fld":"ALARM_MES_ID","unit":"","val":"251.00"},{"fld":"YieldDay","unit":"Wh","val":"2780.00"},{"fld":"YieldTotal","unit":"kWh","val":"1202.36"},{"fld":"P_DC","unit":"W","val":"239.60"},{"fld":"Efficiency","unit":"%","val":"95.49"}]]}