{"inverter":[[{"fld":"U_DC","unit":"V","val":"30.10"},{"fld":"I_DC","unit":"A","val":"0.86"},{"fld":"P_DC","unit":"W","val":"26.00"},{"fld":"YieldDay","unit":"Wh","val":"109.00"},{"fld":"YieldTotal","unit":"kWh","val":"590.74"},{"fld":"Irradiation","unit":"%","val":"6.50"},{"fld":"U_DC","unit":"V","val":"30.40"},{"fld":"I_DC","unit":"A","val":"0.87"},{"fld":"P_DC","unit":"W","val":"26.50"},{"fld":"YieldDay","unit":"Wh","val":"112.00"},{"fld":"YieldTotal","unit":"kWh","val":"609.06"},{"fld":"Irradiation","unit":"%","val":"6.62"},{"fld":"U_AC","unit":"V","val":"229.20"},{"fld":"I_AC","unit":"A","val":"0.22"},{"fld":"P_AC","unit":"W","val":"50.10"},{"fld":"Q_AC","unit":"var","val":"0.00"},{"fld":"F_AC","unit":"Hz","val":"50.02"},{"fld":"PF_AC","unit":"","val":"1.00"},{"fld":"Temp","unit":"°C","val":"36.30"},{"fld":"ALARM_MES_ID","unit":"","val":"251.00"},{"fld":"YieldDay","unit":"Wh","val":"221.00"},{"fld":"YieldTotal","unit":"kWh","val":"1199.81"},{"fld":"P_DC","unit":"W","val":"52.50"},{"fld":"Efficiency","unit":"%","val":"95.43"}]]}