{"inverter":[[{"fld":"U_DC","unit":"V","val":"24.80"},{"fld":"I_DC","unit":"A","val":"0.02"},{"fld":"P_DC","unit":"W","val":"0.40"},{"fld":"YieldDay","unit":"Wh","val":"1233.00"},{"fld":"YieldTotal","unit":"kWh","val":"603.93"},{"fld":"Irradiation","unit":"%","val":"0.10"},{"fld":"U_DC","unit":"V","val":"24.80"},{"fld":"I_DC","unit":"A","val":"0.02"},{"fld":"P_DC","unit":"W","val":"0.40"},{"fld":"YieldDay","unit":"Wh","val":"1352.00"},{"fld":"YieldTotal","unit":"kWh","val":"623.91"},{"fld":"Irradiation","unit":"%","val":"0.10"},{"fld":"U_AC","unit":"V","val":"232.70"},{"fld":"I_AC","unit":"A","val":"0.00"},{"fld":"P_AC","unit":"W","val":"0.00"},{"fld":"Q_AC","unit":"var","val":"0.00"},{"fld":"F_AC","unit":"Hz","val":"49.98"},{"fld":"PF_AC","unit":"","val":"0.00"},{"fld":"Temp","unit":"°C","val":"27.40"},{"fld":"ALARM_MES_ID","unit":"","val":"261.00"},{"fld":"YieldDay","unit":"Wh","val":"2585.00"},{"fld":"YieldTotal","unit":"kWh","val":"1227.84"},{"fld":"P_DC","unit":"W","val":"0.80"},{"fld":"Efficiency","unit":"%","val":"0.00"}]]}