{"inverter":[[{"fld":"U_DC","unit":"V","val":"28.60"},{"fld":"I_DC","unit":"A","val":"9.39"},{"fld":"P_DC","unit":"W","val":"267.90"},{"fld":"YieldDay","unit":"Wh","val":"1098.00"},{"fld":"YieldTotal","unit":"kWh","val":"591.73"},{"fld":"Irradiation","unit":"%","val":"66.97"},{"fld":"U_DC","unit":"V","val":"28.80"},{"fld":"I_DC","unit":"A","val":"9.21"},{"fld":"P_DC","unit":"W","val":"264.60"},{"fld":"YieldDay","unit":"Wh","val":"1111.00"},{"fld":"YieldTotal","unit":"kWh","val":"610.06"},{"fld":"Irradiation","unit":"%","val":"66.15"},{"fld":"U_AC","unit":"V","val":"234.10"},{"fld":"I_AC","unit":"A","val":"2.17"},{"fld":"P_AC","unit":"W","val":"508.50"},{"fld":"Q_AC","unit":"var","val":"0.00"},{"fld":"F_AC","unit":"Hz","val":"50.03"},{"fld":"PF_AC","unit":"","val":"1.00"},{"fld":"Temp","unit":"°C","val":"64.30"},{"fld":"ALARM_MES_ID","unit":"","val":"251.00"},{"fld":"YieldDay","unit":"Wh","val":"2209.00"},{"fld":"YieldTotal","unit":"kWh","val":"1201.79"},{"fld":"P_DC","unit":"W","val":"532.50"},{"fld":"Efficiency","unit":"%","val":"95.49"}]]}