{"inverter":[[{"fld":"U_DC","unit":"V","val":"28.20"},{"fld":"I_DC","unit":"A","val":"10.04"},{"fld":"P_DC","unit":"W","val":"282.10"},{"fld":"YieldDay","unit":"Wh","val":"966.00"},{"fld":"YieldTotal","unit":"kWh","val":"591.60"},{"fld":"Irradiation","unit":"%","val":"70.53"},{"fld":"U_DC","unit":"V","val":"28.40"},{"fld":"I_DC","unit":"A","val":"9.82"},{"fld":"P_DC","unit":"W","val":"278.30"},{"fld":"YieldDay","unit":"Wh","val":"981.00"},{"fld":"YieldTotal","unit":"kWh","val":"609.93"},{"fld":"Irradiation","unit":"%","val":"69.57"},{"fld":"U_AC","unit":"V","val":"234.20"},{"fld":"I_AC","unit":"A","val":"2.29"},{"fld":"P_AC","unit":"W","val":"535.20"},{"fld":"Q_AC","unit":"var","val":"0.50"},{"fld":"F_AC","unit":"Hz","val":"49.99"},{"fld":"PF_AC","unit":"","val":"1.00"},{"fld":"Temp","unit":"°C","val":"65.80"},{"fld":"ALARM_MES_ID","unit":"","val":"251.00"},{"fld":"YieldDay","unit":"Wh","val":"1947.00"},{"fld":"YieldTotal","unit":"kWh","val":"1201.53"},{"fld":"P_DC","unit":"W","val":"560.40"},{"fld":"Efficiency","unit":"%","val":"95.50"}]]}