{"inverter":[[{"fld":"U_DC","unit":"V","val":"28.50"},{"fld":"I_DC","unit":"A","val":"10.12"},{"fld":"P_DC","unit":"W","val":"287.90"},{"fld":"YieldDay","unit":"Wh","val":"427.00"},{"fld":"YieldTotal","unit":"kWh","val":"591.06"},{"fld":"Irradiation","unit":"%","val":"71.97"},{"fld":"U_DC","unit":"V","val":"28.80"},{"fld":"I_DC","unit":"A","val":"9.96"},{"fld":"P_DC","unit":"W","val":"286.00"},{"fld":"YieldDay","unit":"Wh","val":"446.00"},{"fld":"YieldTotal","unit":"kWh","val":"609.40"},{"fld":"Irradiation","unit":"%","val":"71.50"},{"fld":"U_AC","unit":"V","val":"233.70"},{"fld":"I_AC","unit":"A","val":"2.34"},{"fld":"P_AC","unit":"W","val":"548.10"},{"fld":"Q_AC","unit":"var","val":"0.50"},{"fld":"F_AC","unit":"Hz","val":"50.00"},{"fld":"PF_AC","unit":"","val":"1.00"},{"fld":"Temp","unit":"°C","val":"59.80"},{"fld":"ALARM_MES_ID","unit":"","val":"251.00"},{"fld":"YieldDay","unit":"Wh","val":"873.00"},{"fld":"YieldTotal","unit":"kWh","val":"1200.46"},{"fld":"P_DC","unit":"W","val":"573.90"},{"fld":"Efficiency","unit":"%","val":"95.50"}]]}