{"inverter":[[{"fld":"U_DC","unit":"V","val":"28.70"},{"fld":"I_DC","unit":"A","val":"8.92"},{"fld":"P_DC","unit":"W","val":"256.10"},{"fld":"YieldDay","unit":"Wh","val":"1210.00"},{"fld":"YieldTotal","unit":"kWh","val":"591.84"},{"fld":"Irradiation","unit":"%","val":"64.03"},{"fld":"U_DC","unit":"V","val":"28.90"},{"fld":"I_DC","unit":"A","val":"8.72"},{"fld":"P_DC","unit":"W","val":"252.00"},{"fld":"YieldDay","unit":"Wh","val":"1221.00"},{"fld":"YieldTotal","unit":"kWh","val":"610.17"},{"fld":"Irradiation","unit":"%","val":"63.00"},{"fld":"U_AC","unit":"V","val":"232.60"},{"fld":"I_AC","unit":"A","val":"2.09"},{"fld":"P_AC","unit":"W","val":"485.20"},{"fld":"Q_AC","unit":"var","val":"0.00"},{"fld":"F_AC","unit":"Hz","val":"49.97"},{"fld":"PF_AC","unit":"","val":"1.00"},{"fld":"Temp","unit":"°C","val":"64.50"},{"fld":"ALARM_MES_ID","unit":"","val":"251.00"},{"fld":"YieldDay","unit":"Wh","val":"2431.00"},{"fld":"YieldTotal","unit":"kWh","val":"1202.02"},{"fld":"P_DC","unit":"W","val":"508.10"},{"fld":"Efficiency","unit":"%","val":"95.49"}]]}