{"inverter":[[{"fld":"U_DC","unit":"V","val":"28.60"},{"fld":"I_DC","unit":"A","val":"9.02"},{"fld":"P_DC","unit":"W","val":"257.90"},{"fld":"YieldDay","unit":"Wh","val":"1173.00"},{"fld":"YieldTotal","unit":"kWh","val":"591.81"},{"fld":"Irradiation","unit":"%","val":"64.47"},{"fld":"U_DC","unit":"V","val":"28.90"},{"fld":"I_DC","unit":"A","val":"8.81"},{"fld":"P_DC","unit":"W","val":"254.70"},{"fld":"YieldDay","unit":"Wh","val":"1185.00"},{"fld":"YieldTotal","unit":"kWh","val":"610.14"},{"fld":"Irradiation","unit":"%","val":"63.67"},{"fld":"U_AC","unit":"V","val":"233.50"},{"fld":"I_AC","unit":"A","val":"2.10"},{"fld":"P_AC","unit":"W","val":"489.50"},{"fld":"Q_AC","unit":"var","val":"0.10"},{"fld":"F_AC","unit":"Hz","val":"50.05"},{"fld":"PF_AC","unit":"","val":"1.00"},{"fld":"Temp","unit":"°C","val":"64.90"},{"fld":"ALARM_MES_ID","unit":"","val":"251.00"},{"fld":"YieldDay","unit":"Wh","val":"2358.00"},{"fld":"YieldTotal","unit":"kWh","val":"1201.94"},{"fld":"P_DC","unit":"W","val":"512.60"},{"fld":"Efficiency","unit":"%","val":"95.49"}]]}