{"inverter":[[{"fld":"U_DC","unit":"V","val":"29.50"},{"fld":"I_DC","unit":"A","val":"5.09"},{"fld":"P_DC","unit":"W","val":"149.80"},{"fld":"YieldDay","unit":"Wh","val":"144.00"},{"fld":"YieldTotal","unit":"kWh","val":"590.78"},{"fld":"Irradiation","unit":"%","val":"37.45"},{"fld":"U_DC","unit":"V","val":"30.80"},{"fld":"I_DC","unit":"A","val":"5.15"},{"fld":"P_DC","unit":"W","val":"158.70"},{"fld":"YieldDay","unit":"Wh","val":"152.00"},{"fld":"YieldTotal","unit":"kWh","val":"609.10"},{"fld":"Irradiation","unit":"%","val":"39.67"},{"fld":"U_AC","unit":"V","val":"231.20"},{"fld":"I_AC","unit":"A","val":"1.27"},{"fld":"P_AC","unit":"W","val":"294.60"},{"fld":"Q_AC","unit":"var","val":"0.00"},{"fld":"F_AC","unit":"Hz","val":"49.98"},{"fld":"PF_AC","unit":"","val":"1.00"},{"fld":"Temp","unit":"°C","val":"39.30"},{"fld":"ALARM_MES_ID","unit":"","val":"251.00"},{"fld":"YieldDay","unit":"Wh","val":"296.00"},{"fld":"YieldTotal","unit":"kWh","val":"1199.88"},{"fld":"P_DC","unit":"W","val":"308.50"},{"fld":"Efficiency","unit":"%","val":"95.49"}]]}