{"inverter":[[{"fld":"U_DC","unit":"V","val":"28.30"},{"fld":"I_DC","unit":"A","val":"10.31"},{"fld":"P_DC","unit":"W","val":"291.40"},{"fld":"YieldDay","unit":"Wh","val":"787.00"},{"fld":"YieldTotal","unit":"kWh","val":"591.42"},{"fld":"Irradiation","unit":"%","val":"72.85"},{"fld":"U_DC","unit":"V","val":"28.70"},{"fld":"I_DC","unit":"A","val":"10.11"},{"fld":"P_DC","unit":"W","val":"289.70"},{"fld":"YieldDay","unit":"Wh","val":"803.00"},{"fld":"YieldTotal","unit":"kWh","val":"609.75"},{"fld":"Irradiation","unit":"%","val":"72.43"},{"fld":"U_AC","unit":"V","val":"233.10"},{"fld":"I_AC","unit":"A","val":"2.38"},{"fld":"P_AC","unit":"W","val":"555.00"},{"fld":"Q_AC","unit":"var","val":"0.50"},{"fld":"F_AC","unit":"Hz","val":"50.04"},{"fld":"PF_AC","unit":"","val":"1.00"},{"fld":"Temp","unit":"°C","val":"63.30"},{"fld":"ALARM_MES_ID","unit":"","val":"251.00"},{"fld":"YieldDay","unit":"Wh","val":"1590.00"},{"fld":"YieldTotal","unit":"kWh","val":"1201.18"},{"fld":"P_DC","unit":"W","val":"581.10"},{"fld":"Efficiency","unit":"%","val":"95.51"}]]}