{"inverter":[[{"fld":"U_DC","unit":"V","val":"31.30"},{"fld":"I_DC","unit":"A","val":"5.64"},{"fld":"P_DC","unit":"W","val":"176.50"},{"fld":"YieldDay","unit":"Wh","val":"185.00"},{"fld":"YieldTotal","unit":"kWh","val":"590.82"},{"fld":"Irradiation","unit":"%","val":"44.13"},{"fld":"U_DC","unit":"V","val":"29.40"},{"fld":"I_DC","unit":"A","val":"9.34"},{"fld":"P_DC","unit":"W","val":"274.40"},{"fld":"YieldDay","unit":"Wh","val":"202.00"},{"fld":"YieldTotal","unit":"kWh","val":"609.15"},{"fld":"Irradiation","unit":"%","val":"68.60"},{"fld":"U_AC","unit":"V","val":"233.70"},{"fld":"I_AC","unit":"A","val":"1.84"},{"fld":"P_AC","unit":"W","val":"430.60"},{"fld":"Q_AC","unit":"var","val":"0.00"},{"fld":"F_AC","unit":"Hz","val":"50.01"},{"fld":"PF_AC","unit":"","val":"1.00"},{"fld":"Temp","unit":"°C","val":"43.00"},{"fld":"ALARM_MES_ID","unit":"","val":"251.00"},{"fld":"YieldDay","unit":"Wh","val":"387.00"},{"fld":"YieldTotal","unit":"kWh","val":"1199.97"},{"fld":"P_DC","unit":"W","val":"450.90"},{"fld":"Efficiency","unit":"%","val":"95.50"}]]}