{"inverter":[[{"fld":"U_DC","unit":"V","val":"31.20"},{"fld":"I_DC","unit":"A","val":"1.74"},{"fld":"P_DC","unit":"W","val":"54.50"},{"fld":"YieldDay","unit":"Wh","val":"1365.00"},{"fld":"YieldTotal","unit":"kWh","val":"592.00"},{"fld":"Irradiation","unit":"%","val":"13.63"},{"fld":"U_DC","unit":"V","val":"29.70"},{"fld":"I_DC","unit":"A","val":"5.50"},{"fld":"P_DC","unit":"W","val":"163.20"},{"fld":"YieldDay","unit":"Wh","val":"1517.00"},{"fld":"YieldTotal","unit":"kWh","val":"610.47"},{"fld":"Irradiation","unit":"%","val":"40.80"},{"fld":"U_AC","unit":"V","val":"232.00"},{"fld":"I_AC","unit":"A","val":"0.90"},{"fld":"P_AC","unit":"W","val":"207.90"},{"fld":"Q_AC","unit":"var","val":"0.00"},{"fld":"F_AC","unit":"Hz","val":"50.05"},{"fld":"PF_AC","unit":"","val":"1.00"},{"fld":"Temp","unit":"°C","val":"52.70"},{"fld":"ALARM_MES_ID","unit":"","val":"251.00"},{"fld":"YieldDay","unit":"Wh","val":"2882.00"},{"fld":"YieldTotal","unit":"kWh","val":"1202.47"},{"fld":"P_DC","unit":"W","val":"217.70"},{"fld":"Efficiency","unit":"%","val":"95.50"}]]}