{"inverter":[[{"fld":"U_DC","unit":"V","val":"28.80"},{"fld":"I_DC","unit":"A","val":"0.03"},{"fld":"P_DC","unit":"W","val":"0.70"},{"fld":"YieldDay","unit":"Wh","val":"1643.00"},{"fld":"YieldTotal","unit":"kWh","val":"593.74"},{"fld":"Irradiation","unit":"%","val":"0.17"},{"fld":"U_DC","unit":"V","val":"28.80"},{"fld":"I_DC","unit":"A","val":"0.02"},{"fld":"P_DC","unit":"W","val":"0.70"},{"fld":"YieldDay","unit":"Wh","val":"1964.00"},{"fld":"YieldTotal","unit":"kWh","val":"612.62"},{"fld":"Irradiation","unit":"%","val":"0.17"},{"fld":"U_AC","unit":"V","val":"229.70"},{"fld":"I_AC","unit":"A","val":"0.00"},{"fld":"P_AC","unit":"W","val":"0.00"},{"fld":"Q_AC","unit":"var","val":"0.00"},{"fld":"F_AC","unit":"Hz","val":"49.99"},{"fld":"PF_AC","unit":"","val":"0.00"},{"fld":"Temp","unit":"°C","val":"27.60"},{"fld":"ALARM_MES_ID","unit":"","val":"252.00"},{"fld":"YieldDay","unit":"Wh","val":"3607.00"},{"fld":"YieldTotal","unit":"kWh","val":"1206.36"},{"fld":"P_DC","unit":"W","val":"1.40"},{"fld":"Efficiency","unit":"%","val":"0.00"}]]}