{"inverter":[[{"fld":"U_DC","unit":"V","val":"28.50"},{"fld":"I_DC","unit":"A","val":"10.40"},{"fld":"P_DC","unit":"W","val":"296.20"},{"fld":"YieldDay","unit":"Wh","val":"618.00"},{"fld":"YieldTotal","unit":"kWh","val":"591.25"},{"fld":"Irradiation","unit":"%","val":"74.05"},{"fld":"U_DC","unit":"V","val":"28.80"},{"fld":"I_DC","unit":"A","val":"10.27"},{"fld":"P_DC","unit":"W","val":"295.10"},{"fld":"YieldDay","unit":"Wh","val":"636.00"},{"fld":"YieldTotal","unit":"kWh","val":"609.59"},{"fld":"Irradiation","unit":"%","val":"73.78"},{"fld":"U_AC","unit":"V","val":"233.60"},{"fld":"I_AC","unit":"A","val":"2.42"},{"fld":"P_AC","unit":"W","val":"564.70"},{"fld":"Q_AC","unit":"var","val":"0.50"},{"fld":"F_AC","unit":"Hz","val":"50.03"},{"fld":"PF_AC","unit":"","val":"1.00"},{"fld":"Temp","unit":"°C","val":"62.30"},{"fld":"ALARM_MES_ID","unit":"","val":"251.00"},{"fld":"YieldDay","unit":"Wh","val":"1254.00"},{"fld":"YieldTotal","unit":"kWh","val":"1200.84"},{"fld":"P_DC","unit":"W","val":"591.30"},{"fld":"Efficiency","unit":"%","val":"95.50"}]]}