{"inverter":[[{"fld":"U_DC","unit":"V","val":"28.50"},{"fld":"I_DC","unit":"A","val":"10.41"},{"fld":"P_DC","unit":"W","val":"296.40"},{"fld":"YieldDay","unit":"Wh","val":"623.00"},{"fld":"YieldTotal","unit":"kWh","val":"591.26"},{"fld":"Irradiation","unit":"%","val":"74.10"},{"fld":"U_DC","unit":"V","val":"28.80"},{"fld":"I_DC","unit":"A","val":"10.26"},{"fld":"P_DC","unit":"W","val":"295.30"},{"fld":"YieldDay","unit":"Wh","val":"641.00"},{"fld":"YieldTotal","unit":"kWh","val":"609.59"},{"fld":"Irradiation","unit":"%","val":"73.82"},{"fld":"U_AC","unit":"V","val":"234.60"},{"fld":"I_AC","unit":"A","val":"2.41"},{"fld":"P_AC","unit":"W","val":"565.10"},{"fld":"Q_AC","unit":"var","val":"0.50"},{"fld":"F_AC","unit":"Hz","val":"50.02"},{"fld":"PF_AC","unit":"","val":"1.00"},{"fld":"Temp","unit":"°C","val":"62.30"},{"fld":"ALARM_MES_ID","unit":"","val":"251.00"},{"fld":"YieldDay","unit":"Wh","val":"1264.00"},{"fld":"YieldTotal","unit":"kWh","val":"1200.85"},{"fld":"P_DC","unit":"W","val":"591.70"},{"fld":"Efficiency","unit":"%","val":"95.50"}]]}