{"inverter":[[{"fld":"U_DC","unit":"V","val":"28.20"},{"fld":"I_DC","unit":"A","val":"10.15"},{"fld":"P_DC","unit":"W","val":"285.60"},{"fld":"YieldDay","unit":"Wh","val":"937.00"},{"fld":"YieldTotal","unit":"kWh","val":"591.57"},{"fld":"Irradiation","unit":"%","val":"71.40"},{"fld":"U_DC","unit":"V","val":"28.40"},{"fld":"I_DC","unit":"A","val":"9.94"},{"fld":"P_DC","unit":"W","val":"281.70"},{"fld":"YieldDay","unit":"Wh","val":"952.00"},{"fld":"YieldTotal","unit":"kWh","val":"609.90"},{"fld":"Irradiation","unit":"%","val":"70.43"},{"fld":"U_AC","unit":"V","val":"234.60"},{"fld":"I_AC","unit":"A","val":"2.31"},{"fld":"P_AC","unit":"W","val":"541.80"},{"fld":"Q_AC","unit":"var","val":"0.00"},{"fld":"F_AC","unit":"Hz","val":"49.99"},{"fld":"PF_AC","unit":"","val":"1.00"},{"fld":"Temp","unit":"°C","val":"65.20"},{"fld":"ALARM_MES_ID","unit":"","val":"251.00"},{"fld":"YieldDay","unit":"Wh","val":"1889.00"},{"fld":"YieldTotal","unit":"kWh","val":"1201.47"},{"fld":"P_DC","unit":"W","val":"567.30"},{"fld":"Efficiency","unit":"%","val":"95.51"}]]}