{"inverter":[[{"fld":"U_DC","unit":"V","val":"28.70"},{"fld":"I_DC","unit":"A","val":"9.65"},{"fld":"P_DC","unit":"W","val":"277.00"},{"fld":"YieldDay","unit":"Wh","val":"1057.00"},{"fld":"YieldTotal","unit":"kWh","val":"591.69"},{"fld":"Irradiation","unit":"%","val":"69.25"},{"fld":"U_DC","unit":"V","val":"29.10"},{"fld":"I_DC","unit":"A","val":"9.43"},{"fld":"P_DC","unit":"W","val":"274.10"},{"fld":"YieldDay","unit":"Wh","val":"1071.00"},{"fld":"YieldTotal","unit":"kWh","val":"610.02"},{"fld":"Irradiation","unit":"%","val":"68.53"},{"fld":"U_AC","unit":"V","val":"234.10"},{"fld":"I_AC","unit":"A","val":"2.25"},{"fld":"P_AC","unit":"W","val":"526.30"},{"fld":"Q_AC","unit":"var","val":"0.40"},{"fld":"F_AC","unit":"Hz","val":"50.06"},{"fld":"PF_AC","unit":"","val":"1.00"},{"fld":"Temp","unit":"°C","val":"64.40"},{"fld":"ALARM_MES_ID","unit":"","val":"251.00"},{"fld":"YieldDay","unit":"Wh","val":"2128.00"},{"fld":"YieldTotal","unit":"kWh","val":"1201.71"},{"fld":"P_DC","unit":"W","val":"551.10"},{"fld":"Efficiency","unit":"%","val":"95.50"}]]}