{"inverter":[[{"fld":"U_DC","unit":"V","val":"32.20"},{"fld":"I_DC","unit":"A","val":"2.21"},{"fld":"P_DC","unit":"W","val":"71.10"},{"fld":"YieldDay","unit":"Wh","val":"154.00"},{"fld":"YieldTotal","unit":"kWh","val":"604.08"},{"fld":"Irradiation","unit":"%","val":"17.77"},{"fld":"U_DC","unit":"V","val":"32.40"},{"fld":"I_DC","unit":"A","val":"2.27"},{"fld":"P_DC","unit":"W","val":"73.50"},{"fld":"YieldDay","unit":"Wh","val":"158.00"},{"fld":"YieldTotal","unit":"kWh","val":"624.07"},{"fld":"Irradiation","unit":"%","val":"18.38"},{"fld":"U_AC","unit":"V","val":"227.80"},{"fld":"I_AC","unit":"A","val":"0.61"},{"fld":"P_AC","unit":"W","val":"138.10"},{"fld":"Q_AC","unit":"var","val":"0.00"},{"fld":"F_AC","unit":"Hz","val":"50.03"},{"fld":"PF_AC","unit":"","val":"1.00"},{"fld":"Temp","unit":"°C","val":"30.10"},{"fld":"ALARM_MES_ID","unit":"","val":"262.00"},{"fld":"YieldDay","unit":"Wh","val":"312.00"},{"fld":"YieldTotal","unit":"kWh","val":"1228.15"},{"fld":"P_DC","unit":"W","val":"144.60"},{"fld":"Efficiency","unit":"%","val":"95.50"}]]}