{"inverter":[[{"fld":"U_DC","unit":"V","val":"29.40"},{"fld":"I_DC","unit":"A","val":"5.08"},{"fld":"P_DC","unit":"W","val":"149.50"},{"fld":"YieldDay","unit":"Wh","val":"139.00"},{"fld":"YieldTotal","unit":"kWh","val":"590.77"},{"fld":"Irradiation","unit":"%","val":"37.38"},{"fld":"U_DC","unit":"V","val":"30.10"},{"fld":"I_DC","unit":"A","val":"5.08"},{"fld":"P_DC","unit":"W","val":"152.60"},{"fld":"YieldDay","unit":"Wh","val":"147.00"},{"fld":"YieldTotal","unit":"kWh","val":"609.10"},{"fld":"Irradiation","unit":"%","val":"38.15"},{"fld":"U_AC","unit":"V","val":"232.10"},{"fld":"I_AC","unit":"A","val":"1.24"},{"fld":"P_AC","unit":"W","val":"288.50"},{"fld":"Q_AC","unit":"var","val":"0.00"},{"fld":"F_AC","unit":"Hz","val":"50.00"},{"fld":"PF_AC","unit":"","val":"1.00"},{"fld":"Temp","unit":"°C","val":"38.80"},{"fld":"ALARM_MES_ID","unit":"","val":"251.00"},{"fld":"YieldDay","unit":"Wh","val":"286.00"},{"fld":"YieldTotal","unit":"kWh","val":"1199.87"},{"fld":"P_DC","unit":"W","val":"302.10"},{"fld":"Efficiency","unit":"%","val":"95.50"}]]}