{"inverter":[[{"fld":"U_DC","unit":"V","val":"30.40"},{"fld":"I_DC","unit":"A","val":"5.22"},{"fld":"P_DC","unit":"W","val":"158.70"},{"fld":"YieldDay","unit":"Wh","val":"1287.00"},{"fld":"YieldTotal","unit":"kWh","val":"591.92"},{"fld":"Irradiation","unit":"%","val":"39.67"},{"fld":"U_DC","unit":"V","val":"29.50"},{"fld":"I_DC","unit":"A","val":"8.06"},{"fld":"P_DC","unit":"W","val":"237.60"},{"fld":"YieldDay","unit":"Wh","val":"1302.00"},{"fld":"YieldTotal","unit":"kWh","val":"610.25"},{"fld":"Irradiation","unit":"%","val":"59.40"},{"fld":"U_AC","unit":"V","val":"232.80"},{"fld":"I_AC","unit":"A","val":"1.62"},{"fld":"P_AC","unit":"W","val":"378.40"},{"fld":"Q_AC","unit":"var","val":"0.00"},{"fld":"F_AC","unit":"Hz","val":"50.05"},{"fld":"PF_AC","unit":"","val":"1.00"},{"fld":"Temp","unit":"°C","val":"62.20"},{"fld":"ALARM_MES_ID","unit":"","val":"251.00"},{"fld":"YieldDay","unit":"Wh","val":"2589.00"},{"fld":"YieldTotal","unit":"kWh","val":"1202.17"},{"fld":"P_DC","unit":"W","val":"396.30"},{"fld":"Efficiency","unit":"%","val":"95.48"}]]}