{"inverter":[[{"fld":"U_DC","unit":"V","val":"31.60"},{"fld":"I_DC","unit":"A","val":"2.04"},{"fld":"P_DC","unit":"W","val":"64.40"},{"fld":"YieldDay","unit":"Wh","val":"1318.00"},{"fld":"YieldTotal","unit":"kWh","val":"591.95"},{"fld":"Irradiation","unit":"%","val":"16.10"},{"fld":"U_DC","unit":"V","val":"29.40"},{"fld":"I_DC","unit":"A","val":"7.31"},{"fld":"P_DC","unit":"W","val":"214.60"},{"fld":"YieldDay","unit":"Wh","val":"1378.00"},{"fld":"YieldTotal","unit":"kWh","val":"610.33"},{"fld":"Irradiation","unit":"%","val":"53.65"},{"fld":"U_AC","unit":"V","val":"233.00"},{"fld":"I_AC","unit":"A","val":"1.14"},{"fld":"P_AC","unit":"W","val":"266.50"},{"fld":"Q_AC","unit":"var","val":"0.00"},{"fld":"F_AC","unit":"Hz","val":"49.96"},{"fld":"PF_AC","unit":"","val":"1.00"},{"fld":"Temp","unit":"°C","val":"60.20"},{"fld":"ALARM_MES_ID","unit":"","val":"251.00"},{"fld":"YieldDay","unit":"Wh","val":"2696.00"},{"fld":"YieldTotal","unit":"kWh","val":"1202.28"},{"fld":"P_DC","unit":"W","val":"279.00"},{"fld":"Efficiency","unit":"%","val":"95.52"}]]}