{"inverter":[[{"fld":"U_DC","unit":"V","val":"31.30"},{"fld":"I_DC","unit":"A","val":"1.83"},{"fld":"P_DC","unit":"W","val":"57.50"},{"fld":"YieldDay","unit":"Wh","val":"1352.00"},{"fld":"YieldTotal","unit":"kWh","val":"591.99"},{"fld":"Irradiation","unit":"%","val":"14.38"},{"fld":"U_DC","unit":"V","val":"29.80"},{"fld":"I_DC","unit":"A","val":"6.04"},{"fld":"P_DC","unit":"W","val":"180.30"},{"fld":"YieldDay","unit":"Wh","val":"1478.00"},{"fld":"YieldTotal","unit":"kWh","val":"610.43"},{"fld":"Irradiation","unit":"%","val":"45.08"},{"fld":"U_AC","unit":"V","val":"230.00"},{"fld":"I_AC","unit":"A","val":"0.99"},{"fld":"P_AC","unit":"W","val":"227.10"},{"fld":"Q_AC","unit":"var","val":"0.10"},{"fld":"F_AC","unit":"Hz","val":"50.09"},{"fld":"PF_AC","unit":"","val":"1.00"},{"fld":"Temp","unit":"°C","val":"52.40"},{"fld":"ALARM_MES_ID","unit":"","val":"251.00"},{"fld":"YieldDay","unit":"Wh","val":"2830.00"},{"fld":"YieldTotal","unit":"kWh","val":"1202.42"},{"fld":"P_DC","unit":"W","val":"237.80"},{"fld":"Efficiency","unit":"%","val":"95.50"}]]}