{"inverter":[[{"fld":"U_DC","unit":"V","val":"28.70"},{"fld":"I_DC","unit":"A","val":"9.86"},{"fld":"P_DC","unit":"W","val":"282.10"},{"fld":"YieldDay","unit":"Wh","val":"314.00"},{"fld":"YieldTotal","unit":"kWh","val":"590.95"},{"fld":"Irradiation","unit":"%","val":"70.53"},{"fld":"U_DC","unit":"V","val":"29.00"},{"fld":"I_DC","unit":"A","val":"9.69"},{"fld":"P_DC","unit":"W","val":"280.90"},{"fld":"YieldDay","unit":"Wh","val":"334.00"},{"fld":"YieldTotal","unit":"kWh","val":"609.28"},{"fld":"Irradiation","unit":"%","val":"70.22"},{"fld":"U_AC","unit":"V","val":"232.00"},{"fld":"I_AC","unit":"A","val":"2.32"},{"fld":"P_AC","unit":"W","val":"537.70"},{"fld":"Q_AC","unit":"var","val":"0.50"},{"fld":"F_AC","unit":"Hz","val":"49.99"},{"fld":"PF_AC","unit":"","val":"1.00"},{"fld":"Temp","unit":"°C","val":"54.20"},{"fld":"ALARM_MES_ID","unit":"","val":"251.00"},{"fld":"YieldDay","unit":"Wh","val":"648.00"},{"fld":"YieldTotal","unit":"kWh","val":"1200.23"},{"fld":"P_DC","unit":"W","val":"563.00"},{"fld":"Efficiency","unit":"%","val":"95.51"}]]}