{"inverter":[[{"fld":"U_DC","unit":"V","val":"30.90"},{"fld":"I_DC","unit":"A","val":"0.90"},{"fld":"P_DC","unit":"W","val":"27.70"},{"fld":"YieldDay","unit":"Wh","val":"125.00"},{"fld":"YieldTotal","unit":"kWh","val":"590.76"},{"fld":"Irradiation","unit":"%","val":"6.93"},{"fld":"U_DC","unit":"V","val":"31.90"},{"fld":"I_DC","unit":"A","val":"0.92"},{"fld":"P_DC","unit":"W","val":"29.20"},{"fld":"YieldDay","unit":"Wh","val":"128.00"},{"fld":"YieldTotal","unit":"kWh","val":"609.08"},{"fld":"Irradiation","unit":"%","val":"7.30"},{"fld":"U_AC","unit":"V","val":"231.30"},{"fld":"I_AC","unit":"A","val":"0.23"},{"fld":"P_AC","unit":"W","val":"54.30"},{"fld":"Q_AC","unit":"var","val":"0.00"},{"fld":"F_AC","unit":"Hz","val":"50.00"},{"fld":"PF_AC","unit":"","val":"1.00"},{"fld":"Temp","unit":"°C","val":"37.60"},{"fld":"ALARM_MES_ID","unit":"","val":"251.00"},{"fld":"YieldDay","unit":"Wh","val":"253.00"},{"fld":"YieldTotal","unit":"kWh","val":"1199.84"},{"fld":"P_DC","unit":"W","val":"56.90"},{"fld":"Efficiency","unit":"%","val":"95.43"}]]}