{"inverter":[[{"fld":"U_DC","unit":"V","val":"28.20"},{"fld":"I_DC","unit":"A","val":"10.35"},{"fld":"P_DC","unit":"W","val":"291.80"},{"fld":"YieldDay","unit":"Wh","val":"777.00"},{"fld":"YieldTotal","unit":"kWh","val":"591.41"},{"fld":"Irradiation","unit":"%","val":"72.95"},{"fld":"U_DC","unit":"V","val":"28.60"},{"fld":"I_DC","unit":"A","val":"10.15"},{"fld":"P_DC","unit":"W","val":"289.70"},{"fld":"YieldDay","unit":"Wh","val":"794.00"},{"fld":"YieldTotal","unit":"kWh","val":"609.74"},{"fld":"Irradiation","unit":"%","val":"72.43"},{"fld":"U_AC","unit":"V","val":"233.20"},{"fld":"I_AC","unit":"A","val":"2.38"},{"fld":"P_AC","unit":"W","val":"555.30"},{"fld":"Q_AC","unit":"var","val":"0.00"},{"fld":"F_AC","unit":"Hz","val":"50.04"},{"fld":"PF_AC","unit":"","val":"1.00"},{"fld":"Temp","unit":"°C","val":"63.20"},{"fld":"ALARM_MES_ID","unit":"","val":"251.00"},{"fld":"YieldDay","unit":"Wh","val":"1571.00"},{"fld":"YieldTotal","unit":"kWh","val":"1201.16"},{"fld":"P_DC","unit":"W","val":"581.50"},{"fld":"Efficiency","unit":"%","val":"95.49"}]]}