{"inverter":[[{"fld":"U_DC","unit":"V","val":"31.70"},{"fld":"I_DC","unit":"A","val":"1.87"},{"fld":"P_DC","unit":"W","val":"59.10"},{"fld":"YieldDay","unit":"Wh","val":"1345.00"},{"fld":"YieldTotal","unit":"kWh","val":"591.98"},{"fld":"Irradiation","unit":"%","val":"14.77"},{"fld":"U_DC","unit":"V","val":"30.30"},{"fld":"I_DC","unit":"A","val":"6.23"},{"fld":"P_DC","unit":"W","val":"188.60"},{"fld":"YieldDay","unit":"Wh","val":"1455.00"},{"fld":"YieldTotal","unit":"kWh","val":"610.41"},{"fld":"Irradiation","unit":"%","val":"47.15"},{"fld":"U_AC","unit":"V","val":"230.90"},{"fld":"I_AC","unit":"A","val":"1.03"},{"fld":"P_AC","unit":"W","val":"236.60"},{"fld":"Q_AC","unit":"var","val":"0.10"},{"fld":"F_AC","unit":"Hz","val":"49.98"},{"fld":"PF_AC","unit":"","val":"1.00"},{"fld":"Temp","unit":"°C","val":"52.50"},{"fld":"ALARM_MES_ID","unit":"","val":"251.00"},{"fld":"YieldDay","unit":"Wh","val":"2800.00"},{"fld":"YieldTotal","unit":"kWh","val":"1202.39"},{"fld":"P_DC","unit":"W","val":"247.70"},{"fld":"Efficiency","unit":"%","val":"95.52"}]]}