{"inverter":[[{"fld":"U_DC","unit":"V","val":"29.50"},{"fld":"I_DC","unit":"A","val":"5.10"},{"fld":"P_DC","unit":"W","val":"149.90"},{"fld":"YieldDay","unit":"Wh","val":"141.00"},{"fld":"YieldTotal","unit":"kWh","val":"590.78"},{"fld":"Irradiation","unit":"%","val":"37.47"},{"fld":"U_DC","unit":"V","val":"30.50"},{"fld":"I_DC","unit":"A","val":"5.14"},{"fld":"P_DC","unit":"W","val":"156.50"},{"fld":"YieldDay","unit":"Wh","val":"149.00"},{"fld":"YieldTotal","unit":"kWh","val":"609.10"},{"fld":"Irradiation","unit":"%","val":"39.13"},{"fld":"U_AC","unit":"V","val":"232.30"},{"fld":"I_AC","unit":"A","val":"1.26"},{"fld":"P_AC","unit":"W","val":"292.60"},{"fld":"Q_AC","unit":"var","val":"0.20"},{"fld":"F_AC","unit":"Hz","val":"49.99"},{"fld":"PF_AC","unit":"","val":"1.00"},{"fld":"Temp","unit":"°C","val":"39.00"},{"fld":"ALARM_MES_ID","unit":"","val":"251.00"},{"fld":"YieldDay","unit":"Wh","val":"290.00"},{"fld":"YieldTotal","unit":"kWh","val":"1199.88"},{"fld":"P_DC","unit":"W","val":"306.40"},{"fld":"Efficiency","unit":"%","val":"95.50"}]]}