{"inverter":[[{"fld":"U_DC","unit":"V","val":"28.30"},{"fld":"I_DC","unit":"A","val":"10.16"},{"fld":"P_DC","unit":"W","val":"286.70"},{"fld":"YieldDay","unit":"Wh","val":"925.00"},{"fld":"YieldTotal","unit":"kWh","val":"591.56"},{"fld":"Irradiation","unit":"%","val":"71.68"},{"fld":"U_DC","unit":"V","val":"28.40"},{"fld":"I_DC","unit":"A","val":"9.98"},{"fld":"P_DC","unit":"W","val":"283.00"},{"fld":"YieldDay","unit":"Wh","val":"941.00"},{"fld":"YieldTotal","unit":"kWh","val":"609.89"},{"fld":"Irradiation","unit":"%","val":"70.75"},{"fld":"U_AC","unit":"V","val":"234.70"},{"fld":"I_AC","unit":"A","val":"2.32"},{"fld":"P_AC","unit":"W","val":"544.00"},{"fld":"Q_AC","unit":"var","val":"0.00"},{"fld":"F_AC","unit":"Hz","val":"50.00"},{"fld":"PF_AC","unit":"","val":"1.00"},{"fld":"Temp","unit":"°C","val":"65.10"},{"fld":"ALARM_MES_ID","unit":"","val":"251.00"},{"fld":"YieldDay","unit":"Wh","val":"1866.00"},{"fld":"YieldTotal","unit":"kWh","val":"1201.45"},{"fld":"P_DC","unit":"W","val":"569.70"},{"fld":"Efficiency","unit":"%","val":"95.49"}]]}