{"inverter":[[{"fld":"U_DC","unit":"V","val":"32.10"},{"fld":"I_DC","unit":"A","val":"2.16"},{"fld":"P_DC","unit":"W","val":"69.50"},{"fld":"YieldDay","unit":"Wh","val":"1305.00"},{"fld":"YieldTotal","unit":"kWh","val":"591.94"},{"fld":"Irradiation","unit":"%","val":"17.38"},{"fld":"U_DC","unit":"V","val":"29.40"},{"fld":"I_DC","unit":"A","val":"7.90"},{"fld":"P_DC","unit":"W","val":"232.50"},{"fld":"YieldDay","unit":"Wh","val":"1332.00"},{"fld":"YieldTotal","unit":"kWh","val":"610.28"},{"fld":"Irradiation","unit":"%","val":"58.13"},{"fld":"U_AC","unit":"V","val":"233.30"},{"fld":"I_AC","unit":"A","val":"1.24"},{"fld":"P_AC","unit":"W","val":"288.40"},{"fld":"Q_AC","unit":"var","val":"0.20"},{"fld":"F_AC","unit":"Hz","val":"50.05"},{"fld":"PF_AC","unit":"","val":"1.00"},{"fld":"Temp","unit":"°C","val":"60.70"},{"fld":"ALARM_MES_ID","unit":"","val":"251.00"},{"fld":"YieldDay","unit":"Wh","val":"2637.00"},{"fld":"YieldTotal","unit":"kWh","val":"1202.22"},{"fld":"P_DC","unit":"W","val":"302.00"},{"fld":"Efficiency","unit":"%","val":"95.50"}]]}