{"inverter":[[{"fld":"U_DC","unit":"V","val":"28.10"},{"fld":"I_DC","unit":"A","val":"10.14"},{"fld":"P_DC","unit":"W","val":"284.50"},{"fld":"YieldDay","unit":"Wh","val":"943.00"},{"fld":"YieldTotal","unit":"kWh","val":"591.58"},{"fld":"Irradiation","unit":"%","val":"71.13"},{"fld":"U_DC","unit":"V","val":"28.40"},{"fld":"I_DC","unit":"A","val":"9.92"},{"fld":"P_DC","unit":"W","val":"281.00"},{"fld":"YieldDay","unit":"Wh","val":"958.00"},{"fld":"YieldTotal","unit":"kWh","val":"609.91"},{"fld":"Irradiation","unit":"%","val":"70.25"},{"fld":"U_AC","unit":"V","val":"235.00"},{"fld":"I_AC","unit":"A","val":"2.30"},{"fld":"P_AC","unit":"W","val":"540.10"},{"fld":"Q_AC","unit":"var","val":"0.50"},{"fld":"F_AC","unit":"Hz","val":"49.99"},{"fld":"PF_AC","unit":"","val":"1.00"},{"fld":"Temp","unit":"°C","val":"65.30"},{"fld":"ALARM_MES_ID","unit":"","val":"251.00"},{"fld":"YieldDay","unit":"Wh","val":"1901.00"},{"fld":"YieldTotal","unit":"kWh","val":"1201.49"},{"fld":"P_DC","unit":"W","val":"565.50"},{"fld":"Efficiency","unit":"%","val":"95.51"}]]}