{"inverter":[[{"fld":"U_DC","unit":"V","val":"29.60"},{"fld":"I_DC","unit":"A","val":"5.22"},{"fld":"P_DC","unit":"W","val":"154.40"},{"fld":"YieldDay","unit":"Wh","val":"153.00"},{"fld":"YieldTotal","unit":"kWh","val":"590.79"},{"fld":"Irradiation","unit":"%","val":"38.60"},{"fld":"U_DC","unit":"V","val":"31.10"},{"fld":"I_DC","unit":"A","val":"5.27"},{"fld":"P_DC","unit":"W","val":"163.80"},{"fld":"YieldDay","unit":"Wh","val":"162.00"},{"fld":"YieldTotal","unit":"kWh","val":"609.11"},{"fld":"Irradiation","unit":"%","val":"40.95"},{"fld":"U_AC","unit":"V","val":"231.00"},{"fld":"I_AC","unit":"A","val":"1.32"},{"fld":"P_AC","unit":"W","val":"303.80"},{"fld":"Q_AC","unit":"var","val":"0.00"},{"fld":"F_AC","unit":"Hz","val":"50.02"},{"fld":"PF_AC","unit":"","val":"1.00"},{"fld":"Temp","unit":"°C","val":"40.00"},{"fld":"ALARM_MES_ID","unit":"","val":"251.00"},{"fld":"YieldDay","unit":"Wh","val":"315.00"},{"fld":"YieldTotal","unit":"kWh","val":"1199.90"},{"fld":"P_DC","unit":"W","val":"318.20"},{"fld":"Efficiency","unit":"%","val":"95.47"}]]}