{"inverter":[[{"fld":"U_DC","unit":"V","val":"31.20"},{"fld":"I_DC","unit":"A","val":"1.80"},{"fld":"P_DC","unit":"W","val":"56.30"},{"fld":"YieldDay","unit":"Wh","val":"1361.00"},{"fld":"YieldTotal","unit":"kWh","val":"592.00"},{"fld":"Irradiation","unit":"%","val":"14.07"},{"fld":"U_DC","unit":"V","val":"29.60"},{"fld":"I_DC","unit":"A","val":"5.83"},{"fld":"P_DC","unit":"W","val":"172.80"},{"fld":"YieldDay","unit":"Wh","val":"1504.00"},{"fld":"YieldTotal","unit":"kWh","val":"610.45"},{"fld":"Irradiation","unit":"%","val":"43.20"},{"fld":"U_AC","unit":"V","val":"232.20"},{"fld":"I_AC","unit":"A","val":"0.94"},{"fld":"P_AC","unit":"W","val":"218.70"},{"fld":"Q_AC","unit":"var","val":"0.00"},{"fld":"F_AC","unit":"Hz","val":"50.05"},{"fld":"PF_AC","unit":"","val":"1.00"},{"fld":"Temp","unit":"°C","val":"52.70"},{"fld":"ALARM_MES_ID","unit":"","val":"251.00"},{"fld":"YieldDay","unit":"Wh","val":"2865.00"},{"fld":"YieldTotal","unit":"kWh","val":"1202.45"},{"fld":"P_DC","unit":"W","val":"229.10"},{"fld":"Efficiency","unit":"%","val":"95.46"}]]}