{"inverter":[[{"fld":"U_DC","unit":"V","val":"31.50"},{"fld":"I_DC","unit":"A","val":"5.46"},{"fld":"P_DC","unit":"W","val":"172.10"},{"fld":"YieldDay","unit":"Wh","val":"176.00"},{"fld":"YieldTotal","unit":"kWh","val":"590.81"},{"fld":"Irradiation","unit":"%","val":"43.03"},{"fld":"U_DC","unit":"V","val":"29.80"},{"fld":"I_DC","unit":"A","val":"9.07"},{"fld":"P_DC","unit":"W","val":"270.20"},{"fld":"YieldDay","unit":"Wh","val":"189.00"},{"fld":"YieldTotal","unit":"kWh","val":"609.14"},{"fld":"Irradiation","unit":"%","val":"67.55"},{"fld":"U_AC","unit":"V","val":"232.50"},{"fld":"I_AC","unit":"A","val":"1.82"},{"fld":"P_AC","unit":"W","val":"422.40"},{"fld":"Q_AC","unit":"var","val":"0.00"},{"fld":"F_AC","unit":"Hz","val":"50.02"},{"fld":"PF_AC","unit":"","val":"1.00"},{"fld":"Temp","unit":"°C","val":"41.90"},{"fld":"ALARM_MES_ID","unit":"","val":"251.00"},{"fld":"YieldDay","unit":"Wh","val":"365.00"},{"fld":"YieldTotal","unit":"kWh","val":"1199.95"},{"fld":"P_DC","unit":"W","val":"442.30"},{"fld":"Efficiency","unit":"%","val":"95.50"}]]}