{"inverter":[[{"fld":"U_DC","unit":"V","val":"30.10"},{"fld":"I_DC","unit":"A","val":"0.86"},{"fld":"P_DC","unit":"W","val":"25.80"},{"fld":"YieldDay","unit":"Wh","val":"98.00"},{"fld":"YieldTotal","unit":"kWh","val":"590.73"},{"fld":"Irradiation","unit":"%","val":"6.45"},{"fld":"U_DC","unit":"V","val":"30.50"},{"fld":"I_DC","unit":"A","val":"0.86"},{"fld":"P_DC","unit":"W","val":"26.30"},{"fld":"YieldDay","unit":"Wh","val":"101.00"},{"fld":"YieldTotal","unit":"kWh","val":"609.05"},{"fld":"Irradiation","unit":"%","val":"6.57"},{"fld":"U_AC","unit":"V","val":"229.70"},{"fld":"I_AC","unit":"A","val":"0.22"},{"fld":"P_AC","unit":"W","val":"49.70"},{"fld":"Q_AC","unit":"var","val":"0.00"},{"fld":"F_AC","unit":"Hz","val":"50.01"},{"fld":"PF_AC","unit":"","val":"1.00"},{"fld":"Temp","unit":"°C","val":"35.70"},{"fld":"ALARM_MES_ID","unit":"","val":"251.00"},{"fld":"YieldDay","unit":"Wh","val":"199.00"},{"fld":"YieldTotal","unit":"kWh","val":"1199.78"},{"fld":"P_DC","unit":"W","val":"52.10"},{"fld":"Efficiency","unit":"%","val":"95.39"}]]}