{"inverter":[[{"fld":"U_DC","unit":"V","val":"28.20"},{"fld":"I_DC","unit":"A","val":"10.37"},{"fld":"P_DC","unit":"W","val":"292.40"},{"fld":"YieldDay","unit":"Wh","val":"557.00"},{"fld":"YieldTotal","unit":"kWh","val":"591.19"},{"fld":"Irradiation","unit":"%","val":"73.10"},{"fld":"U_DC","unit":"V","val":"28.40"},{"fld":"I_DC","unit":"A","val":"10.23"},{"fld":"P_DC","unit":"W","val":"290.60"},{"fld":"YieldDay","unit":"Wh","val":"576.00"},{"fld":"YieldTotal","unit":"kWh","val":"609.53"},{"fld":"Irradiation","unit":"%","val":"72.65"},{"fld":"U_AC","unit":"V","val":"234.80"},{"fld":"I_AC","unit":"A","val":"2.37"},{"fld":"P_AC","unit":"W","val":"556.70"},{"fld":"Q_AC","unit":"var","val":"0.50"},{"fld":"F_AC","unit":"Hz","val":"50.01"},{"fld":"PF_AC","unit":"","val":"1.00"},{"fld":"Temp","unit":"°C","val":"61.70"},{"fld":"ALARM_MES_ID","unit":"","val":"251.00"},{"fld":"YieldDay","unit":"Wh","val":"1133.00"},{"fld":"YieldTotal","unit":"kWh","val":"1200.72"},{"fld":"P_DC","unit":"W","val":"583.00"},{"fld":"Efficiency","unit":"%","val":"95.49"}]]}