{"inverter":[[{"fld":"U_DC","unit":"V","val":"28.50"},{"fld":"I_DC","unit":"A","val":"10.30"},{"fld":"P_DC","unit":"W","val":"292.70"},{"fld":"YieldDay","unit":"Wh","val":"856.00"},{"fld":"YieldTotal","unit":"kWh","val":"591.49"},{"fld":"Irradiation","unit":"%","val":"73.18"},{"fld":"U_DC","unit":"V","val":"28.70"},{"fld":"I_DC","unit":"A","val":"10.11"},{"fld":"P_DC","unit":"W","val":"289.60"},{"fld":"YieldDay","unit":"Wh","val":"872.00"},{"fld":"YieldTotal","unit":"kWh","val":"609.82"},{"fld":"Irradiation","unit":"%","val":"72.40"},{"fld":"U_AC","unit":"V","val":"233.30"},{"fld":"I_AC","unit":"A","val":"2.38"},{"fld":"P_AC","unit":"W","val":"556.10"},{"fld":"Q_AC","unit":"var","val":"0.50"},{"fld":"F_AC","unit":"Hz","val":"50.01"},{"fld":"PF_AC","unit":"","val":"1.00"},{"fld":"Temp","unit":"°C","val":"64.10"},{"fld":"ALARM_MES_ID","unit":"","val":"251.00"},{"fld":"YieldDay","unit":"Wh","val":"1728.00"},{"fld":"YieldTotal","unit":"kWh","val":"1201.31"},{"fld":"P_DC","unit":"W","val":"582.30"},{"fld":"Efficiency","unit":"%","val":"95.50"}]]}