{"inverter":[[{"fld":"U_DC","unit":"V","val":"28.60"},{"fld":"I_DC","unit":"A","val":"9.45"},{"fld":"P_DC","unit":"W","val":"270.00"},{"fld":"YieldDay","unit":"Wh","val":"1079.00"},{"fld":"YieldTotal","unit":"kWh","val":"591.71"},{"fld":"Irradiation","unit":"%","val":"67.50"},{"fld":"U_DC","unit":"V","val":"28.90"},{"fld":"I_DC","unit":"A","val":"9.25"},{"fld":"P_DC","unit":"W","val":"267.00"},{"fld":"YieldDay","unit":"Wh","val":"1092.00"},{"fld":"YieldTotal","unit":"kWh","val":"610.04"},{"fld":"Irradiation","unit":"%","val":"66.75"},{"fld":"U_AC","unit":"V","val":"234.40"},{"fld":"I_AC","unit":"A","val":"2.19"},{"fld":"P_AC","unit":"W","val":"512.80"},{"fld":"Q_AC","unit":"var","val":"0.40"},{"fld":"F_AC","unit":"Hz","val":"50.03"},{"fld":"PF_AC","unit":"","val":"1.00"},{"fld":"Temp","unit":"°C","val":"64.10"},{"fld":"ALARM_MES_ID","unit":"","val":"251.00"},{"fld":"YieldDay","unit":"Wh","val":"2171.00"},{"fld":"YieldTotal","unit":"kWh","val":"1201.76"},{"fld":"P_DC","unit":"W","val":"537.00"},{"fld":"Efficiency","unit":"%","val":"95.49"}]]}