{"inverter":[[{"fld":"U_DC","unit":"V","val":"28.70"},{"fld":"I_DC","unit":"A","val":"9.89"},{"fld":"P_DC","unit":"W","val":"283.20"},{"fld":"YieldDay","unit":"Wh","val":"323.00"},{"fld":"YieldTotal","unit":"kWh","val":"590.96"},{"fld":"Irradiation","unit":"%","val":"70.80"},{"fld":"U_DC","unit":"V","val":"28.90"},{"fld":"I_DC","unit":"A","val":"9.76"},{"fld":"P_DC","unit":"W","val":"281.70"},{"fld":"YieldDay","unit":"Wh","val":"343.00"},{"fld":"YieldTotal","unit":"kWh","val":"609.29"},{"fld":"Irradiation","unit":"%","val":"70.43"},{"fld":"U_AC","unit":"V","val":"232.30"},{"fld":"I_AC","unit":"A","val":"2.32"},{"fld":"P_AC","unit":"W","val":"539.40"},{"fld":"Q_AC","unit":"var","val":"0.50"},{"fld":"F_AC","unit":"Hz","val":"50.01"},{"fld":"PF_AC","unit":"","val":"1.00"},{"fld":"Temp","unit":"°C","val":"54.90"},{"fld":"ALARM_MES_ID","unit":"","val":"251.00"},{"fld":"YieldDay","unit":"Wh","val":"666.00"},{"fld":"YieldTotal","unit":"kWh","val":"1200.25"},{"fld":"P_DC","unit":"W","val":"564.90"},{"fld":"Efficiency","unit":"%","val":"95.49"}]]}