{"inverter":[[{"fld":"U_DC","unit":"V","val":"28.70"},{"fld":"I_DC","unit":"A","val":"9.94"},{"fld":"P_DC","unit":"W","val":"284.30"},{"fld":"YieldDay","unit":"Wh","val":"359.00"},{"fld":"YieldTotal","unit":"kWh","val":"590.99"},{"fld":"Irradiation","unit":"%","val":"71.07"},{"fld":"U_DC","unit":"V","val":"28.90"},{"fld":"I_DC","unit":"A","val":"9.78"},{"fld":"P_DC","unit":"W","val":"282.20"},{"fld":"YieldDay","unit":"Wh","val":"379.00"},{"fld":"YieldTotal","unit":"kWh","val":"609.33"},{"fld":"Irradiation","unit":"%","val":"70.55"},{"fld":"U_AC","unit":"V","val":"232.20"},{"fld":"I_AC","unit":"A","val":"2.33"},{"fld":"P_AC","unit":"W","val":"541.00"},{"fld":"Q_AC","unit":"var","val":"0.00"},{"fld":"F_AC","unit":"Hz","val":"49.99"},{"fld":"PF_AC","unit":"","val":"1.00"},{"fld":"Temp","unit":"°C","val":"56.80"},{"fld":"ALARM_MES_ID","unit":"","val":"251.00"},{"fld":"YieldDay","unit":"Wh","val":"738.00"},{"fld":"YieldTotal","unit":"kWh","val":"1200.32"},{"fld":"P_DC","unit":"W","val":"566.50"},{"fld":"Efficiency","unit":"%","val":"95.50"}]]}