{"inverter":[[{"fld":"U_DC","unit":"V","val":"28.40"},{"fld":"I_DC","unit":"A","val":"9.89"},{"fld":"P_DC","unit":"W","val":"280.20"},{"fld":"YieldDay","unit":"Wh","val":"997.00"},{"fld":"YieldTotal","unit":"kWh","val":"591.63"},{"fld":"Irradiation","unit":"%","val":"70.05"},{"fld":"U_DC","unit":"V","val":"28.40"},{"fld":"I_DC","unit":"A","val":"9.67"},{"fld":"P_DC","unit":"W","val":"274.50"},{"fld":"YieldDay","unit":"Wh","val":"1012.00"},{"fld":"YieldTotal","unit":"kWh","val":"609.96"},{"fld":"Irradiation","unit":"%","val":"68.63"},{"fld":"U_AC","unit":"V","val":"235.10"},{"fld":"I_AC","unit":"A","val":"2.26"},{"fld":"P_AC","unit":"W","val":"529.80"},{"fld":"Q_AC","unit":"var","val":"0.50"},{"fld":"F_AC","unit":"Hz","val":"50.01"},{"fld":"PF_AC","unit":"","val":"1.00"},{"fld":"Temp","unit":"°C","val":"65.50"},{"fld":"ALARM_MES_ID","unit":"","val":"251.00"},{"fld":"YieldDay","unit":"Wh","val":"2009.00"},{"fld":"YieldTotal","unit":"kWh","val":"1201.59"},{"fld":"P_DC","unit":"W","val":"554.70"},{"fld":"Efficiency","unit":"%","val":"95.51"}]]}