{"inverter":[[{"fld":"U_DC","unit":"V","val":"28.60"},{"fld":"I_DC","unit":"A","val":"10.25"},{"fld":"P_DC","unit":"W","val":"292.30"},{"fld":"YieldDay","unit":"Wh","val":"473.00"},{"fld":"YieldTotal","unit":"kWh","val":"591.11"},{"fld":"Irradiation","unit":"%","val":"73.07"},{"fld":"U_DC","unit":"V","val":"28.80"},{"fld":"I_DC","unit":"A","val":"10.08"},{"fld":"P_DC","unit":"W","val":"289.50"},{"fld":"YieldDay","unit":"Wh","val":"492.00"},{"fld":"YieldTotal","unit":"kWh","val":"609.44"},{"fld":"Irradiation","unit":"%","val":"72.38"},{"fld":"U_AC","unit":"V","val":"234.00"},{"fld":"I_AC","unit":"A","val":"2.37"},{"fld":"P_AC","unit":"W","val":"555.60"},{"fld":"Q_AC","unit":"var","val":"0.00"},{"fld":"F_AC","unit":"Hz","val":"50.02"},{"fld":"PF_AC","unit":"","val":"1.00"},{"fld":"Temp","unit":"°C","val":"60.40"},{"fld":"ALARM_MES_ID","unit":"","val":"251.00"},{"fld":"YieldDay","unit":"Wh","val":"965.00"},{"fld":"YieldTotal","unit":"kWh","val":"1200.55"},{"fld":"P_DC","unit":"W","val":"581.80"},{"fld":"Efficiency","unit":"%","val":"95.50"}]]}