{"inverter":[[{"fld":"U_DC","unit":"V","val":"28.60"},{"fld":"I_DC","unit":"A","val":"9.83"},{"fld":"P_DC","unit":"W","val":"281.20"},{"fld":"YieldDay","unit":"Wh","val":"310.00"},{"fld":"YieldTotal","unit":"kWh","val":"590.95"},{"fld":"Irradiation","unit":"%","val":"70.30"},{"fld":"U_DC","unit":"V","val":"29.00"},{"fld":"I_DC","unit":"A","val":"9.67"},{"fld":"P_DC","unit":"W","val":"280.00"},{"fld":"YieldDay","unit":"Wh","val":"330.00"},{"fld":"YieldTotal","unit":"kWh","val":"609.28"},{"fld":"Irradiation","unit":"%","val":"70.00"},{"fld":"U_AC","unit":"V","val":"231.00"},{"fld":"I_AC","unit":"A","val":"2.32"},{"fld":"P_AC","unit":"W","val":"535.90"},{"fld":"Q_AC","unit":"var","val":"0.50"},{"fld":"F_AC","unit":"Hz","val":"50.00"},{"fld":"PF_AC","unit":"","val":"1.00"},{"fld":"Temp","unit":"°C","val":"53.80"},{"fld":"ALARM_MES_ID","unit":"","val":"251.00"},{"fld":"YieldDay","unit":"Wh","val":"640.00"},{"fld":"YieldTotal","unit":"kWh","val":"1200.23"},{"fld":"P_DC","unit":"W","val":"561.20"},{"fld":"Efficiency","unit":"%","val":"95.49"}]]}