{"inverter":[[{"fld":"U_DC","unit":"V","val":"33.20"},{"fld":"I_DC","unit":"A","val":"0.95"},{"fld":"P_DC","unit":"W","val":"31.70"},{"fld":"YieldDay","unit":"Wh","val":"130.00"},{"fld":"YieldTotal","unit":"kWh","val":"590.77"},{"fld":"Irradiation","unit":"%","val":"7.93"},{"fld":"U_DC","unit":"V","val":"33.80"},{"fld":"I_DC","unit":"A","val":"1.69"},{"fld":"P_DC","unit":"W","val":"57.10"},{"fld":"YieldDay","unit":"Wh","val":"134.00"},{"fld":"YieldTotal","unit":"kWh","val":"609.08"},{"fld":"Irradiation","unit":"%","val":"14.27"},{"fld":"U_AC","unit":"V","val":"230.50"},{"fld":"I_AC","unit":"A","val":"0.37"},{"fld":"P_AC","unit":"W","val":"84.80"},{"fld":"Q_AC","unit":"var","val":"0.10"},{"fld":"F_AC","unit":"Hz","val":"50.02"},{"fld":"PF_AC","unit":"","val":"1.00"},{"fld":"Temp","unit":"°C","val":"38.00"},{"fld":"ALARM_MES_ID","unit":"","val":"251.00"},{"fld":"YieldDay","unit":"Wh","val":"264.00"},{"fld":"YieldTotal","unit":"kWh","val":"1199.85"},{"fld":"P_DC","unit":"W","val":"88.80"},{"fld":"Efficiency","unit":"%","val":"95.50"}]]}