{"inverter":[[{"fld":"U_DC","unit":"V","val":"28.70"},{"fld":"I_DC","unit":"A","val":"9.82"},{"fld":"P_DC","unit":"W","val":"280.90"},{"fld":"YieldDay","unit":"Wh","val":"296.00"},{"fld":"YieldTotal","unit":"kWh","val":"590.93"},{"fld":"Irradiation","unit":"%","val":"70.22"},{"fld":"U_DC","unit":"V","val":"29.00"},{"fld":"I_DC","unit":"A","val":"9.63"},{"fld":"P_DC","unit":"W","val":"279.30"},{"fld":"YieldDay","unit":"Wh","val":"316.00"},{"fld":"YieldTotal","unit":"kWh","val":"609.27"},{"fld":"Irradiation","unit":"%","val":"69.82"},{"fld":"U_AC","unit":"V","val":"232.50"},{"fld":"I_AC","unit":"A","val":"2.30"},{"fld":"P_AC","unit":"W","val":"535.00"},{"fld":"Q_AC","unit":"var","val":"0.50"},{"fld":"F_AC","unit":"Hz","val":"50.01"},{"fld":"PF_AC","unit":"","val":"1.00"},{"fld":"Temp","unit":"°C","val":"53.10"},{"fld":"ALARM_MES_ID","unit":"","val":"251.00"},{"fld":"YieldDay","unit":"Wh","val":"612.00"},{"fld":"YieldTotal","unit":"kWh","val":"1200.20"},{"fld":"P_DC","unit":"W","val":"560.20"},{"fld":"Efficiency","unit":"%","val":"95.50"}]]}