{"inverter":[[{"fld":"U_DC","unit":"V","val":"29.50"},{"fld":"I_DC","unit":"A","val":"5.10"},{"fld":"P_DC","unit":"W","val":"150.20"},{"fld":"YieldDay","unit":"Wh","val":"146.00"},{"fld":"YieldTotal","unit":"kWh","val":"590.78"},{"fld":"Irradiation","unit":"%","val":"37.55"},{"fld":"U_DC","unit":"V","val":"30.90"},{"fld":"I_DC","unit":"A","val":"5.15"},{"fld":"P_DC","unit":"W","val":"159.10"},{"fld":"YieldDay","unit":"Wh","val":"154.00"},{"fld":"YieldTotal","unit":"kWh","val":"609.10"},{"fld":"Irradiation","unit":"%","val":"39.78"},{"fld":"U_AC","unit":"V","val":"231.10"},{"fld":"I_AC","unit":"A","val":"1.28"},{"fld":"P_AC","unit":"W","val":"295.40"},{"fld":"Q_AC","unit":"var","val":"0.30"},{"fld":"F_AC","unit":"Hz","val":"50.01"},{"fld":"PF_AC","unit":"","val":"1.00"},{"fld":"Temp","unit":"°C","val":"39.50"},{"fld":"ALARM_MES_ID","unit":"","val":"251.00"},{"fld":"YieldDay","unit":"Wh","val":"300.00"},{"fld":"YieldTotal","unit":"kWh","val":"1199.89"},{"fld":"P_DC","unit":"W","val":"309.30"},{"fld":"Efficiency","unit":"%","val":"95.51"}]]}