{"inverter":[[{"fld":"U_DC","unit":"V","val":"29.00"},{"fld":"I_DC","unit":"A","val":"9.57"},{"fld":"P_DC","unit":"W","val":"277.20"},{"fld":"YieldDay","unit":"Wh","val":"239.00"},{"fld":"YieldTotal","unit":"kWh","val":"590.87"},{"fld":"Irradiation","unit":"%","val":"69.30"},{"fld":"U_DC","unit":"V","val":"29.30"},{"fld":"I_DC","unit":"A","val":"9.41"},{"fld":"P_DC","unit":"W","val":"275.80"},{"fld":"YieldDay","unit":"Wh","val":"259.00"},{"fld":"YieldTotal","unit":"kWh","val":"609.21"},{"fld":"Irradiation","unit":"%","val":"68.95"},{"fld":"U_AC","unit":"V","val":"229.80"},{"fld":"I_AC","unit":"A","val":"2.30"},{"fld":"P_AC","unit":"W","val":"528.10"},{"fld":"Q_AC","unit":"var","val":"0.50"},{"fld":"F_AC","unit":"Hz","val":"50.02"},{"fld":"PF_AC","unit":"","val":"1.00"},{"fld":"Temp","unit":"°C","val":"48.20"},{"fld":"ALARM_MES_ID","unit":"","val":"251.00"},{"fld":"YieldDay","unit":"Wh","val":"498.00"},{"fld":"YieldTotal","unit":"kWh","val":"1200.08"},{"fld":"P_DC","unit":"W","val":"553.00"},{"fld":"Efficiency","unit":"%","val":"95.50"}]]}