{"inverter":[[{"fld":"U_DC","unit":"V","val":"28.50"},{"fld":"I_DC","unit":"A","val":"9.79"},{"fld":"P_DC","unit":"W","val":"278.90"},{"fld":"YieldDay","unit":"Wh","val":"1042.00"},{"fld":"YieldTotal","unit":"kWh","val":"591.68"},{"fld":"Irradiation","unit":"%","val":"69.72"},{"fld":"U_DC","unit":"V","val":"28.80"},{"fld":"I_DC","unit":"A","val":"9.59"},{"fld":"P_DC","unit":"W","val":"275.60"},{"fld":"YieldDay","unit":"Wh","val":"1055.00"},{"fld":"YieldTotal","unit":"kWh","val":"610.01"},{"fld":"Irradiation","unit":"%","val":"68.90"},{"fld":"U_AC","unit":"V","val":"234.20"},{"fld":"I_AC","unit":"A","val":"2.26"},{"fld":"P_AC","unit":"W","val":"529.60"},{"fld":"Q_AC","unit":"var","val":"0.50"},{"fld":"F_AC","unit":"Hz","val":"50.02"},{"fld":"PF_AC","unit":"","val":"1.00"},{"fld":"Temp","unit":"°C","val":"65.20"},{"fld":"ALARM_MES_ID","unit":"","val":"251.00"},{"fld":"YieldDay","unit":"Wh","val":"2097.00"},{"fld":"YieldTotal","unit":"kWh","val":"1201.68"},{"fld":"P_DC","unit":"W","val":"554.50"},{"fld":"Efficiency","unit":"%","val":"95.51"}]]}