{"inverter":[[{"fld":"U_DC","unit":"V","val":"28.30"},{"fld":"I_DC","unit":"A","val":"9.07"},{"fld":"P_DC","unit":"W","val":"255.90"},{"fld":"YieldDay","unit":"Wh","val":"1157.00"},{"fld":"YieldTotal","unit":"kWh","val":"591.79"},{"fld":"Irradiation","unit":"%","val":"63.97"},{"fld":"U_DC","unit":"V","val":"28.50"},{"fld":"I_DC","unit":"A","val":"8.86"},{"fld":"P_DC","unit":"W","val":"252.30"},{"fld":"YieldDay","unit":"Wh","val":"1169.00"},{"fld":"YieldTotal","unit":"kWh","val":"610.12"},{"fld":"Irradiation","unit":"%","val":"63.08"},{"fld":"U_AC","unit":"V","val":"234.40"},{"fld":"I_AC","unit":"A","val":"2.07"},{"fld":"P_AC","unit":"W","val":"485.30"},{"fld":"Q_AC","unit":"var","val":"0.00"},{"fld":"F_AC","unit":"Hz","val":"49.99"},{"fld":"PF_AC","unit":"","val":"1.00"},{"fld":"Temp","unit":"°C","val":"65.30"},{"fld":"ALARM_MES_ID","unit":"","val":"251.00"},{"fld":"YieldDay","unit":"Wh","val":"2326.00"},{"fld":"YieldTotal","unit":"kWh","val":"1201.91"},{"fld":"P_DC","unit":"W","val":"508.20"},{"fld":"Efficiency","unit":"%","val":"95.49"}]]}