{"inverter":[[{"fld":"U_DC","unit":"V","val":"31.30"},{"fld":"I_DC","unit":"A","val":"1.72"},{"fld":"P_DC","unit":"W","val":"53.80"},{"fld":"YieldDay","unit":"Wh","val":"1368.00"},{"fld":"YieldTotal","unit":"kWh","val":"592.00"},{"fld":"Irradiation","unit":"%","val":"13.45"},{"fld":"U_DC","unit":"V","val":"29.90"},{"fld":"I_DC","unit":"A","val":"5.33"},{"fld":"P_DC","unit":"W","val":"159.30"},{"fld":"YieldDay","unit":"Wh","val":"1527.00"},{"fld":"YieldTotal","unit":"kWh","val":"610.48"},{"fld":"Irradiation","unit":"%","val":"39.83"},{"fld":"U_AC","unit":"V","val":"233.60"},{"fld":"I_AC","unit":"A","val":"0.87"},{"fld":"P_AC","unit":"W","val":"203.60"},{"fld":"Q_AC","unit":"var","val":"0.00"},{"fld":"F_AC","unit":"Hz","val":"50.01"},{"fld":"PF_AC","unit":"","val":"1.00"},{"fld":"Temp","unit":"°C","val":"52.50"},{"fld":"ALARM_MES_ID","unit":"","val":"251.00"},{"fld":"YieldDay","unit":"Wh","val":"2895.00"},{"fld":"YieldTotal","unit":"kWh","val":"1202.48"},{"fld":"P_DC","unit":"W","val":"213.10"},{"fld":"Efficiency","unit":"%","val":"95.54"}]]}