{"inverter":[[{"fld":"U_DC","unit":"V","val":"28.50"},{"fld":"I_DC","unit":"A","val":"10.08"},{"fld":"P_DC","unit":"W","val":"286.80"},{"fld":"YieldDay","unit":"Wh","val":"423.00"},{"fld":"YieldTotal","unit":"kWh","val":"591.06"},{"fld":"Irradiation","unit":"%","val":"71.70"},{"fld":"U_DC","unit":"V","val":"28.80"},{"fld":"I_DC","unit":"A","val":"9.92"},{"fld":"P_DC","unit":"W","val":"285.10"},{"fld":"YieldDay","unit":"Wh","val":"442.00"},{"fld":"YieldTotal","unit":"kWh","val":"609.39"},{"fld":"Irradiation","unit":"%","val":"71.28"},{"fld":"U_AC","unit":"V","val":"234.10"},{"fld":"I_AC","unit":"A","val":"2.33"},{"fld":"P_AC","unit":"W","val":"546.20"},{"fld":"Q_AC","unit":"var","val":"0.00"},{"fld":"F_AC","unit":"Hz","val":"50.01"},{"fld":"PF_AC","unit":"","val":"1.00"},{"fld":"Temp","unit":"°C","val":"59.70"},{"fld":"ALARM_MES_ID","unit":"","val":"251.00"},{"fld":"YieldDay","unit":"Wh","val":"865.00"},{"fld":"YieldTotal","unit":"kWh","val":"1200.45"},{"fld":"P_DC","unit":"W","val":"571.90"},{"fld":"Efficiency","unit":"%","val":"95.51"}]]}