{"inverter":[[{"fld":"U_DC","unit":"V","val":"31.20"},{"fld":"I_DC","unit":"A","val":"1.83"},{"fld":"P_DC","unit":"W","val":"57.30"},{"fld":"YieldDay","unit":"Wh","val":"1355.00"},{"fld":"YieldTotal","unit":"kWh","val":"591.99"},{"fld":"Irradiation","unit":"%","val":"14.33"},{"fld":"U_DC","unit":"V","val":"29.70"},{"fld":"I_DC","unit":"A","val":"5.99"},{"fld":"P_DC","unit":"W","val":"178.00"},{"fld":"YieldDay","unit":"Wh","val":"1487.00"},{"fld":"YieldTotal","unit":"kWh","val":"610.44"},{"fld":"Irradiation","unit":"%","val":"44.50"},{"fld":"U_AC","unit":"V","val":"231.30"},{"fld":"I_AC","unit":"A","val":"0.97"},{"fld":"P_AC","unit":"W","val":"224.70"},{"fld":"Q_AC","unit":"var","val":"0.20"},{"fld":"F_AC","unit":"Hz","val":"50.10"},{"fld":"PF_AC","unit":"","val":"1.00"},{"fld":"Temp","unit":"°C","val":"52.50"},{"fld":"ALARM_MES_ID","unit":"","val":"251.00"},{"fld":"YieldDay","unit":"Wh","val":"2842.00"},{"fld":"YieldTotal","unit":"kWh","val":"1202.43"},{"fld":"P_DC","unit":"W","val":"235.30"},{"fld":"Efficiency","unit":"%","val":"95.50"}]]}