{"inverter":[[{"fld":"U_DC","unit":"V","val":"28.40"},{"fld":"I_DC","unit":"A","val":"9.98"},{"fld":"P_DC","unit":"W","val":"282.60"},{"fld":"YieldDay","unit":"Wh","val":"984.00"},{"fld":"YieldTotal","unit":"kWh","val":"591.62"},{"fld":"Irradiation","unit":"%","val":"70.65"},{"fld":"U_DC","unit":"V","val":"28.50"},{"fld":"I_DC","unit":"A","val":"9.75"},{"fld":"P_DC","unit":"W","val":"277.50"},{"fld":"YieldDay","unit":"Wh","val":"998.00"},{"fld":"YieldTotal","unit":"kWh","val":"609.95"},{"fld":"Irradiation","unit":"%","val":"69.38"},{"fld":"U_AC","unit":"V","val":"235.30"},{"fld":"I_AC","unit":"A","val":"2.27"},{"fld":"P_AC","unit":"W","val":"534.90"},{"fld":"Q_AC","unit":"var","val":"0.30"},{"fld":"F_AC","unit":"Hz","val":"50.03"},{"fld":"PF_AC","unit":"","val":"1.00"},{"fld":"Temp","unit":"°C","val":"65.50"},{"fld":"ALARM_MES_ID","unit":"","val":"251.00"},{"fld":"YieldDay","unit":"Wh","val":"1982.00"},{"fld":"YieldTotal","unit":"kWh","val":"1201.57"},{"fld":"P_DC","unit":"W","val":"560.10"},{"fld":"Efficiency","unit":"%","val":"95.50"}]]}