{"inverter":[[{"fld":"U_DC","unit":"V","val":"31.50"},{"fld":"I_DC","unit":"A","val":"2.01"},{"fld":"P_DC","unit":"W","val":"63.30"},{"fld":"YieldDay","unit":"Wh","val":"1313.00"},{"fld":"YieldTotal","unit":"kWh","val":"591.95"},{"fld":"Irradiation","unit":"%","val":"15.83"},{"fld":"U_DC","unit":"V","val":"29.20"},{"fld":"I_DC","unit":"A","val":"7.44"},{"fld":"P_DC","unit":"W","val":"216.90"},{"fld":"YieldDay","unit":"Wh","val":"1361.00"},{"fld":"YieldTotal","unit":"kWh","val":"610.31"},{"fld":"Irradiation","unit":"%","val":"54.22"},{"fld":"U_AC","unit":"V","val":"233.10"},{"fld":"I_AC","unit":"A","val":"1.15"},{"fld":"P_AC","unit":"W","val":"267.50"},{"fld":"Q_AC","unit":"var","val":"0.20"},{"fld":"F_AC","unit":"Hz","val":"50.04"},{"fld":"PF_AC","unit":"","val":"1.00"},{"fld":"Temp","unit":"°C","val":"60.70"},{"fld":"ALARM_MES_ID","unit":"","val":"251.00"},{"fld":"YieldDay","unit":"Wh","val":"2674.00"},{"fld":"YieldTotal","unit":"kWh","val":"1202.26"},{"fld":"P_DC","unit":"W","val":"280.20"},{"fld":"Efficiency","unit":"%","val":"95.47"}]]}