{"inverter":[[{"fld":"U_DC","unit":"V","val":"30.20"},{"fld":"I_DC","unit":"A","val":"0.88"},{"fld":"P_DC","unit":"W","val":"26.60"},{"fld":"YieldDay","unit":"Wh","val":"119.00"},{"fld":"YieldTotal","unit":"kWh","val":"590.75"},{"fld":"Irradiation","unit":"%","val":"6.65"},{"fld":"U_DC","unit":"V","val":"30.50"},{"fld":"I_DC","unit":"A","val":"0.88"},{"fld":"P_DC","unit":"W","val":"26.90"},{"fld":"YieldDay","unit":"Wh","val":"122.00"},{"fld":"YieldTotal","unit":"kWh","val":"609.07"},{"fld":"Irradiation","unit":"%","val":"6.72"},{"fld":"U_AC","unit":"V","val":"229.20"},{"fld":"I_AC","unit":"A","val":"0.22"},{"fld":"P_AC","unit":"W","val":"51.10"},{"fld":"Q_AC","unit":"var","val":"0.00"},{"fld":"F_AC","unit":"Hz","val":"49.98"},{"fld":"PF_AC","unit":"","val":"1.00"},{"fld":"Temp","unit":"°C","val":"37.10"},{"fld":"ALARM_MES_ID","unit":"","val":"251.00"},{"fld":"YieldDay","unit":"Wh","val":"241.00"},{"fld":"YieldTotal","unit":"kWh","val":"1199.83"},{"fld":"P_DC","unit":"W","val":"53.50"},{"fld":"Efficiency","unit":"%","val":"95.51"}]]}