{"inverter":[[{"fld":"U_DC","unit":"V","val":"30.40"},{"fld":"I_DC","unit":"A","val":"0.88"},{"fld":"P_DC","unit":"W","val":"26.80"},{"fld":"YieldDay","unit":"Wh","val":"120.00"},{"fld":"YieldTotal","unit":"kWh","val":"590.76"},{"fld":"Irradiation","unit":"%","val":"6.70"},{"fld":"U_DC","unit":"V","val":"30.60"},{"fld":"I_DC","unit":"A","val":"0.89"},{"fld":"P_DC","unit":"W","val":"27.10"},{"fld":"YieldDay","unit":"Wh","val":"123.00"},{"fld":"YieldTotal","unit":"kWh","val":"609.07"},{"fld":"Irradiation","unit":"%","val":"6.78"},{"fld":"U_AC","unit":"V","val":"229.00"},{"fld":"I_AC","unit":"A","val":"0.22"},{"fld":"P_AC","unit":"W","val":"51.50"},{"fld":"Q_AC","unit":"var","val":"0.00"},{"fld":"F_AC","unit":"Hz","val":"49.98"},{"fld":"PF_AC","unit":"","val":"1.00"},{"fld":"Temp","unit":"°C","val":"37.20"},{"fld":"ALARM_MES_ID","unit":"","val":"251.00"},{"fld":"YieldDay","unit":"Wh","val":"243.00"},{"fld":"YieldTotal","unit":"kWh","val":"1199.83"},{"fld":"P_DC","unit":"W","val":"53.90"},{"fld":"Efficiency","unit":"%","val":"95.55"}]]}