{"inverter":[[{"fld":"U_DC","unit":"V","val":"28.40"},{"fld":"I_DC","unit":"A","val":"10.26"},{"fld":"P_DC","unit":"W","val":"290.90"},{"fld":"YieldDay","unit":"Wh","val":"870.00"},{"fld":"YieldTotal","unit":"kWh","val":"591.51"},{"fld":"Irradiation","unit":"%","val":"72.72"},{"fld":"U_DC","unit":"V","val":"28.60"},{"fld":"I_DC","unit":"A","val":"10.06"},{"fld":"P_DC","unit":"W","val":"287.40"},{"fld":"YieldDay","unit":"Wh","val":"886.00"},{"fld":"YieldTotal","unit":"kWh","val":"609.84"},{"fld":"Irradiation","unit":"%","val":"71.85"},{"fld":"U_AC","unit":"V","val":"232.90"},{"fld":"I_AC","unit":"A","val":"2.37"},{"fld":"P_AC","unit":"W","val":"552.20"},{"fld":"Q_AC","unit":"var","val":"0.00"},{"fld":"F_AC","unit":"Hz","val":"50.01"},{"fld":"PF_AC","unit":"","val":"1.00"},{"fld":"Temp","unit":"°C","val":"64.10"},{"fld":"ALARM_MES_ID","unit":"","val":"251.00"},{"fld":"YieldDay","unit":"Wh","val":"1756.00"},{"fld":"YieldTotal","unit":"kWh","val":"1201.34"},{"fld":"P_DC","unit":"W","val":"578.30"},{"fld":"Efficiency","unit":"%","val":"95.49"}]]}