{"inverter":[[{"fld":"U_DC","unit":"V","val":"28.40"},{"fld":"I_DC","unit":"A","val":"9.32"},{"fld":"P_DC","unit":"W","val":"264.60"},{"fld":"YieldDay","unit":"Wh","val":"1120.00"},{"fld":"YieldTotal","unit":"kWh","val":"591.76"},{"fld":"Irradiation","unit":"%","val":"66.15"},{"fld":"U_DC","unit":"V","val":"28.70"},{"fld":"I_DC","unit":"A","val":"9.11"},{"fld":"P_DC","unit":"W","val":"261.00"},{"fld":"YieldDay","unit":"Wh","val":"1132.00"},{"fld":"YieldTotal","unit":"kWh","val":"610.08"},{"fld":"Irradiation","unit":"%","val":"65.25"},{"fld":"U_AC","unit":"V","val":"234.60"},{"fld":"I_AC","unit":"A","val":"2.14"},{"fld":"P_AC","unit":"W","val":"501.90"},{"fld":"Q_AC","unit":"var","val":"0.00"},{"fld":"F_AC","unit":"Hz","val":"50.01"},{"fld":"PF_AC","unit":"","val":"1.00"},{"fld":"Temp","unit":"°C","val":"64.30"},{"fld":"ALARM_MES_ID","unit":"","val":"251.00"},{"fld":"YieldDay","unit":"Wh","val":"2252.00"},{"fld":"YieldTotal","unit":"kWh","val":"1201.84"},{"fld":"P_DC","unit":"W","val":"525.60"},{"fld":"Efficiency","unit":"%","val":"95.49"}]]}