{"inverter":[[{"fld":"U_DC","unit":"V","val":"30.00"},{"fld":"I_DC","unit":"A","val":"0.87"},{"fld":"P_DC","unit":"W","val":"26.10"},{"fld":"YieldDay","unit":"Wh","val":"113.00"},{"fld":"YieldTotal","unit":"kWh","val":"590.75"},{"fld":"Irradiation","unit":"%","val":"6.53"},{"fld":"U_DC","unit":"V","val":"30.40"},{"fld":"I_DC","unit":"A","val":"0.88"},{"fld":"P_DC","unit":"W","val":"26.60"},{"fld":"YieldDay","unit":"Wh","val":"116.00"},{"fld":"YieldTotal","unit":"kWh","val":"609.07"},{"fld":"Irradiation","unit":"%","val":"6.65"},{"fld":"U_AC","unit":"V","val":"228.10"},{"fld":"I_AC","unit":"A","val":"0.22"},{"fld":"P_AC","unit":"W","val":"50.30"},{"fld":"Q_AC","unit":"var","val":"0.00"},{"fld":"F_AC","unit":"Hz","val":"50.01"},{"fld":"PF_AC","unit":"","val":"1.00"},{"fld":"Temp","unit":"°C","val":"36.50"},{"fld":"ALARM_MES_ID","unit":"","val":"251.00"},{"fld":"YieldDay","unit":"Wh","val":"229.00"},{"fld":"YieldTotal","unit":"kWh","val":"1199.81"},{"fld":"P_DC","unit":"W","val":"52.70"},{"fld":"Efficiency","unit":"%","val":"95.45"}]]}