{"inverter":[[{"fld":"U_DC","unit":"V","val":"28.30"},{"fld":"I_DC","unit":"A","val":"10.36"},{"fld":"P_DC","unit":"W","val":"292.90"},{"fld":"YieldDay","unit":"Wh","val":"735.00"},{"fld":"YieldTotal","unit":"kWh","val":"591.37"},{"fld":"Irradiation","unit":"%","val":"73.22"},{"fld":"U_DC","unit":"V","val":"28.50"},{"fld":"I_DC","unit":"A","val":"10.20"},{"fld":"P_DC","unit":"W","val":"290.70"},{"fld":"YieldDay","unit":"Wh","val":"753.00"},{"fld":"YieldTotal","unit":"kWh","val":"609.70"},{"fld":"Irradiation","unit":"%","val":"72.68"},{"fld":"U_AC","unit":"V","val":"232.80"},{"fld":"I_AC","unit":"A","val":"2.39"},{"fld":"P_AC","unit":"W","val":"557.30"},{"fld":"Q_AC","unit":"var","val":"0.50"},{"fld":"F_AC","unit":"Hz","val":"50.01"},{"fld":"PF_AC","unit":"","val":"1.00"},{"fld":"Temp","unit":"°C","val":"62.90"},{"fld":"ALARM_MES_ID","unit":"","val":"251.00"},{"fld":"YieldDay","unit":"Wh","val":"1488.00"},{"fld":"YieldTotal","unit":"kWh","val":"1201.07"},{"fld":"P_DC","unit":"W","val":"583.60"},{"fld":"Efficiency","unit":"%","val":"95.49"}]]}