{"inverter":[[{"fld":"U_DC","unit":"V","val":"31.30"},{"fld":"I_DC","unit":"A","val":"1.65"},{"fld":"P_DC","unit":"W","val":"51.80"},{"fld":"YieldDay","unit":"Wh","val":"1388.00"},{"fld":"YieldTotal","unit":"kWh","val":"592.02"},{"fld":"Irradiation","unit":"%","val":"12.95"},{"fld":"U_DC","unit":"V","val":"30.10"},{"fld":"I_DC","unit":"A","val":"4.61"},{"fld":"P_DC","unit":"W","val":"138.60"},{"fld":"YieldDay","unit":"Wh","val":"1581.00"},{"fld":"YieldTotal","unit":"kWh","val":"610.53"},{"fld":"Irradiation","unit":"%","val":"34.65"},{"fld":"U_AC","unit":"V","val":"228.70"},{"fld":"I_AC","unit":"A","val":"0.80"},{"fld":"P_AC","unit":"W","val":"181.80"},{"fld":"Q_AC","unit":"var","val":"0.00"},{"fld":"F_AC","unit":"Hz","val":"50.00"},{"fld":"PF_AC","unit":"","val":"1.00"},{"fld":"Temp","unit":"°C","val":"51.30"},{"fld":"ALARM_MES_ID","unit":"","val":"251.00"},{"fld":"YieldDay","unit":"Wh","val":"2969.00"},{"fld":"YieldTotal","unit":"kWh","val":"1202.55"},{"fld":"P_DC","unit":"W","val":"190.40"},{"fld":"Efficiency","unit":"%","val":"95.48"}]]}