{"inverter":[[{"fld":"U_DC","unit":"V","val":"28.20"},{"fld":"I_DC","unit":"A","val":"10.38"},{"fld":"P_DC","unit":"W","val":"292.40"},{"fld":"YieldDay","unit":"Wh","val":"553.00"},{"fld":"YieldTotal","unit":"kWh","val":"591.19"},{"fld":"Irradiation","unit":"%","val":"73.10"},{"fld":"U_DC","unit":"V","val":"28.50"},{"fld":"I_DC","unit":"A","val":"10.22"},{"fld":"P_DC","unit":"W","val":"290.60"},{"fld":"YieldDay","unit":"Wh","val":"571.00"},{"fld":"YieldTotal","unit":"kWh","val":"609.52"},{"fld":"Irradiation","unit":"%","val":"72.65"},{"fld":"U_AC","unit":"V","val":"234.40"},{"fld":"I_AC","unit":"A","val":"2.38"},{"fld":"P_AC","unit":"W","val":"556.80"},{"fld":"Q_AC","unit":"var","val":"0.50"},{"fld":"F_AC","unit":"Hz","val":"50.01"},{"fld":"PF_AC","unit":"","val":"1.00"},{"fld":"Temp","unit":"°C","val":"61.60"},{"fld":"ALARM_MES_ID","unit":"","val":"251.00"},{"fld":"YieldDay","unit":"Wh","val":"1124.00"},{"fld":"YieldTotal","unit":"kWh","val":"1200.71"},{"fld":"P_DC","unit":"W","val":"583.00"},{"fld":"Efficiency","unit":"%","val":"95.51"}]]}