{"inverter":[[{"fld":"U_DC","unit":"V","val":"28.60"},{"fld":"I_DC","unit":"A","val":"8.91"},{"fld":"P_DC","unit":"W","val":"254.80"},{"fld":"YieldDay","unit":"Wh","val":"1218.00"},{"fld":"YieldTotal","unit":"kWh","val":"591.85"},{"fld":"Irradiation","unit":"%","val":"63.70"},{"fld":"U_DC","unit":"V","val":"28.90"},{"fld":"I_DC","unit":"A","val":"8.70"},{"fld":"P_DC","unit":"W","val":"251.30"},{"fld":"YieldDay","unit":"Wh","val":"1229.00"},{"fld":"YieldTotal","unit":"kWh","val":"610.18"},{"fld":"Irradiation","unit":"%","val":"62.83"},{"fld":"U_AC","unit":"V","val":"232.40"},{"fld":"I_AC","unit":"A","val":"2.08"},{"fld":"P_AC","unit":"W","val":"483.30"},{"fld":"Q_AC","unit":"var","val":"0.00"},{"fld":"F_AC","unit":"Hz","val":"49.96"},{"fld":"PF_AC","unit":"","val":"1.00"},{"fld":"Temp","unit":"°C","val":"64.40"},{"fld":"ALARM_MES_ID","unit":"","val":"251.00"},{"fld":"YieldDay","unit":"Wh","val":"2447.00"},{"fld":"YieldTotal","unit":"kWh","val":"1202.03"},{"fld":"P_DC","unit":"W","val":"506.10"},{"fld":"Efficiency","unit":"%","val":"95.49"}]]}