{"inverter":[[{"fld":"U_DC","unit":"V","val":"28.70"},{"fld":"I_DC","unit":"A","val":"9.76"},{"fld":"P_DC","unit":"W","val":"280.20"},{"fld":"YieldDay","unit":"Wh","val":"287.00"},{"fld":"YieldTotal","unit":"kWh","val":"590.92"},{"fld":"Irradiation","unit":"%","val":"70.05"},{"fld":"U_DC","unit":"V","val":"29.00"},{"fld":"I_DC","unit":"A","val":"9.61"},{"fld":"P_DC","unit":"W","val":"278.80"},{"fld":"YieldDay","unit":"Wh","val":"307.00"},{"fld":"YieldTotal","unit":"kWh","val":"609.26"},{"fld":"Irradiation","unit":"%","val":"69.70"},{"fld":"U_AC","unit":"V","val":"229.50"},{"fld":"I_AC","unit":"A","val":"2.33"},{"fld":"P_AC","unit":"W","val":"533.80"},{"fld":"Q_AC","unit":"var","val":"0.00"},{"fld":"F_AC","unit":"Hz","val":"50.02"},{"fld":"PF_AC","unit":"","val":"1.00"},{"fld":"Temp","unit":"°C","val":"52.40"},{"fld":"ALARM_MES_ID","unit":"","val":"251.00"},{"fld":"YieldDay","unit":"Wh","val":"594.00"},{"fld":"YieldTotal","unit":"kWh","val":"1200.18"},{"fld":"P_DC","unit":"W","val":"559.00"},{"fld":"Efficiency","unit":"%","val":"95.49"}]]}