{"inverter":[[{"fld":"U_DC","unit":"V","val":"28.60"},{"fld":"I_DC","unit":"A","val":"10.12"},{"fld":"P_DC","unit":"W","val":"289.00"},{"fld":"YieldDay","unit":"Wh","val":"455.00"},{"fld":"YieldTotal","unit":"kWh","val":"591.09"},{"fld":"Irradiation","unit":"%","val":"72.25"},{"fld":"U_DC","unit":"V","val":"28.80"},{"fld":"I_DC","unit":"A","val":"9.97"},{"fld":"P_DC","unit":"W","val":"286.40"},{"fld":"YieldDay","unit":"Wh","val":"474.00"},{"fld":"YieldTotal","unit":"kWh","val":"609.42"},{"fld":"Irradiation","unit":"%","val":"71.60"},{"fld":"U_AC","unit":"V","val":"234.80"},{"fld":"I_AC","unit":"A","val":"2.34"},{"fld":"P_AC","unit":"W","val":"549.50"},{"fld":"Q_AC","unit":"var","val":"0.00"},{"fld":"F_AC","unit":"Hz","val":"50.03"},{"fld":"PF_AC","unit":"","val":"1.00"},{"fld":"Temp","unit":"°C","val":"60.30"},{"fld":"ALARM_MES_ID","unit":"","val":"251.00"},{"fld":"YieldDay","unit":"Wh","val":"929.00"},{"fld":"YieldTotal","unit":"kWh","val":"1200.51"},{"fld":"P_DC","unit":"W","val":"575.40"},{"fld":"Efficiency","unit":"%","val":"95.50"}]]}