{"inverter":[[{"fld":"U_DC","unit":"V","val":"30.00"},{"fld":"I_DC","unit":"A","val":"0.87"},{"fld":"P_DC","unit":"W","val":"26.10"},{"fld":"YieldDay","unit":"Wh","val":"112.00"},{"fld":"YieldTotal","unit":"kWh","val":"590.75"},{"fld":"Irradiation","unit":"%","val":"6.53"},{"fld":"U_DC","unit":"V","val":"30.40"},{"fld":"I_DC","unit":"A","val":"0.87"},{"fld":"P_DC","unit":"W","val":"26.50"},{"fld":"YieldDay","unit":"Wh","val":"115.00"},{"fld":"YieldTotal","unit":"kWh","val":"609.07"},{"fld":"Irradiation","unit":"%","val":"6.62"},{"fld":"U_AC","unit":"V","val":"228.80"},{"fld":"I_AC","unit":"A","val":"0.22"},{"fld":"P_AC","unit":"W","val":"50.20"},{"fld":"Q_AC","unit":"var","val":"0.00"},{"fld":"F_AC","unit":"Hz","val":"50.01"},{"fld":"PF_AC","unit":"","val":"1.00"},{"fld":"Temp","unit":"°C","val":"36.70"},{"fld":"ALARM_MES_ID","unit":"","val":"251.00"},{"fld":"YieldDay","unit":"Wh","val":"227.00"},{"fld":"YieldTotal","unit":"kWh","val":"1199.81"},{"fld":"P_DC","unit":"W","val":"52.60"},{"fld":"Efficiency","unit":"%","val":"95.44"}]]}