{"inverter":[[{"fld":"U_DC","unit":"V","val":"31.50"},{"fld":"I_DC","unit":"A","val":"1.99"},{"fld":"P_DC","unit":"W","val":"62.60"},{"fld":"YieldDay","unit":"Wh","val":"1315.00"},{"fld":"YieldTotal","unit":"kWh","val":"591.95"},{"fld":"Irradiation","unit":"%","val":"15.65"},{"fld":"U_DC","unit":"V","val":"29.20"},{"fld":"I_DC","unit":"A","val":"7.26"},{"fld":"P_DC","unit":"W","val":"212.00"},{"fld":"YieldDay","unit":"Wh","val":"1367.00"},{"fld":"YieldTotal","unit":"kWh","val":"610.32"},{"fld":"Irradiation","unit":"%","val":"53.00"},{"fld":"U_AC","unit":"V","val":"233.00"},{"fld":"I_AC","unit":"A","val":"1.12"},{"fld":"P_AC","unit":"W","val":"262.20"},{"fld":"Q_AC","unit":"var","val":"0.20"},{"fld":"F_AC","unit":"Hz","val":"50.03"},{"fld":"PF_AC","unit":"","val":"1.00"},{"fld":"Temp","unit":"°C","val":"60.50"},{"fld":"ALARM_MES_ID","unit":"","val":"251.00"},{"fld":"YieldDay","unit":"Wh","val":"2682.00"},{"fld":"YieldTotal","unit":"kWh","val":"1202.27"},{"fld":"P_DC","unit":"W","val":"274.60"},{"fld":"Efficiency","unit":"%","val":"95.48"}]]}