{"inverter":[[{"fld":"U_DC","unit":"V","val":"26.40"},{"fld":"I_DC","unit":"A","val":"0.04"},{"fld":"P_DC","unit":"W","val":"1.00"},{"fld":"YieldDay","unit":"Wh","val":"1057.00"},{"fld":"YieldTotal","unit":"kWh","val":"599.08"},{"fld":"Irradiation","unit":"%","val":"0.25"},{"fld":"U_DC","unit":"V","val":"26.30"},{"fld":"I_DC","unit":"A","val":"0.04"},{"fld":"P_DC","unit":"W","val":"1.00"},{"fld":"YieldDay","unit":"Wh","val":"1128.00"},{"fld":"YieldTotal","unit":"kWh","val":"618.42"},{"fld":"Irradiation","unit":"%","val":"0.25"},{"fld":"U_AC","unit":"V","val":"230.40"},{"fld":"I_AC","unit":"A","val":"0.01"},{"fld":"P_AC","unit":"W","val":"2.00"},{"fld":"Q_AC","unit":"var","val":"0.00"},{"fld":"F_AC","unit":"Hz","val":"50.03"},{"fld":"PF_AC","unit":"","val":"1.01"},{"fld":"Temp","unit":"°C","val":"21.50"},{"fld":"ALARM_MES_ID","unit":"","val":"257.00"},{"fld":"YieldDay","unit":"Wh","val":"2185.00"},{"fld":"YieldTotal","unit":"kWh","val":"1217.51"},{"fld":"P_DC","unit":"W","val":"2.00"},{"fld":"Efficiency","unit":"%","val":"100.00"}]]}