{"inverter":[[{"fld":"U_DC","unit":"V","val":"28.40"},{"fld":"I_DC","unit":"A","val":"10.37"},{"fld":"P_DC","unit":"W","val":"293.60"},{"fld":"YieldDay","unit":"Wh","val":"599.00"},{"fld":"YieldTotal","unit":"kWh","val":"591.23"},{"fld":"Irradiation","unit":"%","val":"73.40"},{"fld":"U_DC","unit":"V","val":"28.60"},{"fld":"I_DC","unit":"A","val":"10.22"},{"fld":"P_DC","unit":"W","val":"292.40"},{"fld":"YieldDay","unit":"Wh","val":"617.00"},{"fld":"YieldTotal","unit":"kWh","val":"609.57"},{"fld":"Irradiation","unit":"%","val":"73.10"},{"fld":"U_AC","unit":"V","val":"235.30"},{"fld":"I_AC","unit":"A","val":"2.38"},{"fld":"P_AC","unit":"W","val":"559.60"},{"fld":"Q_AC","unit":"var","val":"0.50"},{"fld":"F_AC","unit":"Hz","val":"50.02"},{"fld":"PF_AC","unit":"","val":"1.00"},{"fld":"Temp","unit":"°C","val":"62.40"},{"fld":"ALARM_MES_ID","unit":"","val":"251.00"},{"fld":"YieldDay","unit":"Wh","val":"1216.00"},{"fld":"YieldTotal","unit":"kWh","val":"1200.80"},{"fld":"P_DC","unit":"W","val":"586.00"},{"fld":"Efficiency","unit":"%","val":"95.49"}]]}