{"inverter":[[{"fld":"U_DC","unit":"V","val":"28.40"},{"fld":"I_DC","unit":"A","val":"10.00"},{"fld":"P_DC","unit":"W","val":"283.90"},{"fld":"YieldDay","unit":"Wh","val":"398.00"},{"fld":"YieldTotal","unit":"kWh","val":"591.03"},{"fld":"Irradiation","unit":"%","val":"70.97"},{"fld":"U_DC","unit":"V","val":"28.80"},{"fld":"I_DC","unit":"A","val":"9.82"},{"fld":"P_DC","unit":"W","val":"282.00"},{"fld":"YieldDay","unit":"Wh","val":"417.00"},{"fld":"YieldTotal","unit":"kWh","val":"609.37"},{"fld":"Irradiation","unit":"%","val":"70.50"},{"fld":"U_AC","unit":"V","val":"232.90"},{"fld":"I_AC","unit":"A","val":"2.32"},{"fld":"P_AC","unit":"W","val":"540.40"},{"fld":"Q_AC","unit":"var","val":"0.50"},{"fld":"F_AC","unit":"Hz","val":"49.99"},{"fld":"PF_AC","unit":"","val":"1.00"},{"fld":"Temp","unit":"°C","val":"58.80"},{"fld":"ALARM_MES_ID","unit":"","val":"251.00"},{"fld":"YieldDay","unit":"Wh","val":"815.00"},{"fld":"YieldTotal","unit":"kWh","val":"1200.40"},{"fld":"P_DC","unit":"W","val":"565.90"},{"fld":"Efficiency","unit":"%","val":"95.49"}]]}