{"inverter":[[{"fld":"U_DC","unit":"V","val":"30.30"},{"fld":"I_DC","unit":"A","val":"5.29"},{"fld":"P_DC","unit":"W","val":"160.50"},{"fld":"YieldDay","unit":"Wh","val":"161.00"},{"fld":"YieldTotal","unit":"kWh","val":"590.80"},{"fld":"Irradiation","unit":"%","val":"40.13"},{"fld":"U_DC","unit":"V","val":"31.90"},{"fld":"I_DC","unit":"A","val":"5.33"},{"fld":"P_DC","unit":"W","val":"170.00"},{"fld":"YieldDay","unit":"Wh","val":"170.00"},{"fld":"YieldTotal","unit":"kWh","val":"609.12"},{"fld":"Irradiation","unit":"%","val":"42.50"},{"fld":"U_AC","unit":"V","val":"230.00"},{"fld":"I_AC","unit":"A","val":"1.37"},{"fld":"P_AC","unit":"W","val":"315.60"},{"fld":"Q_AC","unit":"var","val":"0.00"},{"fld":"F_AC","unit":"Hz","val":"50.02"},{"fld":"PF_AC","unit":"","val":"1.00"},{"fld":"Temp","unit":"°C","val":"40.60"},{"fld":"ALARM_MES_ID","unit":"","val":"251.00"},{"fld":"YieldDay","unit":"Wh","val":"331.00"},{"fld":"YieldTotal","unit":"kWh","val":"1199.92"},{"fld":"P_DC","unit":"W","val":"330.50"},{"fld":"Efficiency","unit":"%","val":"95.49"}]]}