{"inverter":[[{"fld":"U_DC","unit":"V","val":"31.80"},{"fld":"I_DC","unit":"A","val":"1.84"},{"fld":"P_DC","unit":"W","val":"58.50"},{"fld":"YieldDay","unit":"Wh","val":"1342.00"},{"fld":"YieldTotal","unit":"kWh","val":"591.98"},{"fld":"Irradiation","unit":"%","val":"14.62"},{"fld":"U_DC","unit":"V","val":"30.80"},{"fld":"I_DC","unit":"A","val":"6.08"},{"fld":"P_DC","unit":"W","val":"187.00"},{"fld":"YieldDay","unit":"Wh","val":"1446.00"},{"fld":"YieldTotal","unit":"kWh","val":"610.40"},{"fld":"Irradiation","unit":"%","val":"46.75"},{"fld":"U_AC","unit":"V","val":"230.60"},{"fld":"I_AC","unit":"A","val":"1.02"},{"fld":"P_AC","unit":"W","val":"234.40"},{"fld":"Q_AC","unit":"var","val":"0.00"},{"fld":"F_AC","unit":"Hz","val":"49.99"},{"fld":"PF_AC","unit":"","val":"1.00"},{"fld":"Temp","unit":"°C","val":"52.50"},{"fld":"ALARM_MES_ID","unit":"","val":"251.00"},{"fld":"YieldDay","unit":"Wh","val":"2788.00"},{"fld":"YieldTotal","unit":"kWh","val":"1202.37"},{"fld":"P_DC","unit":"W","val":"245.50"},{"fld":"Efficiency","unit":"%","val":"95.48"}]]}