{"inverter":[[{"fld":"U_DC","unit":"V","val":"26.40"},{"fld":"I_DC","unit":"A","val":"0.04"},{"fld":"P_DC","unit":"W","val":"1.00"},{"fld":"YieldDay","unit":"Wh","val":"1121.00"},{"fld":"YieldTotal","unit":"kWh","val":"608.58"},{"fld":"Irradiation","unit":"%","val":"0.25"},{"fld":"U_DC","unit":"V","val":"26.30"},{"fld":"I_DC","unit":"A","val":"0.04"},{"fld":"P_DC","unit":"W","val":"1.00"},{"fld":"YieldDay","unit":"Wh","val":"1169.00"},{"fld":"YieldTotal","unit":"kWh","val":"628.85"},{"fld":"Irradiation","unit":"%","val":"0.25"},{"fld":"U_AC","unit":"V","val":"231.50"},{"fld":"I_AC","unit":"A","val":"0.01"},{"fld":"P_AC","unit":"W","val":"1.90"},{"fld":"Q_AC","unit":"var","val":"0.00"},{"fld":"F_AC","unit":"Hz","val":"50.02"},{"fld":"PF_AC","unit":"","val":"1.01"},{"fld":"Temp","unit":"°C","val":"20.70"},{"fld":"ALARM_MES_ID","unit":"","val":"265.00"},{"fld":"YieldDay","unit":"Wh","val":"2290.00"},{"fld":"YieldTotal","unit":"kWh","val":"1237.44"},{"fld":"P_DC","unit":"W","val":"2.00"},{"fld":"Efficiency","unit":"%","val":"95.00"}]]}