{"inverter":[[{"fld":"U_DC","unit":"V","val":"28.50"},{"fld":"I_DC","unit":"A","val":"9.95"},{"fld":"P_DC","unit":"W","val":"283.20"},{"fld":"YieldDay","unit":"Wh","val":"386.00"},{"fld":"YieldTotal","unit":"kWh","val":"591.02"},{"fld":"Irradiation","unit":"%","val":"70.80"},{"fld":"U_DC","unit":"V","val":"28.80"},{"fld":"I_DC","unit":"A","val":"9.80"},{"fld":"P_DC","unit":"W","val":"281.70"},{"fld":"YieldDay","unit":"Wh","val":"406.00"},{"fld":"YieldTotal","unit":"kWh","val":"609.36"},{"fld":"Irradiation","unit":"%","val":"70.43"},{"fld":"U_AC","unit":"V","val":"233.60"},{"fld":"I_AC","unit":"A","val":"2.31"},{"fld":"P_AC","unit":"W","val":"539.50"},{"fld":"Q_AC","unit":"var","val":"0.50"},{"fld":"F_AC","unit":"Hz","val":"50.00"},{"fld":"PF_AC","unit":"","val":"1.00"},{"fld":"Temp","unit":"°C","val":"58.20"},{"fld":"ALARM_MES_ID","unit":"","val":"251.00"},{"fld":"YieldDay","unit":"Wh","val":"792.00"},{"fld":"YieldTotal","unit":"kWh","val":"1200.38"},{"fld":"P_DC","unit":"W","val":"564.90"},{"fld":"Efficiency","unit":"%","val":"95.50"}]]}