{"inverter":[[{"fld":"U_DC","unit":"V","val":"28.40"},{"fld":"I_DC","unit":"A","val":"10.37"},{"fld":"P_DC","unit":"W","val":"294.00"},{"fld":"YieldDay","unit":"Wh","val":"656.00"},{"fld":"YieldTotal","unit":"kWh","val":"591.29"},{"fld":"Irradiation","unit":"%","val":"73.50"},{"fld":"U_DC","unit":"V","val":"28.80"},{"fld":"I_DC","unit":"A","val":"10.22"},{"fld":"P_DC","unit":"W","val":"293.90"},{"fld":"YieldDay","unit":"Wh","val":"674.00"},{"fld":"YieldTotal","unit":"kWh","val":"609.62"},{"fld":"Irradiation","unit":"%","val":"73.47"},{"fld":"U_AC","unit":"V","val":"234.40"},{"fld":"I_AC","unit":"A","val":"2.40"},{"fld":"P_AC","unit":"W","val":"561.40"},{"fld":"Q_AC","unit":"var","val":"0.50"},{"fld":"F_AC","unit":"Hz","val":"50.00"},{"fld":"PF_AC","unit":"","val":"1.00"},{"fld":"Temp","unit":"°C","val":"62.10"},{"fld":"ALARM_MES_ID","unit":"","val":"251.00"},{"fld":"YieldDay","unit":"Wh","val":"1330.00"},{"fld":"YieldTotal","unit":"kWh","val":"1200.92"},{"fld":"P_DC","unit":"W","val":"587.90"},{"fld":"Efficiency","unit":"%","val":"95.49"}]]}