{"inverter":[[{"fld":"U_DC","unit":"V","val":"28.30"},{"fld":"I_DC","unit":"A","val":"10.33"},{"fld":"P_DC","unit":"W","val":"291.90"},{"fld":"YieldDay","unit":"Wh","val":"837.00"},{"fld":"YieldTotal","unit":"kWh","val":"591.47"},{"fld":"Irradiation","unit":"%","val":"72.97"},{"fld":"U_DC","unit":"V","val":"28.60"},{"fld":"I_DC","unit":"A","val":"10.13"},{"fld":"P_DC","unit":"W","val":"288.90"},{"fld":"YieldDay","unit":"Wh","val":"854.00"},{"fld":"YieldTotal","unit":"kWh","val":"609.80"},{"fld":"Irradiation","unit":"%","val":"72.22"},{"fld":"U_AC","unit":"V","val":"234.40"},{"fld":"I_AC","unit":"A","val":"2.37"},{"fld":"P_AC","unit":"W","val":"554.70"},{"fld":"Q_AC","unit":"var","val":"0.50"},{"fld":"F_AC","unit":"Hz","val":"50.04"},{"fld":"PF_AC","unit":"","val":"1.00"},{"fld":"Temp","unit":"°C","val":"64.20"},{"fld":"ALARM_MES_ID","unit":"","val":"251.00"},{"fld":"YieldDay","unit":"Wh","val":"1691.00"},{"fld":"YieldTotal","unit":"kWh","val":"1201.28"},{"fld":"P_DC","unit":"W","val":"580.80"},{"fld":"Efficiency","unit":"%","val":"95.51"}]]}