{"inverter":[[{"fld":"U_DC","unit":"V","val":"31.80"},{"fld":"I_DC","unit":"A","val":"1.85"},{"fld":"P_DC","unit":"W","val":"58.90"},{"fld":"YieldDay","unit":"Wh","val":"1343.00"},{"fld":"YieldTotal","unit":"kWh","val":"591.98"},{"fld":"Irradiation","unit":"%","val":"14.72"},{"fld":"U_DC","unit":"V","val":"30.60"},{"fld":"I_DC","unit":"A","val":"6.25"},{"fld":"P_DC","unit":"W","val":"191.10"},{"fld":"YieldDay","unit":"Wh","val":"1449.00"},{"fld":"YieldTotal","unit":"kWh","val":"610.40"},{"fld":"Irradiation","unit":"%","val":"47.78"},{"fld":"U_AC","unit":"V","val":"231.20"},{"fld":"I_AC","unit":"A","val":"1.03"},{"fld":"P_AC","unit":"W","val":"238.70"},{"fld":"Q_AC","unit":"var","val":"0.00"},{"fld":"F_AC","unit":"Hz","val":"49.99"},{"fld":"PF_AC","unit":"","val":"1.00"},{"fld":"Temp","unit":"°C","val":"52.50"},{"fld":"ALARM_MES_ID","unit":"","val":"251.00"},{"fld":"YieldDay","unit":"Wh","val":"2792.00"},{"fld":"YieldTotal","unit":"kWh","val":"1202.38"},{"fld":"P_DC","unit":"W","val":"250.00"},{"fld":"Efficiency","unit":"%","val":"95.48"}]]}