{"inverter":[[{"fld":"U_DC","unit":"V","val":"31.20"},{"fld":"I_DC","unit":"A","val":"1.83"},{"fld":"P_DC","unit":"W","val":"57.00"},{"fld":"YieldDay","unit":"Wh","val":"1356.00"},{"fld":"YieldTotal","unit":"kWh","val":"591.99"},{"fld":"Irradiation","unit":"%","val":"14.25"},{"fld":"U_DC","unit":"V","val":"29.60"},{"fld":"I_DC","unit":"A","val":"5.96"},{"fld":"P_DC","unit":"W","val":"176.70"},{"fld":"YieldDay","unit":"Wh","val":"1490.00"},{"fld":"YieldTotal","unit":"kWh","val":"610.44"},{"fld":"Irradiation","unit":"%","val":"44.17"},{"fld":"U_AC","unit":"V","val":"231.80"},{"fld":"I_AC","unit":"A","val":"0.96"},{"fld":"P_AC","unit":"W","val":"223.20"},{"fld":"Q_AC","unit":"var","val":"0.10"},{"fld":"F_AC","unit":"Hz","val":"50.09"},{"fld":"PF_AC","unit":"","val":"1.00"},{"fld":"Temp","unit":"°C","val":"52.60"},{"fld":"ALARM_MES_ID","unit":"","val":"251.00"},{"fld":"YieldDay","unit":"Wh","val":"2846.00"},{"fld":"YieldTotal","unit":"kWh","val":"1202.43"},{"fld":"P_DC","unit":"W","val":"233.70"},{"fld":"Efficiency","unit":"%","val":"95.51"}]]}