{"inverter":[[{"fld":"U_DC","unit":"V","val":"29.00"},{"fld":"I_DC","unit":"A","val":"9.54"},{"fld":"P_DC","unit":"W","val":"276.00"},{"fld":"YieldDay","unit":"Wh","val":"217.00"},{"fld":"YieldTotal","unit":"kWh","val":"590.85"},{"fld":"Irradiation","unit":"%","val":"69.00"},{"fld":"U_DC","unit":"V","val":"29.20"},{"fld":"I_DC","unit":"A","val":"9.39"},{"fld":"P_DC","unit":"W","val":"274.10"},{"fld":"YieldDay","unit":"Wh","val":"237.00"},{"fld":"YieldTotal","unit":"kWh","val":"609.19"},{"fld":"Irradiation","unit":"%","val":"68.53"},{"fld":"U_AC","unit":"V","val":"234.00"},{"fld":"I_AC","unit":"A","val":"2.24"},{"fld":"P_AC","unit":"W","val":"525.30"},{"fld":"Q_AC","unit":"var","val":"0.00"},{"fld":"F_AC","unit":"Hz","val":"50.02"},{"fld":"PF_AC","unit":"","val":"1.00"},{"fld":"Temp","unit":"°C","val":"46.40"},{"fld":"ALARM_MES_ID","unit":"","val":"251.00"},{"fld":"YieldDay","unit":"Wh","val":"454.00"},{"fld":"YieldTotal","unit":"kWh","val":"1200.04"},{"fld":"P_DC","unit":"W","val":"550.10"},{"fld":"Efficiency","unit":"%","val":"95.49"}]]}