{"inverter":[[{"fld":"U_DC","unit":"V","val":"28.70"},{"fld":"I_DC","unit":"A","val":"9.82"},{"fld":"P_DC","unit":"W","val":"281.40"},{"fld":"YieldDay","unit":"Wh","val":"301.00"},{"fld":"YieldTotal","unit":"kWh","val":"590.94"},{"fld":"Irradiation","unit":"%","val":"70.35"},{"fld":"U_DC","unit":"V","val":"29.00"},{"fld":"I_DC","unit":"A","val":"9.67"},{"fld":"P_DC","unit":"W","val":"280.00"},{"fld":"YieldDay","unit":"Wh","val":"321.00"},{"fld":"YieldTotal","unit":"kWh","val":"609.27"},{"fld":"Irradiation","unit":"%","val":"70.00"},{"fld":"U_AC","unit":"V","val":"232.60"},{"fld":"I_AC","unit":"A","val":"2.31"},{"fld":"P_AC","unit":"W","val":"536.20"},{"fld":"Q_AC","unit":"var","val":"0.50"},{"fld":"F_AC","unit":"Hz","val":"50.01"},{"fld":"PF_AC","unit":"","val":"1.00"},{"fld":"Temp","unit":"°C","val":"53.40"},{"fld":"ALARM_MES_ID","unit":"","val":"251.00"},{"fld":"YieldDay","unit":"Wh","val":"622.00"},{"fld":"YieldTotal","unit":"kWh","val":"1200.21"},{"fld":"P_DC","unit":"W","val":"561.40"},{"fld":"Efficiency","unit":"%","val":"95.51"}]]}