{"inverter":[[{"fld":"U_DC","unit":"V","val":"31.10"},{"fld":"I_DC","unit":"A","val":"6.21"},{"fld":"P_DC","unit":"W","val":"192.60"},{"fld":"YieldDay","unit":"Wh","val":"188.00"},{"fld":"YieldTotal","unit":"kWh","val":"590.82"},{"fld":"Irradiation","unit":"%","val":"48.15"},{"fld":"U_DC","unit":"V","val":"29.40"},{"fld":"I_DC","unit":"A","val":"9.40"},{"fld":"P_DC","unit":"W","val":"275.60"},{"fld":"YieldDay","unit":"Wh","val":"206.00"},{"fld":"YieldTotal","unit":"kWh","val":"609.16"},{"fld":"Irradiation","unit":"%","val":"68.90"},{"fld":"U_AC","unit":"V","val":"233.60"},{"fld":"I_AC","unit":"A","val":"1.92"},{"fld":"P_AC","unit":"W","val":"447.20"},{"fld":"Q_AC","unit":"var","val":"0.40"},{"fld":"F_AC","unit":"Hz","val":"50.01"},{"fld":"PF_AC","unit":"","val":"1.00"},{"fld":"Temp","unit":"°C","val":"43.40"},{"fld":"ALARM_MES_ID","unit":"","val":"251.00"},{"fld":"YieldDay","unit":"Wh","val":"394.00"},{"fld":"YieldTotal","unit":"kWh","val":"1199.98"},{"fld":"P_DC","unit":"W","val":"468.20"},{"fld":"Efficiency","unit":"%","val":"95.51"}]]}