{"inverter":[[{"fld":"U_DC","unit":"V","val":"30.00"},{"fld":"I_DC","unit":"A","val":"4.87"},{"fld":"P_DC","unit":"W","val":"146.30"},{"fld":"YieldDay","unit":"Wh","val":"136.00"},{"fld":"YieldTotal","unit":"kWh","val":"590.77"},{"fld":"Irradiation","unit":"%","val":"36.58"},{"fld":"U_DC","unit":"V","val":"29.90"},{"fld":"I_DC","unit":"A","val":"5.01"},{"fld":"P_DC","unit":"W","val":"149.60"},{"fld":"YieldDay","unit":"Wh","val":"144.00"},{"fld":"YieldTotal","unit":"kWh","val":"609.09"},{"fld":"Irradiation","unit":"%","val":"37.40"},{"fld":"U_AC","unit":"V","val":"231.70"},{"fld":"I_AC","unit":"A","val":"1.22"},{"fld":"P_AC","unit":"W","val":"282.50"},{"fld":"Q_AC","unit":"var","val":"0.00"},{"fld":"F_AC","unit":"Hz","val":"50.03"},{"fld":"PF_AC","unit":"","val":"1.00"},{"fld":"Temp","unit":"°C","val":"38.60"},{"fld":"ALARM_MES_ID","unit":"","val":"251.00"},{"fld":"YieldDay","unit":"Wh","val":"280.00"},{"fld":"YieldTotal","unit":"kWh","val":"1199.86"},{"fld":"P_DC","unit":"W","val":"295.90"},{"fld":"Efficiency","unit":"%","val":"95.47"}]]}