{"inverter":[[{"fld":"U_DC","unit":"V","val":"28.60"},{"fld":"I_DC","unit":"A","val":"9.01"},{"fld":"P_DC","unit":"W","val":"257.20"},{"fld":"YieldDay","unit":"Wh","val":"1177.00"},{"fld":"YieldTotal","unit":"kWh","val":"591.81"},{"fld":"Irradiation","unit":"%","val":"64.30"},{"fld":"U_DC","unit":"V","val":"28.90"},{"fld":"I_DC","unit":"A","val":"8.79"},{"fld":"P_DC","unit":"W","val":"253.70"},{"fld":"YieldDay","unit":"Wh","val":"1189.00"},{"fld":"YieldTotal","unit":"kWh","val":"610.14"},{"fld":"Irradiation","unit":"%","val":"63.42"},{"fld":"U_AC","unit":"V","val":"233.50"},{"fld":"I_AC","unit":"A","val":"2.09"},{"fld":"P_AC","unit":"W","val":"487.90"},{"fld":"Q_AC","unit":"var","val":"0.10"},{"fld":"F_AC","unit":"Hz","val":"50.03"},{"fld":"PF_AC","unit":"","val":"1.00"},{"fld":"Temp","unit":"°C","val":"64.80"},{"fld":"ALARM_MES_ID","unit":"","val":"251.00"},{"fld":"YieldDay","unit":"Wh","val":"2366.00"},{"fld":"YieldTotal","unit":"kWh","val":"1201.95"},{"fld":"P_DC","unit":"W","val":"510.90"},{"fld":"Efficiency","unit":"%","val":"95.50"}]]}