{"inverter":[[{"fld":"U_DC","unit":"V","val":"28.30"},{"fld":"I_DC","unit":"A","val":"10.36"},{"fld":"P_DC","unit":"W","val":"292.70"},{"fld":"YieldDay","unit":"Wh","val":"740.00"},{"fld":"YieldTotal","unit":"kWh","val":"591.38"},{"fld":"Irradiation","unit":"%","val":"73.18"},{"fld":"U_DC","unit":"V","val":"28.50"},{"fld":"I_DC","unit":"A","val":"10.19"},{"fld":"P_DC","unit":"W","val":"290.30"},{"fld":"YieldDay","unit":"Wh","val":"757.00"},{"fld":"YieldTotal","unit":"kWh","val":"609.71"},{"fld":"Irradiation","unit":"%","val":"72.57"},{"fld":"U_AC","unit":"V","val":"232.40"},{"fld":"I_AC","unit":"A","val":"2.40"},{"fld":"P_AC","unit":"W","val":"556.70"},{"fld":"Q_AC","unit":"var","val":"0.50"},{"fld":"F_AC","unit":"Hz","val":"50.01"},{"fld":"PF_AC","unit":"","val":"1.00"},{"fld":"Temp","unit":"°C","val":"62.90"},{"fld":"ALARM_MES_ID","unit":"","val":"251.00"},{"fld":"YieldDay","unit":"Wh","val":"1497.00"},{"fld":"YieldTotal","unit":"kWh","val":"1201.08"},{"fld":"P_DC","unit":"W","val":"583.00"},{"fld":"Efficiency","unit":"%","val":"95.49"}]]}