{"inverter":[[{"fld":"U_DC","unit":"V","val":"30.40"},{"fld":"I_DC","unit":"A","val":"1.25"},{"fld":"P_DC","unit":"W","val":"38.10"},{"fld":"YieldDay","unit":"Wh","val":"1330.00"},{"fld":"YieldTotal","unit":"kWh","val":"591.97"},{"fld":"Irradiation","unit":"%","val":"9.52"},{"fld":"U_DC","unit":"V","val":"29.10"},{"fld":"I_DC","unit":"A","val":"2.48"},{"fld":"P_DC","unit":"W","val":"72.20"},{"fld":"YieldDay","unit":"Wh","val":"1414.00"},{"fld":"YieldTotal","unit":"kWh","val":"610.36"},{"fld":"Irradiation","unit":"%","val":"18.05"},{"fld":"U_AC","unit":"V","val":"232.70"},{"fld":"I_AC","unit":"A","val":"0.45"},{"fld":"P_AC","unit":"W","val":"105.30"},{"fld":"Q_AC","unit":"var","val":"0.10"},{"fld":"F_AC","unit":"Hz","val":"50.03"},{"fld":"PF_AC","unit":"","val":"1.00"},{"fld":"Temp","unit":"°C","val":"57.40"},{"fld":"ALARM_MES_ID","unit":"","val":"251.00"},{"fld":"YieldDay","unit":"Wh","val":"2744.00"},{"fld":"YieldTotal","unit":"kWh","val":"1202.33"},{"fld":"P_DC","unit":"W","val":"110.30"},{"fld":"Efficiency","unit":"%","val":"95.47"}]]}