{"inverter":[[{"fld":"U_DC","unit":"V","val":"28.60"},{"fld":"I_DC","unit":"A","val":"9.44"},{"fld":"P_DC","unit":"W","val":"269.20"},{"fld":"YieldDay","unit":"Wh","val":"1090.00"},{"fld":"YieldTotal","unit":"kWh","val":"591.72"},{"fld":"Irradiation","unit":"%","val":"67.30"},{"fld":"U_DC","unit":"V","val":"28.80"},{"fld":"I_DC","unit":"A","val":"9.23"},{"fld":"P_DC","unit":"W","val":"266.00"},{"fld":"YieldDay","unit":"Wh","val":"1103.00"},{"fld":"YieldTotal","unit":"kWh","val":"610.05"},{"fld":"Irradiation","unit":"%","val":"66.50"},{"fld":"U_AC","unit":"V","val":"234.30"},{"fld":"I_AC","unit":"A","val":"2.18"},{"fld":"P_AC","unit":"W","val":"511.10"},{"fld":"Q_AC","unit":"var","val":"0.20"},{"fld":"F_AC","unit":"Hz","val":"50.03"},{"fld":"PF_AC","unit":"","val":"1.00"},{"fld":"Temp","unit":"°C","val":"64.30"},{"fld":"ALARM_MES_ID","unit":"","val":"251.00"},{"fld":"YieldDay","unit":"Wh","val":"2193.00"},{"fld":"YieldTotal","unit":"kWh","val":"1201.78"},{"fld":"P_DC","unit":"W","val":"535.20"},{"fld":"Efficiency","unit":"%","val":"95.50"}]]}