{"inverter":[[{"fld":"U_DC","unit":"V","val":"28.60"},{"fld":"I_DC","unit":"A","val":"10.39"},{"fld":"P_DC","unit":"W","val":"297.00"},{"fld":"YieldDay","unit":"Wh","val":"712.00"},{"fld":"YieldTotal","unit":"kWh","val":"591.35"},{"fld":"Irradiation","unit":"%","val":"74.25"},{"fld":"U_DC","unit":"V","val":"28.80"},{"fld":"I_DC","unit":"A","val":"10.26"},{"fld":"P_DC","unit":"W","val":"295.30"},{"fld":"YieldDay","unit":"Wh","val":"730.00"},{"fld":"YieldTotal","unit":"kWh","val":"609.68"},{"fld":"Irradiation","unit":"%","val":"73.82"},{"fld":"U_AC","unit":"V","val":"233.40"},{"fld":"I_AC","unit":"A","val":"2.43"},{"fld":"P_AC","unit":"W","val":"565.60"},{"fld":"Q_AC","unit":"var","val":"0.10"},{"fld":"F_AC","unit":"Hz","val":"50.04"},{"fld":"PF_AC","unit":"","val":"1.00"},{"fld":"Temp","unit":"°C","val":"62.50"},{"fld":"ALARM_MES_ID","unit":"","val":"251.00"},{"fld":"YieldDay","unit":"Wh","val":"1442.00"},{"fld":"YieldTotal","unit":"kWh","val":"1201.03"},{"fld":"P_DC","unit":"W","val":"592.30"},{"fld":"Efficiency","unit":"%","val":"95.49"}]]}