{"inverter":[[{"fld":"U_DC","unit":"V","val":"28.60"},{"fld":"I_DC","unit":"A","val":"9.02"},{"fld":"P_DC","unit":"W","val":"257.50"},{"fld":"YieldDay","unit":"Wh","val":"1185.00"},{"fld":"YieldTotal","unit":"kWh","val":"591.82"},{"fld":"Irradiation","unit":"%","val":"64.38"},{"fld":"U_DC","unit":"V","val":"28.80"},{"fld":"I_DC","unit":"A","val":"8.82"},{"fld":"P_DC","unit":"W","val":"254.10"},{"fld":"YieldDay","unit":"Wh","val":"1197.00"},{"fld":"YieldTotal","unit":"kWh","val":"610.15"},{"fld":"Irradiation","unit":"%","val":"63.53"},{"fld":"U_AC","unit":"V","val":"232.10"},{"fld":"I_AC","unit":"A","val":"2.10"},{"fld":"P_AC","unit":"W","val":"488.50"},{"fld":"Q_AC","unit":"var","val":"0.00"},{"fld":"F_AC","unit":"Hz","val":"50.02"},{"fld":"PF_AC","unit":"","val":"1.00"},{"fld":"Temp","unit":"°C","val":"65.00"},{"fld":"ALARM_MES_ID","unit":"","val":"251.00"},{"fld":"YieldDay","unit":"Wh","val":"2382.00"},{"fld":"YieldTotal","unit":"kWh","val":"1201.97"},{"fld":"P_DC","unit":"W","val":"511.60"},{"fld":"Efficiency","unit":"%","val":"95.48"}]]}