{"inverter":[[{"fld":"U_DC","unit":"V","val":"28.40"},{"fld":"I_DC","unit":"A","val":"9.90"},{"fld":"P_DC","unit":"W","val":"280.30"},{"fld":"YieldDay","unit":"Wh","val":"1020.00"},{"fld":"YieldTotal","unit":"kWh","val":"591.66"},{"fld":"Irradiation","unit":"%","val":"70.07"},{"fld":"U_DC","unit":"V","val":"28.80"},{"fld":"I_DC","unit":"A","val":"9.66"},{"fld":"P_DC","unit":"W","val":"277.40"},{"fld":"YieldDay","unit":"Wh","val":"1033.00"},{"fld":"YieldTotal","unit":"kWh","val":"609.98"},{"fld":"Irradiation","unit":"%","val":"69.35"},{"fld":"U_AC","unit":"V","val":"234.40"},{"fld":"I_AC","unit":"A","val":"2.27"},{"fld":"P_AC","unit":"W","val":"532.60"},{"fld":"Q_AC","unit":"var","val":"0.00"},{"fld":"F_AC","unit":"Hz","val":"50.00"},{"fld":"PF_AC","unit":"","val":"1.00"},{"fld":"Temp","unit":"°C","val":"65.20"},{"fld":"ALARM_MES_ID","unit":"","val":"251.00"},{"fld":"YieldDay","unit":"Wh","val":"2053.00"},{"fld":"YieldTotal","unit":"kWh","val":"1201.64"},{"fld":"P_DC","unit":"W","val":"557.70"},{"fld":"Efficiency","unit":"%","val":"95.50"}]]}