{"inverter":[[{"fld":"U_DC","unit":"V","val":"31.70"},{"fld":"I_DC","unit":"A","val":"1.99"},{"fld":"P_DC","unit":"W","val":"63.10"},{"fld":"YieldDay","unit":"Wh","val":"1333.00"},{"fld":"YieldTotal","unit":"kWh","val":"591.97"},{"fld":"Irradiation","unit":"%","val":"15.77"},{"fld":"U_DC","unit":"V","val":"29.90"},{"fld":"I_DC","unit":"A","val":"6.83"},{"fld":"P_DC","unit":"W","val":"204.00"},{"fld":"YieldDay","unit":"Wh","val":"1425.00"},{"fld":"YieldTotal","unit":"kWh","val":"610.38"},{"fld":"Irradiation","unit":"%","val":"51.00"},{"fld":"U_AC","unit":"V","val":"232.60"},{"fld":"I_AC","unit":"A","val":"1.10"},{"fld":"P_AC","unit":"W","val":"255.10"},{"fld":"Q_AC","unit":"var","val":"0.00"},{"fld":"F_AC","unit":"Hz","val":"49.99"},{"fld":"PF_AC","unit":"","val":"1.00"},{"fld":"Temp","unit":"°C","val":"56.60"},{"fld":"ALARM_MES_ID","unit":"","val":"251.00"},{"fld":"YieldDay","unit":"Wh","val":"2758.00"},{"fld":"YieldTotal","unit":"kWh","val":"1202.34"},{"fld":"P_DC","unit":"W","val":"267.10"},{"fld":"Efficiency","unit":"%","val":"95.51"}]]}