{"inverter":[[{"fld":"U_DC","unit":"V","val":"28.30"},{"fld":"I_DC","unit":"A","val":"9.21"},{"fld":"P_DC","unit":"W","val":"260.90"},{"fld":"YieldDay","unit":"Wh","val":"1128.00"},{"fld":"YieldTotal","unit":"kWh","val":"591.76"},{"fld":"Irradiation","unit":"%","val":"65.22"},{"fld":"U_DC","unit":"V","val":"28.60"},{"fld":"I_DC","unit":"A","val":"9.01"},{"fld":"P_DC","unit":"W","val":"257.30"},{"fld":"YieldDay","unit":"Wh","val":"1140.00"},{"fld":"YieldTotal","unit":"kWh","val":"610.09"},{"fld":"Irradiation","unit":"%","val":"64.32"},{"fld":"U_AC","unit":"V","val":"235.40"},{"fld":"I_AC","unit":"A","val":"2.10"},{"fld":"P_AC","unit":"W","val":"494.90"},{"fld":"Q_AC","unit":"var","val":"0.40"},{"fld":"F_AC","unit":"Hz","val":"50.02"},{"fld":"PF_AC","unit":"","val":"1.00"},{"fld":"Temp","unit":"°C","val":"64.50"},{"fld":"ALARM_MES_ID","unit":"","val":"251.00"},{"fld":"YieldDay","unit":"Wh","val":"2268.00"},{"fld":"YieldTotal","unit":"kWh","val":"1201.85"},{"fld":"P_DC","unit":"W","val":"518.20"},{"fld":"Efficiency","unit":"%","val":"95.50"}]]}