{"inverter":[[{"fld":"U_DC","unit":"V","val":"31.30"},{"fld":"I_DC","unit":"A","val":"1.84"},{"fld":"P_DC","unit":"W","val":"57.70"},{"fld":"YieldDay","unit":"Wh","val":"1353.00"},{"fld":"YieldTotal","unit":"kWh","val":"591.99"},{"fld":"Irradiation","unit":"%","val":"14.43"},{"fld":"U_DC","unit":"V","val":"29.80"},{"fld":"I_DC","unit":"A","val":"6.05"},{"fld":"P_DC","unit":"W","val":"180.30"},{"fld":"YieldDay","unit":"Wh","val":"1481.00"},{"fld":"YieldTotal","unit":"kWh","val":"610.43"},{"fld":"Irradiation","unit":"%","val":"45.08"},{"fld":"U_AC","unit":"V","val":"230.70"},{"fld":"I_AC","unit":"A","val":"0.98"},{"fld":"P_AC","unit":"W","val":"227.20"},{"fld":"Q_AC","unit":"var","val":"0.20"},{"fld":"F_AC","unit":"Hz","val":"50.08"},{"fld":"PF_AC","unit":"","val":"1.00"},{"fld":"Temp","unit":"°C","val":"52.50"},{"fld":"ALARM_MES_ID","unit":"","val":"251.00"},{"fld":"YieldDay","unit":"Wh","val":"2834.00"},{"fld":"YieldTotal","unit":"kWh","val":"1202.42"},{"fld":"P_DC","unit":"W","val":"238.00"},{"fld":"Efficiency","unit":"%","val":"95.46"}]]}