{"inverter":[[{"fld":"U_DC","unit":"V","val":"28.40"},{"fld":"I_DC","unit":"A","val":"9.91"},{"fld":"P_DC","unit":"W","val":"281.40"},{"fld":"YieldDay","unit":"Wh","val":"993.00"},{"fld":"YieldTotal","unit":"kWh","val":"591.63"},{"fld":"Irradiation","unit":"%","val":"70.35"},{"fld":"U_DC","unit":"V","val":"28.50"},{"fld":"I_DC","unit":"A","val":"9.68"},{"fld":"P_DC","unit":"W","val":"275.80"},{"fld":"YieldDay","unit":"Wh","val":"1007.00"},{"fld":"YieldTotal","unit":"kWh","val":"609.96"},{"fld":"Irradiation","unit":"%","val":"68.95"},{"fld":"U_AC","unit":"V","val":"234.80"},{"fld":"I_AC","unit":"A","val":"2.27"},{"fld":"P_AC","unit":"W","val":"532.10"},{"fld":"Q_AC","unit":"var","val":"0.50"},{"fld":"F_AC","unit":"Hz","val":"50.02"},{"fld":"PF_AC","unit":"","val":"1.00"},{"fld":"Temp","unit":"°C","val":"65.30"},{"fld":"ALARM_MES_ID","unit":"","val":"251.00"},{"fld":"YieldDay","unit":"Wh","val":"2000.00"},{"fld":"YieldTotal","unit":"kWh","val":"1201.58"},{"fld":"P_DC","unit":"W","val":"557.20"},{"fld":"Efficiency","unit":"%","val":"95.50"}]]}