{"inverter":[[{"fld":"U_DC","unit":"V","val":"30.80"},{"fld":"I_DC","unit":"A","val":"0.90"},{"fld":"P_DC","unit":"W","val":"27.60"},{"fld":"YieldDay","unit":"Wh","val":"124.00"},{"fld":"YieldTotal","unit":"kWh","val":"590.76"},{"fld":"Irradiation","unit":"%","val":"6.90"},{"fld":"U_DC","unit":"V","val":"31.20"},{"fld":"I_DC","unit":"A","val":"0.90"},{"fld":"P_DC","unit":"W","val":"28.20"},{"fld":"YieldDay","unit":"Wh","val":"127.00"},{"fld":"YieldTotal","unit":"kWh","val":"609.08"},{"fld":"Irradiation","unit":"%","val":"7.05"},{"fld":"U_AC","unit":"V","val":"230.20"},{"fld":"I_AC","unit":"A","val":"0.23"},{"fld":"P_AC","unit":"W","val":"53.30"},{"fld":"Q_AC","unit":"var","val":"0.00"},{"fld":"F_AC","unit":"Hz","val":"50.01"},{"fld":"PF_AC","unit":"","val":"1.00"},{"fld":"Temp","unit":"°C","val":"37.50"},{"fld":"ALARM_MES_ID","unit":"","val":"251.00"},{"fld":"YieldDay","unit":"Wh","val":"251.00"},{"fld":"YieldTotal","unit":"kWh","val":"1199.84"},{"fld":"P_DC","unit":"W","val":"55.80"},{"fld":"Efficiency","unit":"%","val":"95.52"}]]}