{"inverter":[[{"fld":"U_DC","unit":"V","val":"33.30"},{"fld":"I_DC","unit":"A","val":"2.46"},{"fld":"P_DC","unit":"W","val":"82.10"},{"fld":"YieldDay","unit":"Wh","val":"133.00"},{"fld":"YieldTotal","unit":"kWh","val":"590.77"},{"fld":"Irradiation","unit":"%","val":"20.52"},{"fld":"U_DC","unit":"V","val":"29.90"},{"fld":"I_DC","unit":"A","val":"5.00"},{"fld":"P_DC","unit":"W","val":"149.50"},{"fld":"YieldDay","unit":"Wh","val":"139.00"},{"fld":"YieldTotal","unit":"kWh","val":"609.09"},{"fld":"Irradiation","unit":"%","val":"37.38"},{"fld":"U_AC","unit":"V","val":"231.50"},{"fld":"I_AC","unit":"A","val":"0.95"},{"fld":"P_AC","unit":"W","val":"221.20"},{"fld":"Q_AC","unit":"var","val":"0.00"},{"fld":"F_AC","unit":"Hz","val":"50.01"},{"fld":"PF_AC","unit":"","val":"1.00"},{"fld":"Temp","unit":"°C","val":"38.40"},{"fld":"ALARM_MES_ID","unit":"","val":"251.00"},{"fld":"YieldDay","unit":"Wh","val":"272.00"},{"fld":"YieldTotal","unit":"kWh","val":"1199.86"},{"fld":"P_DC","unit":"W","val":"231.60"},{"fld":"Efficiency","unit":"%","val":"95.51"}]]}