{"inverter":[[{"fld":"U_DC","unit":"V","val":"28.70"},{"fld":"I_DC","unit":"A","val":"8.59"},{"fld":"P_DC","unit":"W","val":"246.20"},{"fld":"YieldDay","unit":"Wh","val":"1242.00"},{"fld":"YieldTotal","unit":"kWh","val":"591.88"},{"fld":"Irradiation","unit":"%","val":"61.55"},{"fld":"U_DC","unit":"V","val":"29.00"},{"fld":"I_DC","unit":"A","val":"8.39"},{"fld":"P_DC","unit":"W","val":"243.00"},{"fld":"YieldDay","unit":"Wh","val":"1253.00"},{"fld":"YieldTotal","unit":"kWh","val":"610.20"},{"fld":"Irradiation","unit":"%","val":"60.75"},{"fld":"U_AC","unit":"V","val":"231.30"},{"fld":"I_AC","unit":"A","val":"2.02"},{"fld":"P_AC","unit":"W","val":"467.10"},{"fld":"Q_AC","unit":"var","val":"0.00"},{"fld":"F_AC","unit":"Hz","val":"49.97"},{"fld":"PF_AC","unit":"","val":"1.00"},{"fld":"Temp","unit":"°C","val":"64.30"},{"fld":"ALARM_MES_ID","unit":"","val":"251.00"},{"fld":"YieldDay","unit":"Wh","val":"2495.00"},{"fld":"YieldTotal","unit":"kWh","val":"1202.08"},{"fld":"P_DC","unit":"W","val":"489.20"},{"fld":"Efficiency","unit":"%","val":"95.48"}]]}