{"inverter":[[{"fld":"U_DC","unit":"V","val":"28.30"},{"fld":"I_DC","unit":"A","val":"9.09"},{"fld":"P_DC","unit":"W","val":"256.70"},{"fld":"YieldDay","unit":"Wh","val":"1149.00"},{"fld":"YieldTotal","unit":"kWh","val":"591.78"},{"fld":"Irradiation","unit":"%","val":"64.18"},{"fld":"U_DC","unit":"V","val":"28.60"},{"fld":"I_DC","unit":"A","val":"8.88"},{"fld":"P_DC","unit":"W","val":"253.20"},{"fld":"YieldDay","unit":"Wh","val":"1161.00"},{"fld":"YieldTotal","unit":"kWh","val":"610.11"},{"fld":"Irradiation","unit":"%","val":"63.30"},{"fld":"U_AC","unit":"V","val":"234.20"},{"fld":"I_AC","unit":"A","val":"2.08"},{"fld":"P_AC","unit":"W","val":"487.00"},{"fld":"Q_AC","unit":"var","val":"0.40"},{"fld":"F_AC","unit":"Hz","val":"49.99"},{"fld":"PF_AC","unit":"","val":"1.00"},{"fld":"Temp","unit":"°C","val":"64.90"},{"fld":"ALARM_MES_ID","unit":"","val":"251.00"},{"fld":"YieldDay","unit":"Wh","val":"2310.00"},{"fld":"YieldTotal","unit":"kWh","val":"1201.90"},{"fld":"P_DC","unit":"W","val":"509.90"},{"fld":"Efficiency","unit":"%","val":"95.51"}]]}