{"inverter":[[{"fld":"U_DC","unit":"V","val":"31.20"},{"fld":"I_DC","unit":"A","val":"1.71"},{"fld":"P_DC","unit":"W","val":"53.60"},{"fld":"YieldDay","unit":"Wh","val":"1367.00"},{"fld":"YieldTotal","unit":"kWh","val":"592.00"},{"fld":"Irradiation","unit":"%","val":"13.40"},{"fld":"U_DC","unit":"V","val":"29.80"},{"fld":"I_DC","unit":"A","val":"5.34"},{"fld":"P_DC","unit":"W","val":"159.00"},{"fld":"YieldDay","unit":"Wh","val":"1522.00"},{"fld":"YieldTotal","unit":"kWh","val":"610.47"},{"fld":"Irradiation","unit":"%","val":"39.75"},{"fld":"U_AC","unit":"V","val":"232.60"},{"fld":"I_AC","unit":"A","val":"0.87"},{"fld":"P_AC","unit":"W","val":"203.00"},{"fld":"Q_AC","unit":"var","val":"0.00"},{"fld":"F_AC","unit":"Hz","val":"50.03"},{"fld":"PF_AC","unit":"","val":"1.00"},{"fld":"Temp","unit":"°C","val":"52.40"},{"fld":"ALARM_MES_ID","unit":"","val":"251.00"},{"fld":"YieldDay","unit":"Wh","val":"2889.00"},{"fld":"YieldTotal","unit":"kWh","val":"1202.47"},{"fld":"P_DC","unit":"W","val":"212.60"},{"fld":"Efficiency","unit":"%","val":"95.48"}]]}