{"inverter":[[{"fld":"U_DC","unit":"V","val":"28.80"},{"fld":"I_DC","unit":"A","val":"9.58"},{"fld":"P_DC","unit":"W","val":"275.60"},{"fld":"YieldDay","unit":"Wh","val":"1064.00"},{"fld":"YieldTotal","unit":"kWh","val":"591.70"},{"fld":"Irradiation","unit":"%","val":"68.90"},{"fld":"U_DC","unit":"V","val":"29.10"},{"fld":"I_DC","unit":"A","val":"9.36"},{"fld":"P_DC","unit":"W","val":"272.40"},{"fld":"YieldDay","unit":"Wh","val":"1077.00"},{"fld":"YieldTotal","unit":"kWh","val":"610.03"},{"fld":"Irradiation","unit":"%","val":"68.10"},{"fld":"U_AC","unit":"V","val":"234.00"},{"fld":"I_AC","unit":"A","val":"2.24"},{"fld":"P_AC","unit":"W","val":"523.40"},{"fld":"Q_AC","unit":"var","val":"0.00"},{"fld":"F_AC","unit":"Hz","val":"50.05"},{"fld":"PF_AC","unit":"","val":"1.00"},{"fld":"Temp","unit":"°C","val":"64.10"},{"fld":"ALARM_MES_ID","unit":"","val":"251.00"},{"fld":"YieldDay","unit":"Wh","val":"2141.00"},{"fld":"YieldTotal","unit":"kWh","val":"1201.73"},{"fld":"P_DC","unit":"W","val":"548.00"},{"fld":"Efficiency","unit":"%","val":"95.51"}]]}