{"inverter":[[{"fld":"U_DC","unit":"V","val":"31.40"},{"fld":"I_DC","unit":"A","val":"1.61"},{"fld":"P_DC","unit":"W","val":"50.60"},{"fld":"YieldDay","unit":"Wh","val":"1392.00"},{"fld":"YieldTotal","unit":"kWh","val":"592.03"},{"fld":"Irradiation","unit":"%","val":"12.65"},{"fld":"U_DC","unit":"V","val":"30.10"},{"fld":"I_DC","unit":"A","val":"4.34"},{"fld":"P_DC","unit":"W","val":"130.70"},{"fld":"YieldDay","unit":"Wh","val":"1594.00"},{"fld":"YieldTotal","unit":"kWh","val":"610.54"},{"fld":"Irradiation","unit":"%","val":"32.67"},{"fld":"U_AC","unit":"V","val":"229.90"},{"fld":"I_AC","unit":"A","val":"0.75"},{"fld":"P_AC","unit":"W","val":"173.10"},{"fld":"Q_AC","unit":"var","val":"0.00"},{"fld":"F_AC","unit":"Hz","val":"49.99"},{"fld":"PF_AC","unit":"","val":"1.00"},{"fld":"Temp","unit":"°C","val":"51.30"},{"fld":"ALARM_MES_ID","unit":"","val":"251.00"},{"fld":"YieldDay","unit":"Wh","val":"2986.00"},{"fld":"YieldTotal","unit":"kWh","val":"1202.57"},{"fld":"P_DC","unit":"W","val":"181.30"},{"fld":"Efficiency","unit":"%","val":"95.48"}]]}