{"inverter":[[{"fld":"U_DC","unit":"V","val":"28.60"},{"fld":"I_DC","unit":"A","val":"9.94"},{"fld":"P_DC","unit":"W","val":"283.60"},{"fld":"YieldDay","unit":"Wh","val":"371.00"},{"fld":"YieldTotal","unit":"kWh","val":"591.01"},{"fld":"Irradiation","unit":"%","val":"70.90"},{"fld":"U_DC","unit":"V","val":"28.80"},{"fld":"I_DC","unit":"A","val":"9.78"},{"fld":"P_DC","unit":"W","val":"281.60"},{"fld":"YieldDay","unit":"Wh","val":"390.00"},{"fld":"YieldTotal","unit":"kWh","val":"609.34"},{"fld":"Irradiation","unit":"%","val":"70.40"},{"fld":"U_AC","unit":"V","val":"233.90"},{"fld":"I_AC","unit":"A","val":"2.31"},{"fld":"P_AC","unit":"W","val":"539.80"},{"fld":"Q_AC","unit":"var","val":"0.50"},{"fld":"F_AC","unit":"Hz","val":"50.00"},{"fld":"PF_AC","unit":"","val":"1.00"},{"fld":"Temp","unit":"°C","val":"57.50"},{"fld":"ALARM_MES_ID","unit":"","val":"251.00"},{"fld":"YieldDay","unit":"Wh","val":"761.00"},{"fld":"YieldTotal","unit":"kWh","val":"1200.35"},{"fld":"P_DC","unit":"W","val":"565.20"},{"fld":"Efficiency","unit":"%","val":"95.51"}]]}