{"inverter":[[{"fld":"U_DC","unit":"V","val":"28.80"},{"fld":"I_DC","unit":"A","val":"9.77"},{"fld":"P_DC","unit":"W","val":"280.60"},{"fld":"YieldDay","unit":"Wh","val":"292.00"},{"fld":"YieldTotal","unit":"kWh","val":"590.93"},{"fld":"Irradiation","unit":"%","val":"70.15"},{"fld":"U_DC","unit":"V","val":"29.10"},{"fld":"I_DC","unit":"A","val":"9.62"},{"fld":"P_DC","unit":"W","val":"279.10"},{"fld":"YieldDay","unit":"Wh","val":"312.00"},{"fld":"YieldTotal","unit":"kWh","val":"609.26"},{"fld":"Irradiation","unit":"%","val":"69.78"},{"fld":"U_AC","unit":"V","val":"232.00"},{"fld":"I_AC","unit":"A","val":"2.30"},{"fld":"P_AC","unit":"W","val":"534.50"},{"fld":"Q_AC","unit":"var","val":"0.00"},{"fld":"F_AC","unit":"Hz","val":"50.01"},{"fld":"PF_AC","unit":"","val":"1.00"},{"fld":"Temp","unit":"°C","val":"52.80"},{"fld":"ALARM_MES_ID","unit":"","val":"251.00"},{"fld":"YieldDay","unit":"Wh","val":"604.00"},{"fld":"YieldTotal","unit":"kWh","val":"1200.19"},{"fld":"P_DC","unit":"W","val":"559.70"},{"fld":"Efficiency","unit":"%","val":"95.50"}]]}