{"inverter":[[{"fld":"U_DC","unit":"V","val":"31.20"},{"fld":"I_DC","unit":"A","val":"1.81"},{"fld":"P_DC","unit":"W","val":"56.40"},{"fld":"YieldDay","unit":"Wh","val":"1360.00"},{"fld":"YieldTotal","unit":"kWh","val":"591.99"},{"fld":"Irradiation","unit":"%","val":"14.10"},{"fld":"U_DC","unit":"V","val":"29.60"},{"fld":"I_DC","unit":"A","val":"5.86"},{"fld":"P_DC","unit":"W","val":"173.60"},{"fld":"YieldDay","unit":"Wh","val":"1501.00"},{"fld":"YieldTotal","unit":"kWh","val":"610.45"},{"fld":"Irradiation","unit":"%","val":"43.40"},{"fld":"U_AC","unit":"V","val":"231.40"},{"fld":"I_AC","unit":"A","val":"0.95"},{"fld":"P_AC","unit":"W","val":"219.70"},{"fld":"Q_AC","unit":"var","val":"0.20"},{"fld":"F_AC","unit":"Hz","val":"50.04"},{"fld":"PF_AC","unit":"","val":"1.00"},{"fld":"Temp","unit":"°C","val":"52.80"},{"fld":"ALARM_MES_ID","unit":"","val":"251.00"},{"fld":"YieldDay","unit":"Wh","val":"2861.00"},{"fld":"YieldTotal","unit":"kWh","val":"1202.45"},{"fld":"P_DC","unit":"W","val":"230.00"},{"fld":"Efficiency","unit":"%","val":"95.52"}]]}