{"inverter":[[{"fld":"U_DC","unit":"V","val":"30.20"},{"fld":"I_DC","unit":"A","val":"0.85"},{"fld":"P_DC","unit":"W","val":"25.60"},{"fld":"YieldDay","unit":"Wh","val":"96.00"},{"fld":"YieldTotal","unit":"kWh","val":"590.73"},{"fld":"Irradiation","unit":"%","val":"6.40"},{"fld":"U_DC","unit":"V","val":"30.50"},{"fld":"I_DC","unit":"A","val":"0.86"},{"fld":"P_DC","unit":"W","val":"26.10"},{"fld":"YieldDay","unit":"Wh","val":"99.00"},{"fld":"YieldTotal","unit":"kWh","val":"609.05"},{"fld":"Irradiation","unit":"%","val":"6.53"},{"fld":"U_AC","unit":"V","val":"229.90"},{"fld":"I_AC","unit":"A","val":"0.21"},{"fld":"P_AC","unit":"W","val":"49.40"},{"fld":"Q_AC","unit":"var","val":"0.00"},{"fld":"F_AC","unit":"Hz","val":"50.00"},{"fld":"PF_AC","unit":"","val":"1.00"},{"fld":"Temp","unit":"°C","val":"35.60"},{"fld":"ALARM_MES_ID","unit":"","val":"251.00"},{"fld":"YieldDay","unit":"Wh","val":"195.00"},{"fld":"YieldTotal","unit":"kWh","val":"1199.78"},{"fld":"P_DC","unit":"W","val":"51.70"},{"fld":"Efficiency","unit":"%","val":"95.55"}]]}