{"inverter":[[{"fld":"U_DC","unit":"V","val":"31.30"},{"fld":"I_DC","unit":"A","val":"1.64"},{"fld":"P_DC","unit":"W","val":"51.20"},{"fld":"YieldDay","unit":"Wh","val":"1389.00"},{"fld":"YieldTotal","unit":"kWh","val":"592.02"},{"fld":"Irradiation","unit":"%","val":"12.80"},{"fld":"U_DC","unit":"V","val":"30.10"},{"fld":"I_DC","unit":"A","val":"4.50"},{"fld":"P_DC","unit":"W","val":"135.30"},{"fld":"YieldDay","unit":"Wh","val":"1585.00"},{"fld":"YieldTotal","unit":"kWh","val":"610.53"},{"fld":"Irradiation","unit":"%","val":"33.83"},{"fld":"U_AC","unit":"V","val":"228.90"},{"fld":"I_AC","unit":"A","val":"0.78"},{"fld":"P_AC","unit":"W","val":"178.10"},{"fld":"Q_AC","unit":"var","val":"0.20"},{"fld":"F_AC","unit":"Hz","val":"50.03"},{"fld":"PF_AC","unit":"","val":"1.00"},{"fld":"Temp","unit":"°C","val":"51.30"},{"fld":"ALARM_MES_ID","unit":"","val":"251.00"},{"fld":"YieldDay","unit":"Wh","val":"2974.00"},{"fld":"YieldTotal","unit":"kWh","val":"1202.56"},{"fld":"P_DC","unit":"W","val":"186.50"},{"fld":"Efficiency","unit":"%","val":"95.50"}]]}