{"inverter":[[{"fld":"U_DC","unit":"V","val":"31.50"},{"fld":"I_DC","unit":"A","val":"1.56"},{"fld":"P_DC","unit":"W","val":"49.00"},{"fld":"YieldDay","unit":"Wh","val":"1399.00"},{"fld":"YieldTotal","unit":"kWh","val":"592.03"},{"fld":"Irradiation","unit":"%","val":"12.25"},{"fld":"U_DC","unit":"V","val":"30.20"},{"fld":"I_DC","unit":"A","val":"4.03"},{"fld":"P_DC","unit":"W","val":"121.50"},{"fld":"YieldDay","unit":"Wh","val":"1610.00"},{"fld":"YieldTotal","unit":"kWh","val":"610.56"},{"fld":"Irradiation","unit":"%","val":"30.38"},{"fld":"U_AC","unit":"V","val":"228.80"},{"fld":"I_AC","unit":"A","val":"0.71"},{"fld":"P_AC","unit":"W","val":"162.90"},{"fld":"Q_AC","unit":"var","val":"0.00"},{"fld":"F_AC","unit":"Hz","val":"49.99"},{"fld":"PF_AC","unit":"","val":"1.00"},{"fld":"Temp","unit":"°C","val":"50.80"},{"fld":"ALARM_MES_ID","unit":"","val":"251.00"},{"fld":"YieldDay","unit":"Wh","val":"3009.00"},{"fld":"YieldTotal","unit":"kWh","val":"1202.59"},{"fld":"P_DC","unit":"W","val":"170.50"},{"fld":"Efficiency","unit":"%","val":"95.54"}]]}