{"inverter":[[{"fld":"U_DC","unit":"V","val":"30.40"},{"fld":"I_DC","unit":"A","val":"5.21"},{"fld":"P_DC","unit":"W","val":"158.00"},{"fld":"YieldDay","unit":"Wh","val":"1282.00"},{"fld":"YieldTotal","unit":"kWh","val":"591.92"},{"fld":"Irradiation","unit":"%","val":"39.50"},{"fld":"U_DC","unit":"V","val":"29.40"},{"fld":"I_DC","unit":"A","val":"8.04"},{"fld":"P_DC","unit":"W","val":"236.40"},{"fld":"YieldDay","unit":"Wh","val":"1295.00"},{"fld":"YieldTotal","unit":"kWh","val":"610.24"},{"fld":"Irradiation","unit":"%","val":"59.10"},{"fld":"U_AC","unit":"V","val":"232.00"},{"fld":"I_AC","unit":"A","val":"1.62"},{"fld":"P_AC","unit":"W","val":"376.60"},{"fld":"Q_AC","unit":"var","val":"0.20"},{"fld":"F_AC","unit":"Hz","val":"50.04"},{"fld":"PF_AC","unit":"","val":"1.00"},{"fld":"Temp","unit":"°C","val":"62.50"},{"fld":"ALARM_MES_ID","unit":"","val":"251.00"},{"fld":"YieldDay","unit":"Wh","val":"2577.00"},{"fld":"YieldTotal","unit":"kWh","val":"1202.16"},{"fld":"P_DC","unit":"W","val":"394.40"},{"fld":"Efficiency","unit":"%","val":"95.49"}]]}