{"inverter":[[{"fld":"U_DC","unit":"V","val":"31.80"},{"fld":"I_DC","unit":"A","val":"2.00"},{"fld":"P_DC","unit":"W","val":"63.70"},{"fld":"YieldDay","unit":"Wh","val":"1329.00"},{"fld":"YieldTotal","unit":"kWh","val":"591.96"},{"fld":"Irradiation","unit":"%","val":"15.93"},{"fld":"U_DC","unit":"V","val":"29.80"},{"fld":"I_DC","unit":"A","val":"7.03"},{"fld":"P_DC","unit":"W","val":"209.70"},{"fld":"YieldDay","unit":"Wh","val":"1411.00"},{"fld":"YieldTotal","unit":"kWh","val":"610.36"},{"fld":"Irradiation","unit":"%","val":"52.42"},{"fld":"U_AC","unit":"V","val":"232.10"},{"fld":"I_AC","unit":"A","val":"1.12"},{"fld":"P_AC","unit":"W","val":"261.10"},{"fld":"Q_AC","unit":"var","val":"0.20"},{"fld":"F_AC","unit":"Hz","val":"50.03"},{"fld":"PF_AC","unit":"","val":"1.00"},{"fld":"Temp","unit":"°C","val":"57.50"},{"fld":"ALARM_MES_ID","unit":"","val":"251.00"},{"fld":"YieldDay","unit":"Wh","val":"2740.00"},{"fld":"YieldTotal","unit":"kWh","val":"1202.32"},{"fld":"P_DC","unit":"W","val":"273.40"},{"fld":"Efficiency","unit":"%","val":"95.50"}]]}