{"inverter":[[{"fld":"U_DC","unit":"V","val":"28.70"},{"fld":"I_DC","unit":"A","val":"8.53"},{"fld":"P_DC","unit":"W","val":"244.40"},{"fld":"YieldDay","unit":"Wh","val":"1253.00"},{"fld":"YieldTotal","unit":"kWh","val":"591.89"},{"fld":"Irradiation","unit":"%","val":"61.10"},{"fld":"U_DC","unit":"V","val":"29.00"},{"fld":"I_DC","unit":"A","val":"8.34"},{"fld":"P_DC","unit":"W","val":"241.30"},{"fld":"YieldDay","unit":"Wh","val":"1264.00"},{"fld":"YieldTotal","unit":"kWh","val":"610.21"},{"fld":"Irradiation","unit":"%","val":"60.33"},{"fld":"U_AC","unit":"V","val":"231.90"},{"fld":"I_AC","unit":"A","val":"2.00"},{"fld":"P_AC","unit":"W","val":"463.90"},{"fld":"Q_AC","unit":"var","val":"0.20"},{"fld":"F_AC","unit":"Hz","val":"50.02"},{"fld":"PF_AC","unit":"","val":"1.00"},{"fld":"Temp","unit":"°C","val":"64.10"},{"fld":"ALARM_MES_ID","unit":"","val":"251.00"},{"fld":"YieldDay","unit":"Wh","val":"2517.00"},{"fld":"YieldTotal","unit":"kWh","val":"1202.10"},{"fld":"P_DC","unit":"W","val":"485.70"},{"fld":"Efficiency","unit":"%","val":"95.51"}]]}