{"inverter":[[{"fld":"U_DC","unit":"V","val":"28.80"},{"fld":"I_DC","unit":"A","val":"8.44"},{"fld":"P_DC","unit":"W","val":"243.10"},{"fld":"YieldDay","unit":"Wh","val":"1261.00"},{"fld":"YieldTotal","unit":"kWh","val":"591.90"},{"fld":"Irradiation","unit":"%","val":"60.78"},{"fld":"U_DC","unit":"V","val":"29.20"},{"fld":"I_DC","unit":"A","val":"8.23"},{"fld":"P_DC","unit":"W","val":"240.40"},{"fld":"YieldDay","unit":"Wh","val":"1272.00"},{"fld":"YieldTotal","unit":"kWh","val":"610.22"},{"fld":"Irradiation","unit":"%","val":"60.10"},{"fld":"U_AC","unit":"V","val":"232.50"},{"fld":"I_AC","unit":"A","val":"1.99"},{"fld":"P_AC","unit":"W","val":"461.80"},{"fld":"Q_AC","unit":"var","val":"0.40"},{"fld":"F_AC","unit":"Hz","val":"50.04"},{"fld":"PF_AC","unit":"","val":"1.00"},{"fld":"Temp","unit":"°C","val":"63.90"},{"fld":"ALARM_MES_ID","unit":"","val":"251.00"},{"fld":"YieldDay","unit":"Wh","val":"2533.00"},{"fld":"YieldTotal","unit":"kWh","val":"1202.12"},{"fld":"P_DC","unit":"W","val":"483.50"},{"fld":"Efficiency","unit":"%","val":"95.51"}]]}