{"inverter":[[{"fld":"U_DC","unit":"V","val":"28.70"},{"fld":"I_DC","unit":"A","val":"9.74"},{"fld":"P_DC","unit":"W","val":"279.80"},{"fld":"YieldDay","unit":"Wh","val":"283.00"},{"fld":"YieldTotal","unit":"kWh","val":"590.92"},{"fld":"Irradiation","unit":"%","val":"69.95"},{"fld":"U_DC","unit":"V","val":"29.00"},{"fld":"I_DC","unit":"A","val":"9.60"},{"fld":"P_DC","unit":"W","val":"278.10"},{"fld":"YieldDay","unit":"Wh","val":"303.00"},{"fld":"YieldTotal","unit":"kWh","val":"609.25"},{"fld":"Irradiation","unit":"%","val":"69.53"},{"fld":"U_AC","unit":"V","val":"230.20"},{"fld":"I_AC","unit":"A","val":"2.32"},{"fld":"P_AC","unit":"W","val":"532.80"},{"fld":"Q_AC","unit":"var","val":"0.00"},{"fld":"F_AC","unit":"Hz","val":"50.03"},{"fld":"PF_AC","unit":"","val":"1.00"},{"fld":"Temp","unit":"°C","val":"51.90"},{"fld":"ALARM_MES_ID","unit":"","val":"251.00"},{"fld":"YieldDay","unit":"Wh","val":"586.00"},{"fld":"YieldTotal","unit":"kWh","val":"1200.17"},{"fld":"P_DC","unit":"W","val":"557.90"},{"fld":"Efficiency","unit":"%","val":"95.50"}]]}