{"inverter":[[{"fld":"U_DC","unit":"V","val":"28.60"},{"fld":"I_DC","unit":"A","val":"10.16"},{"fld":"P_DC","unit":"W","val":"289.90"},{"fld":"YieldDay","unit":"Wh","val":"459.00"},{"fld":"YieldTotal","unit":"kWh","val":"591.09"},{"fld":"Irradiation","unit":"%","val":"72.47"},{"fld":"U_DC","unit":"V","val":"28.80"},{"fld":"I_DC","unit":"A","val":"9.97"},{"fld":"P_DC","unit":"W","val":"287.20"},{"fld":"YieldDay","unit":"Wh","val":"478.00"},{"fld":"YieldTotal","unit":"kWh","val":"609.43"},{"fld":"Irradiation","unit":"%","val":"71.80"},{"fld":"U_AC","unit":"V","val":"235.00"},{"fld":"I_AC","unit":"A","val":"2.35"},{"fld":"P_AC","unit":"W","val":"551.20"},{"fld":"Q_AC","unit":"var","val":"0.00"},{"fld":"F_AC","unit":"Hz","val":"50.03"},{"fld":"PF_AC","unit":"","val":"1.00"},{"fld":"Temp","unit":"°C","val":"60.40"},{"fld":"ALARM_MES_ID","unit":"","val":"251.00"},{"fld":"YieldDay","unit":"Wh","val":"937.00"},{"fld":"YieldTotal","unit":"kWh","val":"1200.52"},{"fld":"P_DC","unit":"W","val":"577.10"},{"fld":"Efficiency","unit":"%","val":"95.51"}]]}