{"inverter":[[{"fld":"U_DC","unit":"V","val":"31.30"},{"fld":"I_DC","unit":"A","val":"1.63"},{"fld":"P_DC","unit":"W","val":"51.00"},{"fld":"YieldDay","unit":"Wh","val":"1378.00"},{"fld":"YieldTotal","unit":"kWh","val":"592.01"},{"fld":"Irradiation","unit":"%","val":"12.75"},{"fld":"U_DC","unit":"V","val":"30.20"},{"fld":"I_DC","unit":"A","val":"4.73"},{"fld":"P_DC","unit":"W","val":"143.20"},{"fld":"YieldDay","unit":"Wh","val":"1554.00"},{"fld":"YieldTotal","unit":"kWh","val":"610.50"},{"fld":"Irradiation","unit":"%","val":"35.80"},{"fld":"U_AC","unit":"V","val":"229.20"},{"fld":"I_AC","unit":"A","val":"0.81"},{"fld":"P_AC","unit":"W","val":"185.40"},{"fld":"Q_AC","unit":"var","val":"0.20"},{"fld":"F_AC","unit":"Hz","val":"50.03"},{"fld":"PF_AC","unit":"","val":"1.00"},{"fld":"Temp","unit":"°C","val":"51.20"},{"fld":"ALARM_MES_ID","unit":"","val":"251.00"},{"fld":"YieldDay","unit":"Wh","val":"2932.00"},{"fld":"YieldTotal","unit":"kWh","val":"1202.52"},{"fld":"P_DC","unit":"W","val":"194.20"},{"fld":"Efficiency","unit":"%","val":"95.47"}]]}