{"inverter":[[{"fld":"U_DC","unit":"V","val":"28.60"},{"fld":"I_DC","unit":"A","val":"9.05"},{"fld":"P_DC","unit":"W","val":"258.10"},{"fld":"YieldDay","unit":"Wh","val":"1169.00"},{"fld":"YieldTotal","unit":"kWh","val":"591.80"},{"fld":"Irradiation","unit":"%","val":"64.53"},{"fld":"U_DC","unit":"V","val":"28.90"},{"fld":"I_DC","unit":"A","val":"8.82"},{"fld":"P_DC","unit":"W","val":"254.60"},{"fld":"YieldDay","unit":"Wh","val":"1181.00"},{"fld":"YieldTotal","unit":"kWh","val":"610.13"},{"fld":"Irradiation","unit":"%","val":"63.65"},{"fld":"U_AC","unit":"V","val":"233.90"},{"fld":"I_AC","unit":"A","val":"2.09"},{"fld":"P_AC","unit":"W","val":"489.60"},{"fld":"Q_AC","unit":"var","val":"0.00"},{"fld":"F_AC","unit":"Hz","val":"50.01"},{"fld":"PF_AC","unit":"","val":"1.00"},{"fld":"Temp","unit":"°C","val":"65.20"},{"fld":"ALARM_MES_ID","unit":"","val":"251.00"},{"fld":"YieldDay","unit":"Wh","val":"2350.00"},{"fld":"YieldTotal","unit":"kWh","val":"1201.94"},{"fld":"P_DC","unit":"W","val":"512.70"},{"fld":"Efficiency","unit":"%","val":"95.49"}]]}