{"inverter":[[{"fld":"U_DC","unit":"V","val":"31.80"},{"fld":"I_DC","unit":"A","val":"2.02"},{"fld":"P_DC","unit":"W","val":"64.40"},{"fld":"YieldDay","unit":"Wh","val":"1326.00"},{"fld":"YieldTotal","unit":"kWh","val":"591.96"},{"fld":"Irradiation","unit":"%","val":"16.10"},{"fld":"U_DC","unit":"V","val":"29.80"},{"fld":"I_DC","unit":"A","val":"7.23"},{"fld":"P_DC","unit":"W","val":"215.30"},{"fld":"YieldDay","unit":"Wh","val":"1401.00"},{"fld":"YieldTotal","unit":"kWh","val":"610.35"},{"fld":"Irradiation","unit":"%","val":"53.83"},{"fld":"U_AC","unit":"V","val":"233.30"},{"fld":"I_AC","unit":"A","val":"1.14"},{"fld":"P_AC","unit":"W","val":"267.00"},{"fld":"Q_AC","unit":"var","val":"0.10"},{"fld":"F_AC","unit":"Hz","val":"49.99"},{"fld":"PF_AC","unit":"","val":"1.00"},{"fld":"Temp","unit":"°C","val":"58.40"},{"fld":"ALARM_MES_ID","unit":"","val":"251.00"},{"fld":"YieldDay","unit":"Wh","val":"2727.00"},{"fld":"YieldTotal","unit":"kWh","val":"1202.31"},{"fld":"P_DC","unit":"W","val":"279.70"},{"fld":"Efficiency","unit":"%","val":"95.46"}]]}