{"inverter":[[{"fld":"U_DC","unit":"V","val":"28.50"},{"fld":"I_DC","unit":"A","val":"9.36"},{"fld":"P_DC","unit":"W","val":"266.80"},{"fld":"YieldDay","unit":"Wh","val":"1111.00"},{"fld":"YieldTotal","unit":"kWh","val":"591.75"},{"fld":"Irradiation","unit":"%","val":"66.70"},{"fld":"U_DC","unit":"V","val":"28.80"},{"fld":"I_DC","unit":"A","val":"9.15"},{"fld":"P_DC","unit":"W","val":"263.10"},{"fld":"YieldDay","unit":"Wh","val":"1124.00"},{"fld":"YieldTotal","unit":"kWh","val":"610.07"},{"fld":"Irradiation","unit":"%","val":"65.78"},{"fld":"U_AC","unit":"V","val":"235.00"},{"fld":"I_AC","unit":"A","val":"2.15"},{"fld":"P_AC","unit":"W","val":"506.00"},{"fld":"Q_AC","unit":"var","val":"0.00"},{"fld":"F_AC","unit":"Hz","val":"50.02"},{"fld":"PF_AC","unit":"","val":"1.00"},{"fld":"Temp","unit":"°C","val":"64.10"},{"fld":"ALARM_MES_ID","unit":"","val":"251.00"},{"fld":"YieldDay","unit":"Wh","val":"2235.00"},{"fld":"YieldTotal","unit":"kWh","val":"1201.82"},{"fld":"P_DC","unit":"W","val":"529.90"},{"fld":"Efficiency","unit":"%","val":"95.49"}]]}