{"inverter":[[{"fld":"U_DC","unit":"V","val":"28.50"},{"fld":"I_DC","unit":"A","val":"9.88"},{"fld":"P_DC","unit":"W","val":"280.60"},{"fld":"YieldDay","unit":"Wh","val":"1011.00"},{"fld":"YieldTotal","unit":"kWh","val":"591.65"},{"fld":"Irradiation","unit":"%","val":"70.15"},{"fld":"U_DC","unit":"V","val":"28.40"},{"fld":"I_DC","unit":"A","val":"9.65"},{"fld":"P_DC","unit":"W","val":"273.60"},{"fld":"YieldDay","unit":"Wh","val":"1025.00"},{"fld":"YieldTotal","unit":"kWh","val":"609.97"},{"fld":"Irradiation","unit":"%","val":"68.40"},{"fld":"U_AC","unit":"V","val":"233.90"},{"fld":"I_AC","unit":"A","val":"2.26"},{"fld":"P_AC","unit":"W","val":"529.30"},{"fld":"Q_AC","unit":"var","val":"0.00"},{"fld":"F_AC","unit":"Hz","val":"49.99"},{"fld":"PF_AC","unit":"","val":"1.00"},{"fld":"Temp","unit":"°C","val":"65.20"},{"fld":"ALARM_MES_ID","unit":"","val":"251.00"},{"fld":"YieldDay","unit":"Wh","val":"2036.00"},{"fld":"YieldTotal","unit":"kWh","val":"1201.62"},{"fld":"P_DC","unit":"W","val":"554.20"},{"fld":"Efficiency","unit":"%","val":"95.51"}]]}