{"inverter":[[{"fld":"U_DC","unit":"V","val":"31.50"},{"fld":"I_DC","unit":"A","val":"5.48"},{"fld":"P_DC","unit":"W","val":"172.40"},{"fld":"YieldDay","unit":"Wh","val":"181.00"},{"fld":"YieldTotal","unit":"kWh","val":"590.82"},{"fld":"Irradiation","unit":"%","val":"43.10"},{"fld":"U_DC","unit":"V","val":"29.50"},{"fld":"I_DC","unit":"A","val":"9.27"},{"fld":"P_DC","unit":"W","val":"273.20"},{"fld":"YieldDay","unit":"Wh","val":"195.00"},{"fld":"YieldTotal","unit":"kWh","val":"609.15"},{"fld":"Irradiation","unit":"%","val":"68.30"},{"fld":"U_AC","unit":"V","val":"233.20"},{"fld":"I_AC","unit":"A","val":"1.82"},{"fld":"P_AC","unit":"W","val":"425.60"},{"fld":"Q_AC","unit":"var","val":"0.00"},{"fld":"F_AC","unit":"Hz","val":"50.00"},{"fld":"PF_AC","unit":"","val":"1.00"},{"fld":"Temp","unit":"°C","val":"42.50"},{"fld":"ALARM_MES_ID","unit":"","val":"251.00"},{"fld":"YieldDay","unit":"Wh","val":"376.00"},{"fld":"YieldTotal","unit":"kWh","val":"1199.96"},{"fld":"P_DC","unit":"W","val":"445.60"},{"fld":"Efficiency","unit":"%","val":"95.51"}]]}