{"inverter":[[{"fld":"U_DC","unit":"V","val":"30.10"},{"fld":"I_DC","unit":"A","val":"0.85"},{"fld":"P_DC","unit":"W","val":"25.70"},{"fld":"YieldDay","unit":"Wh","val":"97.00"},{"fld":"YieldTotal","unit":"kWh","val":"590.73"},{"fld":"Irradiation","unit":"%","val":"6.43"},{"fld":"U_DC","unit":"V","val":"30.50"},{"fld":"I_DC","unit":"A","val":"0.86"},{"fld":"P_DC","unit":"W","val":"26.20"},{"fld":"YieldDay","unit":"Wh","val":"100.00"},{"fld":"YieldTotal","unit":"kWh","val":"609.05"},{"fld":"Irradiation","unit":"%","val":"6.55"},{"fld":"U_AC","unit":"V","val":"229.60"},{"fld":"I_AC","unit":"A","val":"0.22"},{"fld":"P_AC","unit":"W","val":"49.60"},{"fld":"Q_AC","unit":"var","val":"0.00"},{"fld":"F_AC","unit":"Hz","val":"50.02"},{"fld":"PF_AC","unit":"","val":"1.00"},{"fld":"Temp","unit":"°C","val":"35.80"},{"fld":"ALARM_MES_ID","unit":"","val":"251.00"},{"fld":"YieldDay","unit":"Wh","val":"197.00"},{"fld":"YieldTotal","unit":"kWh","val":"1199.78"},{"fld":"P_DC","unit":"W","val":"51.90"},{"fld":"Efficiency","unit":"%","val":"95.57"}]]}