{"inverter":[[{"fld":"U_DC","unit":"V","val":"31.30"},{"fld":"I_DC","unit":"A","val":"1.64"},{"fld":"P_DC","unit":"W","val":"51.40"},{"fld":"YieldDay","unit":"Wh","val":"1388.00"},{"fld":"YieldTotal","unit":"kWh","val":"592.02"},{"fld":"Irradiation","unit":"%","val":"12.85"},{"fld":"U_DC","unit":"V","val":"30.10"},{"fld":"I_DC","unit":"A","val":"4.53"},{"fld":"P_DC","unit":"W","val":"136.40"},{"fld":"YieldDay","unit":"Wh","val":"1583.00"},{"fld":"YieldTotal","unit":"kWh","val":"610.53"},{"fld":"Irradiation","unit":"%","val":"34.10"},{"fld":"U_AC","unit":"V","val":"228.50"},{"fld":"I_AC","unit":"A","val":"0.78"},{"fld":"P_AC","unit":"W","val":"179.30"},{"fld":"Q_AC","unit":"var","val":"0.00"},{"fld":"F_AC","unit":"Hz","val":"50.01"},{"fld":"PF_AC","unit":"","val":"1.00"},{"fld":"Temp","unit":"°C","val":"51.30"},{"fld":"ALARM_MES_ID","unit":"","val":"251.00"},{"fld":"YieldDay","unit":"Wh","val":"2971.00"},{"fld":"YieldTotal","unit":"kWh","val":"1202.56"},{"fld":"P_DC","unit":"W","val":"187.80"},{"fld":"Efficiency","unit":"%","val":"95.47"}]]}