{"inverter":[[{"fld":"U_DC","unit":"V","val":"28.60"},{"fld":"I_DC","unit":"A","val":"10.28"},{"fld":"P_DC","unit":"W","val":"293.80"},{"fld":"YieldDay","unit":"Wh","val":"504.00"},{"fld":"YieldTotal","unit":"kWh","val":"591.14"},{"fld":"Irradiation","unit":"%","val":"73.45"},{"fld":"U_DC","unit":"V","val":"28.80"},{"fld":"I_DC","unit":"A","val":"10.12"},{"fld":"P_DC","unit":"W","val":"291.30"},{"fld":"YieldDay","unit":"Wh","val":"522.00"},{"fld":"YieldTotal","unit":"kWh","val":"609.47"},{"fld":"Irradiation","unit":"%","val":"72.82"},{"fld":"U_AC","unit":"V","val":"233.60"},{"fld":"I_AC","unit":"A","val":"2.39"},{"fld":"P_AC","unit":"W","val":"558.80"},{"fld":"Q_AC","unit":"var","val":"0.10"},{"fld":"F_AC","unit":"Hz","val":"50.03"},{"fld":"PF_AC","unit":"","val":"1.00"},{"fld":"Temp","unit":"°C","val":"60.30"},{"fld":"ALARM_MES_ID","unit":"","val":"251.00"},{"fld":"YieldDay","unit":"Wh","val":"1026.00"},{"fld":"YieldTotal","unit":"kWh","val":"1200.61"},{"fld":"P_DC","unit":"W","val":"585.10"},{"fld":"Efficiency","unit":"%","val":"95.51"}]]}