{"inverter":[[{"fld":"U_DC","unit":"V","val":"30.30"},{"fld":"I_DC","unit":"A","val":"5.22"},{"fld":"P_DC","unit":"W","val":"158.20"},{"fld":"YieldDay","unit":"Wh","val":"1284.00"},{"fld":"YieldTotal","unit":"kWh","val":"591.92"},{"fld":"Irradiation","unit":"%","val":"39.55"},{"fld":"U_DC","unit":"V","val":"29.40"},{"fld":"I_DC","unit":"A","val":"8.07"},{"fld":"P_DC","unit":"W","val":"236.90"},{"fld":"YieldDay","unit":"Wh","val":"1299.00"},{"fld":"YieldTotal","unit":"kWh","val":"610.25"},{"fld":"Irradiation","unit":"%","val":"59.22"},{"fld":"U_AC","unit":"V","val":"233.70"},{"fld":"I_AC","unit":"A","val":"1.61"},{"fld":"P_AC","unit":"W","val":"377.30"},{"fld":"Q_AC","unit":"var","val":"0.00"},{"fld":"F_AC","unit":"Hz","val":"50.05"},{"fld":"PF_AC","unit":"","val":"1.00"},{"fld":"Temp","unit":"°C","val":"62.30"},{"fld":"ALARM_MES_ID","unit":"","val":"251.00"},{"fld":"YieldDay","unit":"Wh","val":"2583.00"},{"fld":"YieldTotal","unit":"kWh","val":"1202.17"},{"fld":"P_DC","unit":"W","val":"395.10"},{"fld":"Efficiency","unit":"%","val":"95.49"}]]}