{"inverter":[[{"fld":"U_DC","unit":"V","val":"28.30"},{"fld":"I_DC","unit":"A","val":"10.34"},{"fld":"P_DC","unit":"W","val":"292.60"},{"fld":"YieldDay","unit":"Wh","val":"675.00"},{"fld":"YieldTotal","unit":"kWh","val":"591.31"},{"fld":"Irradiation","unit":"%","val":"73.15"},{"fld":"U_DC","unit":"V","val":"28.70"},{"fld":"I_DC","unit":"A","val":"10.20"},{"fld":"P_DC","unit":"W","val":"291.80"},{"fld":"YieldDay","unit":"Wh","val":"692.00"},{"fld":"YieldTotal","unit":"kWh","val":"609.64"},{"fld":"Irradiation","unit":"%","val":"72.95"},{"fld":"U_AC","unit":"V","val":"234.20"},{"fld":"I_AC","unit":"A","val":"2.38"},{"fld":"P_AC","unit":"W","val":"558.10"},{"fld":"Q_AC","unit":"var","val":"0.50"},{"fld":"F_AC","unit":"Hz","val":"49.99"},{"fld":"PF_AC","unit":"","val":"1.00"},{"fld":"Temp","unit":"°C","val":"62.80"},{"fld":"ALARM_MES_ID","unit":"","val":"251.00"},{"fld":"YieldDay","unit":"Wh","val":"1367.00"},{"fld":"YieldTotal","unit":"kWh","val":"1200.95"},{"fld":"P_DC","unit":"W","val":"584.40"},{"fld":"Efficiency","unit":"%","val":"95.50"}]]}