{"inverter":[[{"fld":"U_DC","unit":"V","val":"28.60"},{"fld":"I_DC","unit":"A","val":"9.94"},{"fld":"P_DC","unit":"W","val":"283.40"},{"fld":"YieldDay","unit":"Wh","val":"332.00"},{"fld":"YieldTotal","unit":"kWh","val":"590.97"},{"fld":"Irradiation","unit":"%","val":"70.85"},{"fld":"U_DC","unit":"V","val":"28.90"},{"fld":"I_DC","unit":"A","val":"9.77"},{"fld":"P_DC","unit":"W","val":"281.50"},{"fld":"YieldDay","unit":"Wh","val":"352.00"},{"fld":"YieldTotal","unit":"kWh","val":"609.30"},{"fld":"Irradiation","unit":"%","val":"70.38"},{"fld":"U_AC","unit":"V","val":"233.50"},{"fld":"I_AC","unit":"A","val":"2.31"},{"fld":"P_AC","unit":"W","val":"539.50"},{"fld":"Q_AC","unit":"var","val":"0.00"},{"fld":"F_AC","unit":"Hz","val":"50.01"},{"fld":"PF_AC","unit":"","val":"1.00"},{"fld":"Temp","unit":"°C","val":"55.50"},{"fld":"ALARM_MES_ID","unit":"","val":"251.00"},{"fld":"YieldDay","unit":"Wh","val":"684.00"},{"fld":"YieldTotal","unit":"kWh","val":"1200.27"},{"fld":"P_DC","unit":"W","val":"564.90"},{"fld":"Efficiency","unit":"%","val":"95.50"}]]}