{"inverter":[[{"fld":"U_DC","unit":"V","val":"28.10"},{"fld":"I_DC","unit":"A","val":"10.30"},{"fld":"P_DC","unit":"W","val":"289.60"},{"fld":"YieldDay","unit":"Wh","val":"824.00"},{"fld":"YieldTotal","unit":"kWh","val":"591.46"},{"fld":"Irradiation","unit":"%","val":"72.40"},{"fld":"U_DC","unit":"V","val":"28.30"},{"fld":"I_DC","unit":"A","val":"10.12"},{"fld":"P_DC","unit":"W","val":"286.70"},{"fld":"YieldDay","unit":"Wh","val":"840.00"},{"fld":"YieldTotal","unit":"kWh","val":"609.79"},{"fld":"Irradiation","unit":"%","val":"71.68"},{"fld":"U_AC","unit":"V","val":"233.70"},{"fld":"I_AC","unit":"A","val":"2.35"},{"fld":"P_AC","unit":"W","val":"550.30"},{"fld":"Q_AC","unit":"var","val":"0.50"},{"fld":"F_AC","unit":"Hz","val":"50.04"},{"fld":"PF_AC","unit":"","val":"1.00"},{"fld":"Temp","unit":"°C","val":"64.10"},{"fld":"ALARM_MES_ID","unit":"","val":"251.00"},{"fld":"YieldDay","unit":"Wh","val":"1664.00"},{"fld":"YieldTotal","unit":"kWh","val":"1201.25"},{"fld":"P_DC","unit":"W","val":"576.30"},{"fld":"Efficiency","unit":"%","val":"95.49"}]]}