{"inverter":[[{"fld":"U_DC","unit":"V","val":"28.50"},{"fld":"I_DC","unit":"A","val":"10.38"},{"fld":"P_DC","unit":"W","val":"295.20"},{"fld":"YieldDay","unit":"Wh","val":"717.00"},{"fld":"YieldTotal","unit":"kWh","val":"591.35"},{"fld":"Irradiation","unit":"%","val":"73.80"},{"fld":"U_DC","unit":"V","val":"28.80"},{"fld":"I_DC","unit":"A","val":"10.22"},{"fld":"P_DC","unit":"W","val":"293.40"},{"fld":"YieldDay","unit":"Wh","val":"734.00"},{"fld":"YieldTotal","unit":"kWh","val":"609.68"},{"fld":"Irradiation","unit":"%","val":"73.35"},{"fld":"U_AC","unit":"V","val":"232.70"},{"fld":"I_AC","unit":"A","val":"2.42"},{"fld":"P_AC","unit":"W","val":"562.20"},{"fld":"Q_AC","unit":"var","val":"0.50"},{"fld":"F_AC","unit":"Hz","val":"50.03"},{"fld":"PF_AC","unit":"","val":"1.00"},{"fld":"Temp","unit":"°C","val":"62.50"},{"fld":"ALARM_MES_ID","unit":"","val":"251.00"},{"fld":"YieldDay","unit":"Wh","val":"1451.00"},{"fld":"YieldTotal","unit":"kWh","val":"1201.04"},{"fld":"P_DC","unit":"W","val":"588.60"},{"fld":"Efficiency","unit":"%","val":"95.51"}]]}