{"inverter":[[{"fld":"U_DC","unit":"V","val":"28.40"},{"fld":"I_DC","unit":"A","val":"10.24"},{"fld":"P_DC","unit":"W","val":"290.50"},{"fld":"YieldDay","unit":"Wh","val":"875.00"},{"fld":"YieldTotal","unit":"kWh","val":"591.51"},{"fld":"Irradiation","unit":"%","val":"72.63"},{"fld":"U_DC","unit":"V","val":"28.60"},{"fld":"I_DC","unit":"A","val":"10.05"},{"fld":"P_DC","unit":"W","val":"287.00"},{"fld":"YieldDay","unit":"Wh","val":"891.00"},{"fld":"YieldTotal","unit":"kWh","val":"609.84"},{"fld":"Irradiation","unit":"%","val":"71.75"},{"fld":"U_AC","unit":"V","val":"232.80"},{"fld":"I_AC","unit":"A","val":"2.37"},{"fld":"P_AC","unit":"W","val":"551.50"},{"fld":"Q_AC","unit":"var","val":"0.50"},{"fld":"F_AC","unit":"Hz","val":"49.99"},{"fld":"PF_AC","unit":"","val":"1.00"},{"fld":"Temp","unit":"°C","val":"64.20"},{"fld":"ALARM_MES_ID","unit":"","val":"251.00"},{"fld":"YieldDay","unit":"Wh","val":"1766.00"},{"fld":"YieldTotal","unit":"kWh","val":"1201.35"},{"fld":"P_DC","unit":"W","val":"577.50"},{"fld":"Efficiency","unit":"%","val":"95.50"}]]}