{"inverter":[[{"fld":"U_DC","unit":"V","val":"28.60"},{"fld":"I_DC","unit":"A","val":"8.52"},{"fld":"P_DC","unit":"W","val":"243.70"},{"fld":"YieldDay","unit":"Wh","val":"1250.00"},{"fld":"YieldTotal","unit":"kWh","val":"591.89"},{"fld":"Irradiation","unit":"%","val":"60.92"},{"fld":"U_DC","unit":"V","val":"29.00"},{"fld":"I_DC","unit":"A","val":"8.32"},{"fld":"P_DC","unit":"W","val":"240.80"},{"fld":"YieldDay","unit":"Wh","val":"1260.00"},{"fld":"YieldTotal","unit":"kWh","val":"610.21"},{"fld":"Irradiation","unit":"%","val":"60.20"},{"fld":"U_AC","unit":"V","val":"231.40"},{"fld":"I_AC","unit":"A","val":"2.00"},{"fld":"P_AC","unit":"W","val":"462.80"},{"fld":"Q_AC","unit":"var","val":"0.00"},{"fld":"F_AC","unit":"Hz","val":"50.00"},{"fld":"PF_AC","unit":"","val":"1.00"},{"fld":"Temp","unit":"°C","val":"64.20"},{"fld":"ALARM_MES_ID","unit":"","val":"251.00"},{"fld":"YieldDay","unit":"Wh","val":"2510.00"},{"fld":"YieldTotal","unit":"kWh","val":"1202.09"},{"fld":"P_DC","unit":"W","val":"484.50"},{"fld":"Efficiency","unit":"%","val":"95.52"}]]}