{"inverter":[[{"fld":"U_DC","unit":"V","val":"28.20"},{"fld":"I_DC","unit":"A","val":"10.17"},{"fld":"P_DC","unit":"W","val":"286.50"},{"fld":"YieldDay","unit":"Wh","val":"921.00"},{"fld":"YieldTotal","unit":"kWh","val":"591.56"},{"fld":"Irradiation","unit":"%","val":"71.63"},{"fld":"U_DC","unit":"V","val":"28.40"},{"fld":"I_DC","unit":"A","val":"9.99"},{"fld":"P_DC","unit":"W","val":"282.70"},{"fld":"YieldDay","unit":"Wh","val":"936.00"},{"fld":"YieldTotal","unit":"kWh","val":"609.89"},{"fld":"Irradiation","unit":"%","val":"70.68"},{"fld":"U_AC","unit":"V","val":"234.60"},{"fld":"I_AC","unit":"A","val":"2.32"},{"fld":"P_AC","unit":"W","val":"543.60"},{"fld":"Q_AC","unit":"var","val":"0.00"},{"fld":"F_AC","unit":"Hz","val":"50.01"},{"fld":"PF_AC","unit":"","val":"1.00"},{"fld":"Temp","unit":"°C","val":"65.00"},{"fld":"ALARM_MES_ID","unit":"","val":"251.00"},{"fld":"YieldDay","unit":"Wh","val":"1857.00"},{"fld":"YieldTotal","unit":"kWh","val":"1201.44"},{"fld":"P_DC","unit":"W","val":"569.20"},{"fld":"Efficiency","unit":"%","val":"95.50"}]]}