{"inverter":[[{"fld":"U_DC","unit":"V","val":"30.80"},{"fld":"I_DC","unit":"A","val":"5.45"},{"fld":"P_DC","unit":"W","val":"167.80"},{"fld":"YieldDay","unit":"Wh","val":"171.00"},{"fld":"YieldTotal","unit":"kWh","val":"590.81"},{"fld":"Irradiation","unit":"%","val":"41.95"},{"fld":"U_DC","unit":"V","val":"31.30"},{"fld":"I_DC","unit":"A","val":"6.77"},{"fld":"P_DC","unit":"W","val":"211.80"},{"fld":"YieldDay","unit":"Wh","val":"181.00"},{"fld":"YieldTotal","unit":"kWh","val":"609.13"},{"fld":"Irradiation","unit":"%","val":"52.95"},{"fld":"U_AC","unit":"V","val":"230.90"},{"fld":"I_AC","unit":"A","val":"1.57"},{"fld":"P_AC","unit":"W","val":"362.60"},{"fld":"Q_AC","unit":"var","val":"0.30"},{"fld":"F_AC","unit":"Hz","val":"50.00"},{"fld":"PF_AC","unit":"","val":"1.00"},{"fld":"Temp","unit":"°C","val":"41.50"},{"fld":"ALARM_MES_ID","unit":"","val":"251.00"},{"fld":"YieldDay","unit":"Wh","val":"352.00"},{"fld":"YieldTotal","unit":"kWh","val":"1199.94"},{"fld":"P_DC","unit":"W","val":"379.60"},{"fld":"Efficiency","unit":"%","val":"95.52"}]]}