{"inverter":[[{"fld":"U_DC","unit":"V","val":"28.50"},{"fld":"I_DC","unit":"A","val":"9.75"},{"fld":"P_DC","unit":"W","val":"278.00"},{"fld":"YieldDay","unit":"Wh","val":"1046.00"},{"fld":"YieldTotal","unit":"kWh","val":"591.68"},{"fld":"Irradiation","unit":"%","val":"69.50"},{"fld":"U_DC","unit":"V","val":"28.90"},{"fld":"I_DC","unit":"A","val":"9.54"},{"fld":"P_DC","unit":"W","val":"275.10"},{"fld":"YieldDay","unit":"Wh","val":"1060.00"},{"fld":"YieldTotal","unit":"kWh","val":"610.01"},{"fld":"Irradiation","unit":"%","val":"68.78"},{"fld":"U_AC","unit":"V","val":"234.30"},{"fld":"I_AC","unit":"A","val":"2.26"},{"fld":"P_AC","unit":"W","val":"528.20"},{"fld":"Q_AC","unit":"var","val":"0.50"},{"fld":"F_AC","unit":"Hz","val":"50.05"},{"fld":"PF_AC","unit":"","val":"1.00"},{"fld":"Temp","unit":"°C","val":"65.00"},{"fld":"ALARM_MES_ID","unit":"","val":"251.00"},{"fld":"YieldDay","unit":"Wh","val":"2106.00"},{"fld":"YieldTotal","unit":"kWh","val":"1201.69"},{"fld":"P_DC","unit":"W","val":"553.10"},{"fld":"Efficiency","unit":"%","val":"95.50"}]]}