{"inverter":[[{"fld":"U_DC","unit":"V","val":"28.20"},{"fld":"I_DC","unit":"A","val":"10.34"},{"fld":"P_DC","unit":"W","val":"291.70"},{"fld":"YieldDay","unit":"Wh","val":"782.00"},{"fld":"YieldTotal","unit":"kWh","val":"591.42"},{"fld":"Irradiation","unit":"%","val":"72.93"},{"fld":"U_DC","unit":"V","val":"28.60"},{"fld":"I_DC","unit":"A","val":"10.14"},{"fld":"P_DC","unit":"W","val":"289.60"},{"fld":"YieldDay","unit":"Wh","val":"799.00"},{"fld":"YieldTotal","unit":"kWh","val":"609.75"},{"fld":"Irradiation","unit":"%","val":"72.40"},{"fld":"U_AC","unit":"V","val":"233.20"},{"fld":"I_AC","unit":"A","val":"2.38"},{"fld":"P_AC","unit":"W","val":"555.20"},{"fld":"Q_AC","unit":"var","val":"0.20"},{"fld":"F_AC","unit":"Hz","val":"50.05"},{"fld":"PF_AC","unit":"","val":"1.00"},{"fld":"Temp","unit":"°C","val":"63.20"},{"fld":"ALARM_MES_ID","unit":"","val":"251.00"},{"fld":"YieldDay","unit":"Wh","val":"1581.00"},{"fld":"YieldTotal","unit":"kWh","val":"1201.17"},{"fld":"P_DC","unit":"W","val":"581.30"},{"fld":"Efficiency","unit":"%","val":"95.51"}]]}