{"inverter":[[{"fld":"U_DC","unit":"V","val":"31.80"},{"fld":"I_DC","unit":"A","val":"2.02"},{"fld":"P_DC","unit":"W","val":"64.20"},{"fld":"YieldDay","unit":"Wh","val":"1325.00"},{"fld":"YieldTotal","unit":"kWh","val":"591.96"},{"fld":"Irradiation","unit":"%","val":"16.05"},{"fld":"U_DC","unit":"V","val":"29.70"},{"fld":"I_DC","unit":"A","val":"7.23"},{"fld":"P_DC","unit":"W","val":"214.70"},{"fld":"YieldDay","unit":"Wh","val":"1398.00"},{"fld":"YieldTotal","unit":"kWh","val":"610.35"},{"fld":"Irradiation","unit":"%","val":"53.68"},{"fld":"U_AC","unit":"V","val":"233.50"},{"fld":"I_AC","unit":"A","val":"1.14"},{"fld":"P_AC","unit":"W","val":"266.40"},{"fld":"Q_AC","unit":"var","val":"0.20"},{"fld":"F_AC","unit":"Hz","val":"49.99"},{"fld":"PF_AC","unit":"","val":"1.00"},{"fld":"Temp","unit":"°C","val":"58.70"},{"fld":"ALARM_MES_ID","unit":"","val":"251.00"},{"fld":"YieldDay","unit":"Wh","val":"2723.00"},{"fld":"YieldTotal","unit":"kWh","val":"1202.31"},{"fld":"P_DC","unit":"W","val":"278.90"},{"fld":"Efficiency","unit":"%","val":"95.52"}]]}