{"inverter":[[{"fld":"U_DC","unit":"V","val":"30.40"},{"fld":"I_DC","unit":"A","val":"5.22"},{"fld":"P_DC","unit":"W","val":"158.80"},{"fld":"YieldDay","unit":"Wh","val":"1288.00"},{"fld":"YieldTotal","unit":"kWh","val":"591.92"},{"fld":"Irradiation","unit":"%","val":"39.70"},{"fld":"U_DC","unit":"V","val":"29.40"},{"fld":"I_DC","unit":"A","val":"8.08"},{"fld":"P_DC","unit":"W","val":"237.80"},{"fld":"YieldDay","unit":"Wh","val":"1304.00"},{"fld":"YieldTotal","unit":"kWh","val":"610.25"},{"fld":"Irradiation","unit":"%","val":"59.45"},{"fld":"U_AC","unit":"V","val":"232.60"},{"fld":"I_AC","unit":"A","val":"1.63"},{"fld":"P_AC","unit":"W","val":"378.80"},{"fld":"Q_AC","unit":"var","val":"0.00"},{"fld":"F_AC","unit":"Hz","val":"50.05"},{"fld":"PF_AC","unit":"","val":"1.00"},{"fld":"Temp","unit":"°C","val":"62.10"},{"fld":"ALARM_MES_ID","unit":"","val":"251.00"},{"fld":"YieldDay","unit":"Wh","val":"2592.00"},{"fld":"YieldTotal","unit":"kWh","val":"1202.18"},{"fld":"P_DC","unit":"W","val":"396.60"},{"fld":"Efficiency","unit":"%","val":"95.51"}]]}