{"inverter":[[{"fld":"U_DC","unit":"V","val":"30.30"},{"fld":"I_DC","unit":"A","val":"1.08"},{"fld":"P_DC","unit":"W","val":"32.60"},{"fld":"YieldDay","unit":"Wh","val":"1337.00"},{"fld":"YieldTotal","unit":"kWh","val":"591.97"},{"fld":"Irradiation","unit":"%","val":"8.15"},{"fld":"U_DC","unit":"V","val":"29.80"},{"fld":"I_DC","unit":"A","val":"2.29"},{"fld":"P_DC","unit":"W","val":"68.40"},{"fld":"YieldDay","unit":"Wh","val":"1434.00"},{"fld":"YieldTotal","unit":"kWh","val":"610.38"},{"fld":"Irradiation","unit":"%","val":"17.10"},{"fld":"U_AC","unit":"V","val":"231.70"},{"fld":"I_AC","unit":"A","val":"0.42"},{"fld":"P_AC","unit":"W","val":"96.40"},{"fld":"Q_AC","unit":"var","val":"0.00"},{"fld":"F_AC","unit":"Hz","val":"49.98"},{"fld":"PF_AC","unit":"","val":"1.00"},{"fld":"Temp","unit":"°C","val":"55.10"},{"fld":"ALARM_MES_ID","unit":"","val":"251.00"},{"fld":"YieldDay","unit":"Wh","val":"2771.00"},{"fld":"YieldTotal","unit":"kWh","val":"1202.36"},{"fld":"P_DC","unit":"W","val":"101.00"},{"fld":"Efficiency","unit":"%","val":"95.45"}]]}