{"inverter":[[{"fld":"U_DC","unit":"V","val":"28.40"},{"fld":"I_DC","unit":"A","val":"10.42"},{"fld":"P_DC","unit":"W","val":"295.80"},{"fld":"YieldDay","unit":"Wh","val":"611.00"},{"fld":"YieldTotal","unit":"kWh","val":"591.25"},{"fld":"Irradiation","unit":"%","val":"73.95"},{"fld":"U_DC","unit":"V","val":"28.70"},{"fld":"I_DC","unit":"A","val":"10.26"},{"fld":"P_DC","unit":"W","val":"294.40"},{"fld":"YieldDay","unit":"Wh","val":"629.00"},{"fld":"YieldTotal","unit":"kWh","val":"609.58"},{"fld":"Irradiation","unit":"%","val":"73.60"},{"fld":"U_AC","unit":"V","val":"234.70"},{"fld":"I_AC","unit":"A","val":"2.40"},{"fld":"P_AC","unit":"W","val":"563.70"},{"fld":"Q_AC","unit":"var","val":"0.40"},{"fld":"F_AC","unit":"Hz","val":"50.03"},{"fld":"PF_AC","unit":"","val":"1.00"},{"fld":"Temp","unit":"°C","val":"62.40"},{"fld":"ALARM_MES_ID","unit":"","val":"251.00"},{"fld":"YieldDay","unit":"Wh","val":"1240.00"},{"fld":"YieldTotal","unit":"kWh","val":"1200.82"},{"fld":"P_DC","unit":"W","val":"590.20"},{"fld":"Efficiency","unit":"%","val":"95.51"}]]}