{"inverter":[[{"fld":"U_DC","unit":"V","val":"28.50"},{"fld":"I_DC","unit":"A","val":"10.37"},{"fld":"P_DC","unit":"W","val":"295.00"},{"fld":"YieldDay","unit":"Wh","val":"651.00"},{"fld":"YieldTotal","unit":"kWh","val":"591.29"},{"fld":"Irradiation","unit":"%","val":"73.75"},{"fld":"U_DC","unit":"V","val":"28.90"},{"fld":"I_DC","unit":"A","val":"10.22"},{"fld":"P_DC","unit":"W","val":"294.60"},{"fld":"YieldDay","unit":"Wh","val":"669.00"},{"fld":"YieldTotal","unit":"kWh","val":"609.62"},{"fld":"Irradiation","unit":"%","val":"73.65"},{"fld":"U_AC","unit":"V","val":"235.20"},{"fld":"I_AC","unit":"A","val":"2.40"},{"fld":"P_AC","unit":"W","val":"563.10"},{"fld":"Q_AC","unit":"var","val":"0.00"},{"fld":"F_AC","unit":"Hz","val":"50.01"},{"fld":"PF_AC","unit":"","val":"1.00"},{"fld":"Temp","unit":"°C","val":"62.00"},{"fld":"ALARM_MES_ID","unit":"","val":"251.00"},{"fld":"YieldDay","unit":"Wh","val":"1320.00"},{"fld":"YieldTotal","unit":"kWh","val":"1200.91"},{"fld":"P_DC","unit":"W","val":"589.60"},{"fld":"Efficiency","unit":"%","val":"95.51"}]]}