{"inverter":[[{"fld":"U_DC","unit":"V","val":"28.30"},{"fld":"I_DC","unit":"A","val":"9.87"},{"fld":"P_DC","unit":"W","val":"279.30"},{"fld":"YieldDay","unit":"Wh","val":"1035.00"},{"fld":"YieldTotal","unit":"kWh","val":"591.67"},{"fld":"Irradiation","unit":"%","val":"69.82"},{"fld":"U_DC","unit":"V","val":"28.70"},{"fld":"I_DC","unit":"A","val":"9.65"},{"fld":"P_DC","unit":"W","val":"276.30"},{"fld":"YieldDay","unit":"Wh","val":"1049.00"},{"fld":"YieldTotal","unit":"kWh","val":"610.00"},{"fld":"Irradiation","unit":"%","val":"69.07"},{"fld":"U_AC","unit":"V","val":"234.80"},{"fld":"I_AC","unit":"A","val":"2.26"},{"fld":"P_AC","unit":"W","val":"530.50"},{"fld":"Q_AC","unit":"var","val":"0.00"},{"fld":"F_AC","unit":"Hz","val":"50.03"},{"fld":"PF_AC","unit":"","val":"1.00"},{"fld":"Temp","unit":"°C","val":"65.30"},{"fld":"ALARM_MES_ID","unit":"","val":"251.00"},{"fld":"YieldDay","unit":"Wh","val":"2084.00"},{"fld":"YieldTotal","unit":"kWh","val":"1201.67"},{"fld":"P_DC","unit":"W","val":"555.60"},{"fld":"Efficiency","unit":"%","val":"95.48"}]]}