{"inverter":[[{"fld":"U_DC","unit":"V","val":"31.90"},{"fld":"I_DC","unit":"A","val":"2.01"},{"fld":"P_DC","unit":"W","val":"64.10"},{"fld":"YieldDay","unit":"Wh","val":"1310.00"},{"fld":"YieldTotal","unit":"kWh","val":"591.95"},{"fld":"Irradiation","unit":"%","val":"16.02"},{"fld":"U_DC","unit":"V","val":"29.20"},{"fld":"I_DC","unit":"A","val":"7.49"},{"fld":"P_DC","unit":"W","val":"218.60"},{"fld":"YieldDay","unit":"Wh","val":"1350.00"},{"fld":"YieldTotal","unit":"kWh","val":"610.30"},{"fld":"Irradiation","unit":"%","val":"54.65"},{"fld":"U_AC","unit":"V","val":"233.10"},{"fld":"I_AC","unit":"A","val":"1.16"},{"fld":"P_AC","unit":"W","val":"270.00"},{"fld":"Q_AC","unit":"var","val":"0.20"},{"fld":"F_AC","unit":"Hz","val":"50.02"},{"fld":"PF_AC","unit":"","val":"1.00"},{"fld":"Temp","unit":"°C","val":"60.90"},{"fld":"ALARM_MES_ID","unit":"","val":"251.00"},{"fld":"YieldDay","unit":"Wh","val":"2660.00"},{"fld":"YieldTotal","unit":"kWh","val":"1202.24"},{"fld":"P_DC","unit":"W","val":"282.70"},{"fld":"Efficiency","unit":"%","val":"95.51"}]]}