{"inverter":[[{"fld":"U_DC","unit":"V","val":"28.30"},{"fld":"I_DC","unit":"A","val":"10.32"},{"fld":"P_DC","unit":"W","val":"292.00"},{"fld":"YieldDay","unit":"Wh","val":"585.00"},{"fld":"YieldTotal","unit":"kWh","val":"591.22"},{"fld":"Irradiation","unit":"%","val":"73.00"},{"fld":"U_DC","unit":"V","val":"28.60"},{"fld":"I_DC","unit":"A","val":"10.21"},{"fld":"P_DC","unit":"W","val":"291.10"},{"fld":"YieldDay","unit":"Wh","val":"603.00"},{"fld":"YieldTotal","unit":"kWh","val":"609.55"},{"fld":"Irradiation","unit":"%","val":"72.78"},{"fld":"U_AC","unit":"V","val":"234.50"},{"fld":"I_AC","unit":"A","val":"2.37"},{"fld":"P_AC","unit":"W","val":"556.80"},{"fld":"Q_AC","unit":"var","val":"0.00"},{"fld":"F_AC","unit":"Hz","val":"50.02"},{"fld":"PF_AC","unit":"","val":"1.00"},{"fld":"Temp","unit":"°C","val":"62.40"},{"fld":"ALARM_MES_ID","unit":"","val":"251.00"},{"fld":"YieldDay","unit":"Wh","val":"1188.00"},{"fld":"YieldTotal","unit":"kWh","val":"1200.77"},{"fld":"P_DC","unit":"W","val":"583.10"},{"fld":"Efficiency","unit":"%","val":"95.49"}]]}