{"inverter":[[{"fld":"U_DC","unit":"V","val":"28.60"},{"fld":"I_DC","unit":"A","val":"10.28"},{"fld":"P_DC","unit":"W","val":"294.00"},{"fld":"YieldDay","unit":"Wh","val":"492.00"},{"fld":"YieldTotal","unit":"kWh","val":"591.13"},{"fld":"Irradiation","unit":"%","val":"73.50"},{"fld":"U_DC","unit":"V","val":"28.90"},{"fld":"I_DC","unit":"A","val":"10.10"},{"fld":"P_DC","unit":"W","val":"291.50"},{"fld":"YieldDay","unit":"Wh","val":"511.00"},{"fld":"YieldTotal","unit":"kWh","val":"609.46"},{"fld":"Irradiation","unit":"%","val":"72.88"},{"fld":"U_AC","unit":"V","val":"233.70"},{"fld":"I_AC","unit":"A","val":"2.39"},{"fld":"P_AC","unit":"W","val":"559.10"},{"fld":"Q_AC","unit":"var","val":"0.00"},{"fld":"F_AC","unit":"Hz","val":"50.05"},{"fld":"PF_AC","unit":"","val":"1.00"},{"fld":"Temp","unit":"°C","val":"60.30"},{"fld":"ALARM_MES_ID","unit":"","val":"251.00"},{"fld":"YieldDay","unit":"Wh","val":"1003.00"},{"fld":"YieldTotal","unit":"kWh","val":"1200.59"},{"fld":"P_DC","unit":"W","val":"585.50"},{"fld":"Efficiency","unit":"%","val":"95.49"}]]}