{"inverter":[[{"fld":"U_DC","unit":"V","val":"28.90"},{"fld":"I_DC","unit":"A","val":"9.49"},{"fld":"P_DC","unit":"W","val":"273.70"},{"fld":"YieldDay","unit":"Wh","val":"199.00"},{"fld":"YieldTotal","unit":"kWh","val":"590.83"},{"fld":"Irradiation","unit":"%","val":"68.43"},{"fld":"U_DC","unit":"V","val":"29.30"},{"fld":"I_DC","unit":"A","val":"9.44"},{"fld":"P_DC","unit":"W","val":"276.80"},{"fld":"YieldDay","unit":"Wh","val":"220.00"},{"fld":"YieldTotal","unit":"kWh","val":"609.17"},{"fld":"Irradiation","unit":"%","val":"69.20"},{"fld":"U_AC","unit":"V","val":"233.70"},{"fld":"I_AC","unit":"A","val":"2.25"},{"fld":"P_AC","unit":"W","val":"525.80"},{"fld":"Q_AC","unit":"var","val":"0.00"},{"fld":"F_AC","unit":"Hz","val":"50.04"},{"fld":"PF_AC","unit":"","val":"1.00"},{"fld":"Temp","unit":"°C","val":"44.50"},{"fld":"ALARM_MES_ID","unit":"","val":"251.00"},{"fld":"YieldDay","unit":"Wh","val":"419.00"},{"fld":"YieldTotal","unit":"kWh","val":"1200.00"},{"fld":"P_DC","unit":"W","val":"550.50"},{"fld":"Efficiency","unit":"%","val":"95.51"}]]}