{"inverter":[[{"fld":"U_DC","unit":"V","val":"31.60"},{"fld":"I_DC","unit":"A","val":"2.05"},{"fld":"P_DC","unit":"W","val":"64.60"},{"fld":"YieldDay","unit":"Wh","val":"1317.00"},{"fld":"YieldTotal","unit":"kWh","val":"591.95"},{"fld":"Irradiation","unit":"%","val":"16.15"},{"fld":"U_DC","unit":"V","val":"29.30"},{"fld":"I_DC","unit":"A","val":"7.34"},{"fld":"P_DC","unit":"W","val":"214.90"},{"fld":"YieldDay","unit":"Wh","val":"1374.00"},{"fld":"YieldTotal","unit":"kWh","val":"610.32"},{"fld":"Irradiation","unit":"%","val":"53.72"},{"fld":"U_AC","unit":"V","val":"233.20"},{"fld":"I_AC","unit":"A","val":"1.14"},{"fld":"P_AC","unit":"W","val":"266.80"},{"fld":"Q_AC","unit":"var","val":"0.00"},{"fld":"F_AC","unit":"Hz","val":"50.00"},{"fld":"PF_AC","unit":"","val":"1.00"},{"fld":"Temp","unit":"°C","val":"60.40"},{"fld":"ALARM_MES_ID","unit":"","val":"251.00"},{"fld":"YieldDay","unit":"Wh","val":"2691.00"},{"fld":"YieldTotal","unit":"kWh","val":"1202.28"},{"fld":"P_DC","unit":"W","val":"279.50"},{"fld":"Efficiency","unit":"%","val":"95.46"}]]}