{"inverter":[[{"fld":"U_DC","unit":"V","val":"28.40"},{"fld":"I_DC","unit":"A","val":"9.95"},{"fld":"P_DC","unit":"W","val":"282.60"},{"fld":"YieldDay","unit":"Wh","val":"341.00"},{"fld":"YieldTotal","unit":"kWh","val":"590.98"},{"fld":"Irradiation","unit":"%","val":"70.65"},{"fld":"U_DC","unit":"V","val":"28.80"},{"fld":"I_DC","unit":"A","val":"9.77"},{"fld":"P_DC","unit":"W","val":"280.50"},{"fld":"YieldDay","unit":"Wh","val":"361.00"},{"fld":"YieldTotal","unit":"kWh","val":"609.31"},{"fld":"Irradiation","unit":"%","val":"70.13"},{"fld":"U_AC","unit":"V","val":"234.20"},{"fld":"I_AC","unit":"A","val":"2.30"},{"fld":"P_AC","unit":"W","val":"537.80"},{"fld":"Q_AC","unit":"var","val":"0.00"},{"fld":"F_AC","unit":"Hz","val":"50.00"},{"fld":"PF_AC","unit":"","val":"1.00"},{"fld":"Temp","unit":"°C","val":"56.10"},{"fld":"ALARM_MES_ID","unit":"","val":"251.00"},{"fld":"YieldDay","unit":"Wh","val":"702.00"},{"fld":"YieldTotal","unit":"kWh","val":"1200.29"},{"fld":"P_DC","unit":"W","val":"563.10"},{"fld":"Efficiency","unit":"%","val":"95.51"}]]}