{"inverter":[[{"fld":"U_DC","unit":"V","val":"28.30"},{"fld":"I_DC","unit":"A","val":"10.37"},{"fld":"P_DC","unit":"W","val":"292.70"},{"fld":"YieldDay","unit":"Wh","val":"759.00"},{"fld":"YieldTotal","unit":"kWh","val":"591.39"},{"fld":"Irradiation","unit":"%","val":"73.18"},{"fld":"U_DC","unit":"V","val":"28.50"},{"fld":"I_DC","unit":"A","val":"10.19"},{"fld":"P_DC","unit":"W","val":"289.50"},{"fld":"YieldDay","unit":"Wh","val":"776.00"},{"fld":"YieldTotal","unit":"kWh","val":"609.73"},{"fld":"Irradiation","unit":"%","val":"72.38"},{"fld":"U_AC","unit":"V","val":"233.00"},{"fld":"I_AC","unit":"A","val":"2.38"},{"fld":"P_AC","unit":"W","val":"556.00"},{"fld":"Q_AC","unit":"var","val":"0.00"},{"fld":"F_AC","unit":"Hz","val":"50.00"},{"fld":"PF_AC","unit":"","val":"1.00"},{"fld":"Temp","unit":"°C","val":"63.00"},{"fld":"ALARM_MES_ID","unit":"","val":"251.00"},{"fld":"YieldDay","unit":"Wh","val":"1535.00"},{"fld":"YieldTotal","unit":"kWh","val":"1201.12"},{"fld":"P_DC","unit":"W","val":"582.20"},{"fld":"Efficiency","unit":"%","val":"95.50"}]]}