{"inverter":[[{"fld":"U_DC","unit":"V","val":"28.70"},{"fld":"I_DC","unit":"A","val":"9.86"},{"fld":"P_DC","unit":"W","val":"282.10"},{"fld":"YieldDay","unit":"Wh","val":"355.00"},{"fld":"YieldTotal","unit":"kWh","val":"590.99"},{"fld":"Irradiation","unit":"%","val":"70.53"},{"fld":"U_DC","unit":"V","val":"29.00"},{"fld":"I_DC","unit":"A","val":"9.68"},{"fld":"P_DC","unit":"W","val":"280.10"},{"fld":"YieldDay","unit":"Wh","val":"374.00"},{"fld":"YieldTotal","unit":"kWh","val":"609.32"},{"fld":"Irradiation","unit":"%","val":"70.03"},{"fld":"U_AC","unit":"V","val":"233.40"},{"fld":"I_AC","unit":"A","val":"2.30"},{"fld":"P_AC","unit":"W","val":"536.90"},{"fld":"Q_AC","unit":"var","val":"0.00"},{"fld":"F_AC","unit":"Hz","val":"50.01"},{"fld":"PF_AC","unit":"","val":"1.00"},{"fld":"Temp","unit":"°C","val":"56.50"},{"fld":"ALARM_MES_ID","unit":"","val":"251.00"},{"fld":"YieldDay","unit":"Wh","val":"729.00"},{"fld":"YieldTotal","unit":"kWh","val":"1200.31"},{"fld":"P_DC","unit":"W","val":"562.20"},{"fld":"Efficiency","unit":"%","val":"95.50"}]]}