{"inverter":[[{"fld":"U_DC","unit":"V","val":"28.40"},{"fld":"I_DC","unit":"A","val":"9.13"},{"fld":"P_DC","unit":"W","val":"258.70"},{"fld":"YieldDay","unit":"Wh","val":"1136.00"},{"fld":"YieldTotal","unit":"kWh","val":"591.77"},{"fld":"Irradiation","unit":"%","val":"64.68"},{"fld":"U_DC","unit":"V","val":"28.50"},{"fld":"I_DC","unit":"A","val":"8.94"},{"fld":"P_DC","unit":"W","val":"254.90"},{"fld":"YieldDay","unit":"Wh","val":"1149.00"},{"fld":"YieldTotal","unit":"kWh","val":"610.10"},{"fld":"Irradiation","unit":"%","val":"63.73"},{"fld":"U_AC","unit":"V","val":"233.80"},{"fld":"I_AC","unit":"A","val":"2.10"},{"fld":"P_AC","unit":"W","val":"490.50"},{"fld":"Q_AC","unit":"var","val":"0.00"},{"fld":"F_AC","unit":"Hz","val":"50.01"},{"fld":"PF_AC","unit":"","val":"1.00"},{"fld":"Temp","unit":"°C","val":"64.70"},{"fld":"ALARM_MES_ID","unit":"","val":"251.00"},{"fld":"YieldDay","unit":"Wh","val":"2285.00"},{"fld":"YieldTotal","unit":"kWh","val":"1201.87"},{"fld":"P_DC","unit":"W","val":"513.60"},{"fld":"Efficiency","unit":"%","val":"95.50"}]]}