{"inverter":[[{"fld":"U_DC","unit":"V","val":"28.30"},{"fld":"I_DC","unit":"A","val":"10.31"},{"fld":"P_DC","unit":"W","val":"291.00"},{"fld":"YieldDay","unit":"Wh","val":"791.00"},{"fld":"YieldTotal","unit":"kWh","val":"591.43"},{"fld":"Irradiation","unit":"%","val":"72.75"},{"fld":"U_DC","unit":"V","val":"28.60"},{"fld":"I_DC","unit":"A","val":"10.11"},{"fld":"P_DC","unit":"W","val":"289.30"},{"fld":"YieldDay","unit":"Wh","val":"808.00"},{"fld":"YieldTotal","unit":"kWh","val":"609.76"},{"fld":"Irradiation","unit":"%","val":"72.32"},{"fld":"U_AC","unit":"V","val":"233.00"},{"fld":"I_AC","unit":"A","val":"2.38"},{"fld":"P_AC","unit":"W","val":"554.20"},{"fld":"Q_AC","unit":"var","val":"0.50"},{"fld":"F_AC","unit":"Hz","val":"50.05"},{"fld":"PF_AC","unit":"","val":"1.00"},{"fld":"Temp","unit":"°C","val":"63.30"},{"fld":"ALARM_MES_ID","unit":"","val":"251.00"},{"fld":"YieldDay","unit":"Wh","val":"1599.00"},{"fld":"YieldTotal","unit":"kWh","val":"1201.18"},{"fld":"P_DC","unit":"W","val":"580.30"},{"fld":"Efficiency","unit":"%","val":"95.50"}]]}