{"inverter":[[{"fld":"U_DC","unit":"V","val":"31.40"},{"fld":"I_DC","unit":"A","val":"1.60"},{"fld":"P_DC","unit":"W","val":"50.30"},{"fld":"YieldDay","unit":"Wh","val":"1393.00"},{"fld":"YieldTotal","unit":"kWh","val":"592.03"},{"fld":"Irradiation","unit":"%","val":"12.58"},{"fld":"U_DC","unit":"V","val":"30.10"},{"fld":"I_DC","unit":"A","val":"4.30"},{"fld":"P_DC","unit":"W","val":"129.30"},{"fld":"YieldDay","unit":"Wh","val":"1596.00"},{"fld":"YieldTotal","unit":"kWh","val":"610.55"},{"fld":"Irradiation","unit":"%","val":"32.33"},{"fld":"U_AC","unit":"V","val":"228.40"},{"fld":"I_AC","unit":"A","val":"0.75"},{"fld":"P_AC","unit":"W","val":"171.50"},{"fld":"Q_AC","unit":"var","val":"0.10"},{"fld":"F_AC","unit":"Hz","val":"49.99"},{"fld":"PF_AC","unit":"","val":"1.00"},{"fld":"Temp","unit":"°C","val":"51.20"},{"fld":"ALARM_MES_ID","unit":"","val":"251.00"},{"fld":"YieldDay","unit":"Wh","val":"2989.00"},{"fld":"YieldTotal","unit":"kWh","val":"1202.57"},{"fld":"P_DC","unit":"W","val":"179.60"},{"fld":"Efficiency","unit":"%","val":"95.49"}]]}