{"inverter":[[{"fld":"U_DC","unit":"V","val":"28.60"},{"fld":"I_DC","unit":"A","val":"10.39"},{"fld":"P_DC","unit":"W","val":"296.30"},{"fld":"YieldDay","unit":"Wh","val":"646.00"},{"fld":"YieldTotal","unit":"kWh","val":"591.28"},{"fld":"Irradiation","unit":"%","val":"74.07"},{"fld":"U_DC","unit":"V","val":"28.80"},{"fld":"I_DC","unit":"A","val":"10.26"},{"fld":"P_DC","unit":"W","val":"295.50"},{"fld":"YieldDay","unit":"Wh","val":"664.00"},{"fld":"YieldTotal","unit":"kWh","val":"609.61"},{"fld":"Irradiation","unit":"%","val":"73.88"},{"fld":"U_AC","unit":"V","val":"234.50"},{"fld":"I_AC","unit":"A","val":"2.41"},{"fld":"P_AC","unit":"W","val":"565.20"},{"fld":"Q_AC","unit":"var","val":"0.00"},{"fld":"F_AC","unit":"Hz","val":"50.02"},{"fld":"PF_AC","unit":"","val":"1.00"},{"fld":"Temp","unit":"°C","val":"61.90"},{"fld":"ALARM_MES_ID","unit":"","val":"251.00"},{"fld":"YieldDay","unit":"Wh","val":"1310.00"},{"fld":"YieldTotal","unit":"kWh","val":"1200.90"},{"fld":"P_DC","unit":"W","val":"591.80"},{"fld":"Efficiency","unit":"%","val":"95.51"}]]}