{"inverter":[[{"fld":"U_DC","unit":"V","val":"29.40"},{"fld":"I_DC","unit":"A","val":"8.13"},{"fld":"P_DC","unit":"W","val":"239.00"},{"fld":"YieldDay","unit":"Wh","val":"1273.00"},{"fld":"YieldTotal","unit":"kWh","val":"591.91"},{"fld":"Irradiation","unit":"%","val":"59.75"},{"fld":"U_DC","unit":"V","val":"29.40"},{"fld":"I_DC","unit":"A","val":"8.13"},{"fld":"P_DC","unit":"W","val":"238.60"},{"fld":"YieldDay","unit":"Wh","val":"1283.00"},{"fld":"YieldTotal","unit":"kWh","val":"610.23"},{"fld":"Irradiation","unit":"%","val":"59.65"},{"fld":"U_AC","unit":"V","val":"232.80"},{"fld":"I_AC","unit":"A","val":"1.96"},{"fld":"P_AC","unit":"W","val":"456.10"},{"fld":"Q_AC","unit":"var","val":"0.40"},{"fld":"F_AC","unit":"Hz","val":"50.02"},{"fld":"PF_AC","unit":"","val":"1.00"},{"fld":"Temp","unit":"°C","val":"63.20"},{"fld":"ALARM_MES_ID","unit":"","val":"251.00"},{"fld":"YieldDay","unit":"Wh","val":"2556.00"},{"fld":"YieldTotal","unit":"kWh","val":"1202.14"},{"fld":"P_DC","unit":"W","val":"477.60"},{"fld":"Efficiency","unit":"%","val":"95.50"}]]}