{"inverter":[[{"fld":"U_DC","unit":"V","val":"28.60"},{"fld":"I_DC","unit":"A","val":"10.28"},{"fld":"P_DC","unit":"W","val":"293.50"},{"fld":"YieldDay","unit":"Wh","val":"487.00"},{"fld":"YieldTotal","unit":"kWh","val":"591.12"},{"fld":"Irradiation","unit":"%","val":"73.38"},{"fld":"U_DC","unit":"V","val":"28.80"},{"fld":"I_DC","unit":"A","val":"10.10"},{"fld":"P_DC","unit":"W","val":"290.80"},{"fld":"YieldDay","unit":"Wh","val":"506.00"},{"fld":"YieldTotal","unit":"kWh","val":"609.46"},{"fld":"Irradiation","unit":"%","val":"72.70"},{"fld":"U_AC","unit":"V","val":"233.20"},{"fld":"I_AC","unit":"A","val":"2.39"},{"fld":"P_AC","unit":"W","val":"558.00"},{"fld":"Q_AC","unit":"var","val":"0.00"},{"fld":"F_AC","unit":"Hz","val":"50.04"},{"fld":"PF_AC","unit":"","val":"1.00"},{"fld":"Temp","unit":"°C","val":"60.40"},{"fld":"ALARM_MES_ID","unit":"","val":"251.00"},{"fld":"YieldDay","unit":"Wh","val":"993.00"},{"fld":"YieldTotal","unit":"kWh","val":"1200.58"},{"fld":"P_DC","unit":"W","val":"584.30"},{"fld":"Efficiency","unit":"%","val":"95.50"}]]}