{"inverter":[[{"fld":"U_DC","unit":"V","val":"28.50"},{"fld":"I_DC","unit":"A","val":"9.97"},{"fld":"P_DC","unit":"W","val":"283.70"},{"fld":"YieldDay","unit":"Wh","val":"377.00"},{"fld":"YieldTotal","unit":"kWh","val":"591.01"},{"fld":"Irradiation","unit":"%","val":"70.93"},{"fld":"U_DC","unit":"V","val":"28.90"},{"fld":"I_DC","unit":"A","val":"9.80"},{"fld":"P_DC","unit":"W","val":"282.20"},{"fld":"YieldDay","unit":"Wh","val":"397.00"},{"fld":"YieldTotal","unit":"kWh","val":"609.35"},{"fld":"Irradiation","unit":"%","val":"70.55"},{"fld":"U_AC","unit":"V","val":"234.10"},{"fld":"I_AC","unit":"A","val":"2.31"},{"fld":"P_AC","unit":"W","val":"540.40"},{"fld":"Q_AC","unit":"var","val":"0.00"},{"fld":"F_AC","unit":"Hz","val":"50.00"},{"fld":"PF_AC","unit":"","val":"1.00"},{"fld":"Temp","unit":"°C","val":"57.80"},{"fld":"ALARM_MES_ID","unit":"","val":"251.00"},{"fld":"YieldDay","unit":"Wh","val":"774.00"},{"fld":"YieldTotal","unit":"kWh","val":"1200.36"},{"fld":"P_DC","unit":"W","val":"565.90"},{"fld":"Efficiency","unit":"%","val":"95.49"}]]}