{"inverter":[[{"fld":"U_DC","unit":"V","val":"31.50"},{"fld":"I_DC","unit":"A","val":"1.87"},{"fld":"P_DC","unit":"W","val":"58.70"},{"fld":"YieldDay","unit":"Wh","val":"1348.00"},{"fld":"YieldTotal","unit":"kWh","val":"591.98"},{"fld":"Irradiation","unit":"%","val":"14.68"},{"fld":"U_DC","unit":"V","val":"30.10"},{"fld":"I_DC","unit":"A","val":"6.11"},{"fld":"P_DC","unit":"W","val":"183.40"},{"fld":"YieldDay","unit":"Wh","val":"1464.00"},{"fld":"YieldTotal","unit":"kWh","val":"610.41"},{"fld":"Irradiation","unit":"%","val":"45.85"},{"fld":"U_AC","unit":"V","val":"230.40"},{"fld":"I_AC","unit":"A","val":"1.00"},{"fld":"P_AC","unit":"W","val":"231.20"},{"fld":"Q_AC","unit":"var","val":"0.20"},{"fld":"F_AC","unit":"Hz","val":"49.98"},{"fld":"PF_AC","unit":"","val":"1.00"},{"fld":"Temp","unit":"°C","val":"52.60"},{"fld":"ALARM_MES_ID","unit":"","val":"251.00"},{"fld":"YieldDay","unit":"Wh","val":"2812.00"},{"fld":"YieldTotal","unit":"kWh","val":"1202.40"},{"fld":"P_DC","unit":"W","val":"242.10"},{"fld":"Efficiency","unit":"%","val":"95.50"}]]}