{"inverter":[[{"fld":"U_DC","unit":"V","val":"28.10"},{"fld":"I_DC","unit":"A","val":"10.03"},{"fld":"P_DC","unit":"W","val":"281.70"},{"fld":"YieldDay","unit":"Wh","val":"957.00"},{"fld":"YieldTotal","unit":"kWh","val":"591.59"},{"fld":"Irradiation","unit":"%","val":"70.43"},{"fld":"U_DC","unit":"V","val":"28.40"},{"fld":"I_DC","unit":"A","val":"9.82"},{"fld":"P_DC","unit":"W","val":"278.60"},{"fld":"YieldDay","unit":"Wh","val":"972.00"},{"fld":"YieldTotal","unit":"kWh","val":"609.92"},{"fld":"Irradiation","unit":"%","val":"69.65"},{"fld":"U_AC","unit":"V","val":"233.80"},{"fld":"I_AC","unit":"A","val":"2.29"},{"fld":"P_AC","unit":"W","val":"535.10"},{"fld":"Q_AC","unit":"var","val":"0.00"},{"fld":"F_AC","unit":"Hz","val":"50.00"},{"fld":"PF_AC","unit":"","val":"1.00"},{"fld":"Temp","unit":"°C","val":"65.60"},{"fld":"ALARM_MES_ID","unit":"","val":"251.00"},{"fld":"YieldDay","unit":"Wh","val":"1929.00"},{"fld":"YieldTotal","unit":"kWh","val":"1201.51"},{"fld":"P_DC","unit":"W","val":"560.30"},{"fld":"Efficiency","unit":"%","val":"95.50"}]]}