{"inverter":[[{"fld":"U_DC","unit":"V","val":"32.20"},{"fld":"I_DC","unit":"A","val":"0.92"},{"fld":"P_DC","unit":"W","val":"29.60"},{"fld":"YieldDay","unit":"Wh","val":"127.00"},{"fld":"YieldTotal","unit":"kWh","val":"590.76"},{"fld":"Irradiation","unit":"%","val":"7.40"},{"fld":"U_DC","unit":"V","val":"33.40"},{"fld":"I_DC","unit":"A","val":"0.94"},{"fld":"P_DC","unit":"W","val":"31.30"},{"fld":"YieldDay","unit":"Wh","val":"131.00"},{"fld":"YieldTotal","unit":"kWh","val":"609.08"},{"fld":"Irradiation","unit":"%","val":"7.82"},{"fld":"U_AC","unit":"V","val":"230.30"},{"fld":"I_AC","unit":"A","val":"0.25"},{"fld":"P_AC","unit":"W","val":"58.10"},{"fld":"Q_AC","unit":"var","val":"0.00"},{"fld":"F_AC","unit":"Hz","val":"50.01"},{"fld":"PF_AC","unit":"","val":"1.00"},{"fld":"Temp","unit":"°C","val":"37.80"},{"fld":"ALARM_MES_ID","unit":"","val":"251.00"},{"fld":"YieldDay","unit":"Wh","val":"258.00"},{"fld":"YieldTotal","unit":"kWh","val":"1199.84"},{"fld":"P_DC","unit":"W","val":"60.90"},{"fld":"Efficiency","unit":"%","val":"95.40"}]]}