{"inverter":[[{"fld":"U_DC","unit":"V","val":"31.20"},{"fld":"I_DC","unit":"A","val":"1.77"},{"fld":"P_DC","unit":"W","val":"55.40"},{"fld":"YieldDay","unit":"Wh","val":"1362.00"},{"fld":"YieldTotal","unit":"kWh","val":"592.00"},{"fld":"Irradiation","unit":"%","val":"13.85"},{"fld":"U_DC","unit":"V","val":"29.60"},{"fld":"I_DC","unit":"A","val":"5.67"},{"fld":"P_DC","unit":"W","val":"168.10"},{"fld":"YieldDay","unit":"Wh","val":"1509.00"},{"fld":"YieldTotal","unit":"kWh","val":"610.46"},{"fld":"Irradiation","unit":"%","val":"42.03"},{"fld":"U_AC","unit":"V","val":"232.60"},{"fld":"I_AC","unit":"A","val":"0.92"},{"fld":"P_AC","unit":"W","val":"213.50"},{"fld":"Q_AC","unit":"var","val":"0.10"},{"fld":"F_AC","unit":"Hz","val":"50.04"},{"fld":"PF_AC","unit":"","val":"1.00"},{"fld":"Temp","unit":"°C","val":"52.80"},{"fld":"ALARM_MES_ID","unit":"","val":"251.00"},{"fld":"YieldDay","unit":"Wh","val":"2871.00"},{"fld":"YieldTotal","unit":"kWh","val":"1202.46"},{"fld":"P_DC","unit":"W","val":"223.50"},{"fld":"Efficiency","unit":"%","val":"95.53"}]]}