{"inverter":[[{"fld":"U_DC","unit":"V","val":"28.80"},{"fld":"I_DC","unit":"A","val":"9.72"},{"fld":"P_DC","unit":"W","val":"279.90"},{"fld":"YieldDay","unit":"Wh","val":"274.00"},{"fld":"YieldTotal","unit":"kWh","val":"590.91"},{"fld":"Irradiation","unit":"%","val":"69.97"},{"fld":"U_DC","unit":"V","val":"29.10"},{"fld":"I_DC","unit":"A","val":"9.57"},{"fld":"P_DC","unit":"W","val":"277.70"},{"fld":"YieldDay","unit":"Wh","val":"294.00"},{"fld":"YieldTotal","unit":"kWh","val":"609.24"},{"fld":"Irradiation","unit":"%","val":"69.43"},{"fld":"U_AC","unit":"V","val":"231.20"},{"fld":"I_AC","unit":"A","val":"2.30"},{"fld":"P_AC","unit":"W","val":"532.60"},{"fld":"Q_AC","unit":"var","val":"0.00"},{"fld":"F_AC","unit":"Hz","val":"50.02"},{"fld":"PF_AC","unit":"","val":"1.00"},{"fld":"Temp","unit":"°C","val":"51.20"},{"fld":"ALARM_MES_ID","unit":"","val":"251.00"},{"fld":"YieldDay","unit":"Wh","val":"568.00"},{"fld":"YieldTotal","unit":"kWh","val":"1200.15"},{"fld":"P_DC","unit":"W","val":"557.60"},{"fld":"Efficiency","unit":"%","val":"95.52"}]]}