{"inverter":[[{"fld":"U_DC","unit":"V","val":"31.30"},{"fld":"I_DC","unit":"A","val":"1.67"},{"fld":"P_DC","unit":"W","val":"52.30"},{"fld":"YieldDay","unit":"Wh","val":"1386.00"},{"fld":"YieldTotal","unit":"kWh","val":"592.02"},{"fld":"Irradiation","unit":"%","val":"13.07"},{"fld":"U_DC","unit":"V","val":"30.10"},{"fld":"I_DC","unit":"A","val":"4.71"},{"fld":"P_DC","unit":"W","val":"141.80"},{"fld":"YieldDay","unit":"Wh","val":"1577.00"},{"fld":"YieldTotal","unit":"kWh","val":"610.53"},{"fld":"Irradiation","unit":"%","val":"35.45"},{"fld":"U_AC","unit":"V","val":"228.30"},{"fld":"I_AC","unit":"A","val":"0.81"},{"fld":"P_AC","unit":"W","val":"185.40"},{"fld":"Q_AC","unit":"var","val":"0.00"},{"fld":"F_AC","unit":"Hz","val":"49.98"},{"fld":"PF_AC","unit":"","val":"1.00"},{"fld":"Temp","unit":"°C","val":"51.40"},{"fld":"ALARM_MES_ID","unit":"","val":"251.00"},{"fld":"YieldDay","unit":"Wh","val":"2963.00"},{"fld":"YieldTotal","unit":"kWh","val":"1202.55"},{"fld":"P_DC","unit":"W","val":"194.10"},{"fld":"Efficiency","unit":"%","val":"95.52"}]]}