{"inverter":[[{"fld":"U_DC","unit":"V","val":"31.30"},{"fld":"I_DC","unit":"A","val":"1.68"},{"fld":"P_DC","unit":"W","val":"52.60"},{"fld":"YieldDay","unit":"Wh","val":"1373.00"},{"fld":"YieldTotal","unit":"kWh","val":"592.01"},{"fld":"Irradiation","unit":"%","val":"13.15"},{"fld":"U_DC","unit":"V","val":"30.00"},{"fld":"I_DC","unit":"A","val":"5.04"},{"fld":"P_DC","unit":"W","val":"151.40"},{"fld":"YieldDay","unit":"Wh","val":"1542.00"},{"fld":"YieldTotal","unit":"kWh","val":"610.49"},{"fld":"Irradiation","unit":"%","val":"37.85"},{"fld":"U_AC","unit":"V","val":"233.60"},{"fld":"I_AC","unit":"A","val":"0.83"},{"fld":"P_AC","unit":"W","val":"194.80"},{"fld":"Q_AC","unit":"var","val":"0.20"},{"fld":"F_AC","unit":"Hz","val":"50.00"},{"fld":"PF_AC","unit":"","val":"1.00"},{"fld":"Temp","unit":"°C","val":"52.10"},{"fld":"ALARM_MES_ID","unit":"","val":"251.00"},{"fld":"YieldDay","unit":"Wh","val":"2915.00"},{"fld":"YieldTotal","unit":"kWh","val":"1202.50"},{"fld":"P_DC","unit":"W","val":"204.00"},{"fld":"Efficiency","unit":"%","val":"95.49"}]]}