{"inverter":[[{"fld":"U_DC","unit":"V","val":"29.10"},{"fld":"I_DC","unit":"A","val":"9.54"},{"fld":"P_DC","unit":"W","val":"277.00"},{"fld":"YieldDay","unit":"Wh","val":"206.00"},{"fld":"YieldTotal","unit":"kWh","val":"590.84"},{"fld":"Irradiation","unit":"%","val":"69.25"},{"fld":"U_DC","unit":"V","val":"29.30"},{"fld":"I_DC","unit":"A","val":"9.40"},{"fld":"P_DC","unit":"W","val":"275.20"},{"fld":"YieldDay","unit":"Wh","val":"226.00"},{"fld":"YieldTotal","unit":"kWh","val":"609.18"},{"fld":"Irradiation","unit":"%","val":"68.80"},{"fld":"U_AC","unit":"V","val":"233.70"},{"fld":"I_AC","unit":"A","val":"2.26"},{"fld":"P_AC","unit":"W","val":"527.40"},{"fld":"Q_AC","unit":"var","val":"0.40"},{"fld":"F_AC","unit":"Hz","val":"50.03"},{"fld":"PF_AC","unit":"","val":"1.00"},{"fld":"Temp","unit":"°C","val":"45.20"},{"fld":"ALARM_MES_ID","unit":"","val":"251.00"},{"fld":"YieldDay","unit":"Wh","val":"432.00"},{"fld":"YieldTotal","unit":"kWh","val":"1200.02"},{"fld":"P_DC","unit":"W","val":"552.20"},{"fld":"Efficiency","unit":"%","val":"95.51"}]]}