{"inverter":[[{"fld":"U_DC","unit":"V","val":"31.30"},{"fld":"I_DC","unit":"A","val":"1.70"},{"fld":"P_DC","unit":"W","val":"53.30"},{"fld":"YieldDay","unit":"Wh","val":"1372.00"},{"fld":"YieldTotal","unit":"kWh","val":"592.01"},{"fld":"Irradiation","unit":"%","val":"13.32"},{"fld":"U_DC","unit":"V","val":"29.90"},{"fld":"I_DC","unit":"A","val":"5.19"},{"fld":"P_DC","unit":"W","val":"155.30"},{"fld":"YieldDay","unit":"Wh","val":"1537.00"},{"fld":"YieldTotal","unit":"kWh","val":"610.49"},{"fld":"Irradiation","unit":"%","val":"38.83"},{"fld":"U_AC","unit":"V","val":"234.00"},{"fld":"I_AC","unit":"A","val":"0.85"},{"fld":"P_AC","unit":"W","val":"199.20"},{"fld":"Q_AC","unit":"var","val":"0.00"},{"fld":"F_AC","unit":"Hz","val":"49.98"},{"fld":"PF_AC","unit":"","val":"1.00"},{"fld":"Temp","unit":"°C","val":"52.30"},{"fld":"ALARM_MES_ID","unit":"","val":"251.00"},{"fld":"YieldDay","unit":"Wh","val":"2909.00"},{"fld":"YieldTotal","unit":"kWh","val":"1202.49"},{"fld":"P_DC","unit":"W","val":"208.60"},{"fld":"Efficiency","unit":"%","val":"95.49"}]]}