{"inverter":[[{"fld":"U_DC","unit":"V","val":"28.30"},{"fld":"I_DC","unit":"A","val":"9.91"},{"fld":"P_DC","unit":"W","val":"280.00"},{"fld":"YieldDay","unit":"Wh","val":"1024.00"},{"fld":"YieldTotal","unit":"kWh","val":"591.66"},{"fld":"Irradiation","unit":"%","val":"70.00"},{"fld":"U_DC","unit":"V","val":"28.70"},{"fld":"I_DC","unit":"A","val":"9.67"},{"fld":"P_DC","unit":"W","val":"276.90"},{"fld":"YieldDay","unit":"Wh","val":"1038.00"},{"fld":"YieldTotal","unit":"kWh","val":"609.99"},{"fld":"Irradiation","unit":"%","val":"69.22"},{"fld":"U_AC","unit":"V","val":"234.50"},{"fld":"I_AC","unit":"A","val":"2.27"},{"fld":"P_AC","unit":"W","val":"531.90"},{"fld":"Q_AC","unit":"var","val":"0.00"},{"fld":"F_AC","unit":"Hz","val":"50.01"},{"fld":"PF_AC","unit":"","val":"1.00"},{"fld":"Temp","unit":"°C","val":"65.20"},{"fld":"ALARM_MES_ID","unit":"","val":"251.00"},{"fld":"YieldDay","unit":"Wh","val":"2062.00"},{"fld":"YieldTotal","unit":"kWh","val":"1201.65"},{"fld":"P_DC","unit":"W","val":"556.90"},{"fld":"Efficiency","unit":"%","val":"95.51"}]]}