{"inverter":[[{"fld":"U_DC","unit":"V","val":"32.10"},{"fld":"I_DC","unit":"A","val":"0.91"},{"fld":"P_DC","unit":"W","val":"29.30"},{"fld":"YieldDay","unit":"Wh","val":"126.00"},{"fld":"YieldTotal","unit":"kWh","val":"590.76"},{"fld":"Irradiation","unit":"%","val":"7.32"},{"fld":"U_DC","unit":"V","val":"32.30"},{"fld":"I_DC","unit":"A","val":"0.92"},{"fld":"P_DC","unit":"W","val":"29.80"},{"fld":"YieldDay","unit":"Wh","val":"129.00"},{"fld":"YieldTotal","unit":"kWh","val":"609.08"},{"fld":"Irradiation","unit":"%","val":"7.45"},{"fld":"U_AC","unit":"V","val":"230.00"},{"fld":"I_AC","unit":"A","val":"0.25"},{"fld":"P_AC","unit":"W","val":"56.40"},{"fld":"Q_AC","unit":"var","val":"0.00"},{"fld":"F_AC","unit":"Hz","val":"50.03"},{"fld":"PF_AC","unit":"","val":"1.00"},{"fld":"Temp","unit":"°C","val":"37.70"},{"fld":"ALARM_MES_ID","unit":"","val":"251.00"},{"fld":"YieldDay","unit":"Wh","val":"255.00"},{"fld":"YieldTotal","unit":"kWh","val":"1199.84"},{"fld":"P_DC","unit":"W","val":"59.10"},{"fld":"Efficiency","unit":"%","val":"95.43"}]]}