{"inverter":[[{"fld":"U_DC","unit":"V","val":"31.80"},{"fld":"I_DC","unit":"A","val":"2.00"},{"fld":"P_DC","unit":"W","val":"63.50"},{"fld":"YieldDay","unit":"Wh","val":"1324.00"},{"fld":"YieldTotal","unit":"kWh","val":"591.96"},{"fld":"Irradiation","unit":"%","val":"15.88"},{"fld":"U_DC","unit":"V","val":"29.70"},{"fld":"I_DC","unit":"A","val":"7.13"},{"fld":"P_DC","unit":"W","val":"211.30"},{"fld":"YieldDay","unit":"Wh","val":"1394.00"},{"fld":"YieldTotal","unit":"kWh","val":"610.34"},{"fld":"Irradiation","unit":"%","val":"52.82"},{"fld":"U_AC","unit":"V","val":"232.90"},{"fld":"I_AC","unit":"A","val":"1.13"},{"fld":"P_AC","unit":"W","val":"262.40"},{"fld":"Q_AC","unit":"var","val":"0.00"},{"fld":"F_AC","unit":"Hz","val":"49.97"},{"fld":"PF_AC","unit":"","val":"1.00"},{"fld":"Temp","unit":"°C","val":"59.00"},{"fld":"ALARM_MES_ID","unit":"","val":"251.00"},{"fld":"YieldDay","unit":"Wh","val":"2718.00"},{"fld":"YieldTotal","unit":"kWh","val":"1202.30"},{"fld":"P_DC","unit":"W","val":"274.80"},{"fld":"Efficiency","unit":"%","val":"95.49"}]]}