{"inverter":[[{"fld":"U_DC","unit":"V","val":"28.60"},{"fld":"I_DC","unit":"A","val":"9.65"},{"fld":"P_DC","unit":"W","val":"276.20"},{"fld":"YieldDay","unit":"Wh","val":"1055.00"},{"fld":"YieldTotal","unit":"kWh","val":"591.69"},{"fld":"Irradiation","unit":"%","val":"69.05"},{"fld":"U_DC","unit":"V","val":"29.00"},{"fld":"I_DC","unit":"A","val":"9.43"},{"fld":"P_DC","unit":"W","val":"273.20"},{"fld":"YieldDay","unit":"Wh","val":"1068.00"},{"fld":"YieldTotal","unit":"kWh","val":"610.02"},{"fld":"Irradiation","unit":"%","val":"68.30"},{"fld":"U_AC","unit":"V","val":"234.10"},{"fld":"I_AC","unit":"A","val":"2.24"},{"fld":"P_AC","unit":"W","val":"524.70"},{"fld":"Q_AC","unit":"var","val":"0.40"},{"fld":"F_AC","unit":"Hz","val":"50.05"},{"fld":"PF_AC","unit":"","val":"1.00"},{"fld":"Temp","unit":"°C","val":"64.60"},{"fld":"ALARM_MES_ID","unit":"","val":"251.00"},{"fld":"YieldDay","unit":"Wh","val":"2123.00"},{"fld":"YieldTotal","unit":"kWh","val":"1201.71"},{"fld":"P_DC","unit":"W","val":"549.40"},{"fld":"Efficiency","unit":"%","val":"95.50"}]]}