{"inverter":[[{"fld":"U_DC","unit":"V","val":"28.40"},{"fld":"I_DC","unit":"A","val":"10.37"},{"fld":"P_DC","unit":"W","val":"293.80"},{"fld":"YieldDay","unit":"Wh","val":"539.00"},{"fld":"YieldTotal","unit":"kWh","val":"591.17"},{"fld":"Irradiation","unit":"%","val":"73.45"},{"fld":"U_DC","unit":"V","val":"28.60"},{"fld":"I_DC","unit":"A","val":"10.24"},{"fld":"P_DC","unit":"W","val":"292.00"},{"fld":"YieldDay","unit":"Wh","val":"557.00"},{"fld":"YieldTotal","unit":"kWh","val":"609.51"},{"fld":"Irradiation","unit":"%","val":"73.00"},{"fld":"U_AC","unit":"V","val":"233.20"},{"fld":"I_AC","unit":"A","val":"2.40"},{"fld":"P_AC","unit":"W","val":"559.40"},{"fld":"Q_AC","unit":"var","val":"0.00"},{"fld":"F_AC","unit":"Hz","val":"50.01"},{"fld":"PF_AC","unit":"","val":"1.00"},{"fld":"Temp","unit":"°C","val":"61.10"},{"fld":"ALARM_MES_ID","unit":"","val":"251.00"},{"fld":"YieldDay","unit":"Wh","val":"1096.00"},{"fld":"YieldTotal","unit":"kWh","val":"1200.68"},{"fld":"P_DC","unit":"W","val":"585.80"},{"fld":"Efficiency","unit":"%","val":"95.49"}]]}