{"inverter":[[{"fld":"U_DC","unit":"V","val":"31.50"},{"fld":"I_DC","unit":"A","val":"1.85"},{"fld":"P_DC","unit":"W","val":"58.20"},{"fld":"YieldDay","unit":"Wh","val":"1349.00"},{"fld":"YieldTotal","unit":"kWh","val":"591.98"},{"fld":"Irradiation","unit":"%","val":"14.55"},{"fld":"U_DC","unit":"V","val":"30.00"},{"fld":"I_DC","unit":"A","val":"6.11"},{"fld":"P_DC","unit":"W","val":"183.30"},{"fld":"YieldDay","unit":"Wh","val":"1467.00"},{"fld":"YieldTotal","unit":"kWh","val":"610.42"},{"fld":"Irradiation","unit":"%","val":"45.83"},{"fld":"U_AC","unit":"V","val":"230.50"},{"fld":"I_AC","unit":"A","val":"1.00"},{"fld":"P_AC","unit":"W","val":"230.60"},{"fld":"Q_AC","unit":"var","val":"0.20"},{"fld":"F_AC","unit":"Hz","val":"50.02"},{"fld":"PF_AC","unit":"","val":"1.00"},{"fld":"Temp","unit":"°C","val":"52.60"},{"fld":"ALARM_MES_ID","unit":"","val":"251.00"},{"fld":"YieldDay","unit":"Wh","val":"2816.00"},{"fld":"YieldTotal","unit":"kWh","val":"1202.40"},{"fld":"P_DC","unit":"W","val":"241.50"},{"fld":"Efficiency","unit":"%","val":"95.49"}]]}