{"inverter":[[{"fld":"U_DC","unit":"V","val":"32.20"},{"fld":"I_DC","unit":"A","val":"2.46"},{"fld":"P_DC","unit":"W","val":"79.20"},{"fld":"YieldDay","unit":"Wh","val":"162.00"},{"fld":"YieldTotal","unit":"kWh","val":"604.09"},{"fld":"Irradiation","unit":"%","val":"19.80"},{"fld":"U_DC","unit":"V","val":"32.50"},{"fld":"I_DC","unit":"A","val":"2.52"},{"fld":"P_DC","unit":"W","val":"81.80"},{"fld":"YieldDay","unit":"Wh","val":"166.00"},{"fld":"YieldTotal","unit":"kWh","val":"624.08"},{"fld":"Irradiation","unit":"%","val":"20.45"},{"fld":"U_AC","unit":"V","val":"226.30"},{"fld":"I_AC","unit":"A","val":"0.68"},{"fld":"P_AC","unit":"W","val":"153.80"},{"fld":"Q_AC","unit":"var","val":"0.10"},{"fld":"F_AC","unit":"Hz","val":"49.99"},{"fld":"PF_AC","unit":"","val":"1.00"},{"fld":"Temp","unit":"°C","val":"30.40"},{"fld":"ALARM_MES_ID","unit":"","val":"262.00"},{"fld":"YieldDay","unit":"Wh","val":"328.00"},{"fld":"YieldTotal","unit":"kWh","val":"1228.17"},{"fld":"P_DC","unit":"W","val":"161.00"},{"fld":"Efficiency","unit":"%","val":"95.53"}]]}