{"inverter":[[{"fld":"U_DC","unit":"V","val":"28.40"},{"fld":"I_DC","unit":"A","val":"9.88"},{"fld":"P_DC","unit":"W","val":"279.90"},{"fld":"YieldDay","unit":"Wh","val":"999.00"},{"fld":"YieldTotal","unit":"kWh","val":"591.63"},{"fld":"Irradiation","unit":"%","val":"69.97"},{"fld":"U_DC","unit":"V","val":"28.40"},{"fld":"I_DC","unit":"A","val":"9.66"},{"fld":"P_DC","unit":"W","val":"274.40"},{"fld":"YieldDay","unit":"Wh","val":"1014.00"},{"fld":"YieldTotal","unit":"kWh","val":"609.96"},{"fld":"Irradiation","unit":"%","val":"68.60"},{"fld":"U_AC","unit":"V","val":"234.30"},{"fld":"I_AC","unit":"A","val":"2.26"},{"fld":"P_AC","unit":"W","val":"529.40"},{"fld":"Q_AC","unit":"var","val":"0.00"},{"fld":"F_AC","unit":"Hz","val":"50.02"},{"fld":"PF_AC","unit":"","val":"1.00"},{"fld":"Temp","unit":"°C","val":"65.50"},{"fld":"ALARM_MES_ID","unit":"","val":"251.00"},{"fld":"YieldDay","unit":"Wh","val":"2013.00"},{"fld":"YieldTotal","unit":"kWh","val":"1201.60"},{"fld":"P_DC","unit":"W","val":"554.30"},{"fld":"Efficiency","unit":"%","val":"95.51"}]]}