{"inverter":[[{"fld":"U_DC","unit":"V","val":"31.40"},{"fld":"I_DC","unit":"A","val":"1.62"},{"fld":"P_DC","unit":"W","val":"50.80"},{"fld":"YieldDay","unit":"Wh","val":"1392.00"},{"fld":"YieldTotal","unit":"kWh","val":"592.03"},{"fld":"Irradiation","unit":"%","val":"12.70"},{"fld":"U_DC","unit":"V","val":"30.10"},{"fld":"I_DC","unit":"A","val":"4.39"},{"fld":"P_DC","unit":"W","val":"132.30"},{"fld":"YieldDay","unit":"Wh","val":"1592.00"},{"fld":"YieldTotal","unit":"kWh","val":"610.54"},{"fld":"Irradiation","unit":"%","val":"33.08"},{"fld":"U_AC","unit":"V","val":"229.80"},{"fld":"I_AC","unit":"A","val":"0.76"},{"fld":"P_AC","unit":"W","val":"174.90"},{"fld":"Q_AC","unit":"var","val":"0.00"},{"fld":"F_AC","unit":"Hz","val":"50.01"},{"fld":"PF_AC","unit":"","val":"1.00"},{"fld":"Temp","unit":"°C","val":"51.30"},{"fld":"ALARM_MES_ID","unit":"","val":"251.00"},{"fld":"YieldDay","unit":"Wh","val":"2984.00"},{"fld":"YieldTotal","unit":"kWh","val":"1202.57"},{"fld":"P_DC","unit":"W","val":"183.10"},{"fld":"Efficiency","unit":"%","val":"95.52"}]]}