{"inverter":[[{"fld":"U_DC","unit":"V","val":"31.20"},{"fld":"I_DC","unit":"A","val":"1.79"},{"fld":"P_DC","unit":"W","val":"55.90"},{"fld":"YieldDay","unit":"Wh","val":"1361.00"},{"fld":"YieldTotal","unit":"kWh","val":"592.00"},{"fld":"Irradiation","unit":"%","val":"13.98"},{"fld":"U_DC","unit":"V","val":"29.60"},{"fld":"I_DC","unit":"A","val":"5.77"},{"fld":"P_DC","unit":"W","val":"171.00"},{"fld":"YieldDay","unit":"Wh","val":"1507.00"},{"fld":"YieldTotal","unit":"kWh","val":"610.46"},{"fld":"Irradiation","unit":"%","val":"42.75"},{"fld":"U_AC","unit":"V","val":"232.40"},{"fld":"I_AC","unit":"A","val":"0.93"},{"fld":"P_AC","unit":"W","val":"216.70"},{"fld":"Q_AC","unit":"var","val":"0.00"},{"fld":"F_AC","unit":"Hz","val":"50.02"},{"fld":"PF_AC","unit":"","val":"1.00"},{"fld":"Temp","unit":"°C","val":"52.80"},{"fld":"ALARM_MES_ID","unit":"","val":"251.00"},{"fld":"YieldDay","unit":"Wh","val":"2868.00"},{"fld":"YieldTotal","unit":"kWh","val":"1202.45"},{"fld":"P_DC","unit":"W","val":"226.90"},{"fld":"Efficiency","unit":"%","val":"95.50"}]]}