{"inverter":[[{"fld":"U_DC","unit":"V","val":"28.20"},{"fld":"I_DC","unit":"A","val":"10.20"},{"fld":"P_DC","unit":"W","val":"287.00"},{"fld":"YieldDay","unit":"Wh","val":"916.00"},{"fld":"YieldTotal","unit":"kWh","val":"591.55"},{"fld":"Irradiation","unit":"%","val":"71.75"},{"fld":"U_DC","unit":"V","val":"28.40"},{"fld":"I_DC","unit":"A","val":"9.99"},{"fld":"P_DC","unit":"W","val":"283.40"},{"fld":"YieldDay","unit":"Wh","val":"931.00"},{"fld":"YieldTotal","unit":"kWh","val":"609.88"},{"fld":"Irradiation","unit":"%","val":"70.85"},{"fld":"U_AC","unit":"V","val":"233.50"},{"fld":"I_AC","unit":"A","val":"2.34"},{"fld":"P_AC","unit":"W","val":"544.80"},{"fld":"Q_AC","unit":"var","val":"0.00"},{"fld":"F_AC","unit":"Hz","val":"50.02"},{"fld":"PF_AC","unit":"","val":"1.00"},{"fld":"Temp","unit":"°C","val":"64.80"},{"fld":"ALARM_MES_ID","unit":"","val":"251.00"},{"fld":"YieldDay","unit":"Wh","val":"1847.00"},{"fld":"YieldTotal","unit":"kWh","val":"1201.43"},{"fld":"P_DC","unit":"W","val":"570.40"},{"fld":"Efficiency","unit":"%","val":"95.51"}]]}