{"inverter":[[{"fld":"U_DC","unit":"V","val":"28.50"},{"fld":"I_DC","unit":"A","val":"9.45"},{"fld":"P_DC","unit":"W","val":"269.20"},{"fld":"YieldDay","unit":"Wh","val":"1085.00"},{"fld":"YieldTotal","unit":"kWh","val":"591.72"},{"fld":"Irradiation","unit":"%","val":"67.30"},{"fld":"U_DC","unit":"V","val":"28.90"},{"fld":"I_DC","unit":"A","val":"9.24"},{"fld":"P_DC","unit":"W","val":"266.40"},{"fld":"YieldDay","unit":"Wh","val":"1099.00"},{"fld":"YieldTotal","unit":"kWh","val":"610.05"},{"fld":"Irradiation","unit":"%","val":"66.60"},{"fld":"U_AC","unit":"V","val":"234.40"},{"fld":"I_AC","unit":"A","val":"2.18"},{"fld":"P_AC","unit":"W","val":"511.50"},{"fld":"Q_AC","unit":"var","val":"0.00"},{"fld":"F_AC","unit":"Hz","val":"50.03"},{"fld":"PF_AC","unit":"","val":"1.00"},{"fld":"Temp","unit":"°C","val":"64.20"},{"fld":"ALARM_MES_ID","unit":"","val":"251.00"},{"fld":"YieldDay","unit":"Wh","val":"2184.00"},{"fld":"YieldTotal","unit":"kWh","val":"1201.77"},{"fld":"P_DC","unit":"W","val":"535.60"},{"fld":"Efficiency","unit":"%","val":"95.50"}]]}