{"inverter":[[{"fld":"U_DC","unit":"V","val":"28.60"},{"fld":"I_DC","unit":"A","val":"0.77"},{"fld":"P_DC","unit":"W","val":"22.10"},{"fld":"YieldDay","unit":"Wh","val":"1337.00"},{"fld":"YieldTotal","unit":"kWh","val":"591.97"},{"fld":"Irradiation","unit":"%","val":"5.53"},{"fld":"U_DC","unit":"V","val":"28.60"},{"fld":"I_DC","unit":"A","val":"0.81"},{"fld":"P_DC","unit":"W","val":"23.30"},{"fld":"YieldDay","unit":"Wh","val":"1434.00"},{"fld":"YieldTotal","unit":"kWh","val":"610.38"},{"fld":"Irradiation","unit":"%","val":"5.82"},{"fld":"U_AC","unit":"V","val":"231.50"},{"fld":"I_AC","unit":"A","val":"0.19"},{"fld":"P_AC","unit":"W","val":"43.30"},{"fld":"Q_AC","unit":"var","val":"0.00"},{"fld":"F_AC","unit":"Hz","val":"49.99"},{"fld":"PF_AC","unit":"","val":"1.00"},{"fld":"Temp","unit":"°C","val":"55.30"},{"fld":"ALARM_MES_ID","unit":"","val":"251.00"},{"fld":"YieldDay","unit":"Wh","val":"2771.00"},{"fld":"YieldTotal","unit":"kWh","val":"1202.36"},{"fld":"P_DC","unit":"W","val":"45.40"},{"fld":"Efficiency","unit":"%","val":"95.37"}]]}