{"inverter":[[{"fld":"U_DC","unit":"V","val":"28.50"},{"fld":"I_DC","unit":"A","val":"0.84"},{"fld":"P_DC","unit":"W","val":"23.80"},{"fld":"YieldDay","unit":"Wh","val":"1336.00"},{"fld":"YieldTotal","unit":"kWh","val":"591.97"},{"fld":"Irradiation","unit":"%","val":"5.95"},{"fld":"U_DC","unit":"V","val":"27.70"},{"fld":"I_DC","unit":"A","val":"0.86"},{"fld":"P_DC","unit":"W","val":"23.80"},{"fld":"YieldDay","unit":"Wh","val":"1433.00"},{"fld":"YieldTotal","unit":"kWh","val":"610.38"},{"fld":"Irradiation","unit":"%","val":"5.95"},{"fld":"U_AC","unit":"V","val":"230.90"},{"fld":"I_AC","unit":"A","val":"0.20"},{"fld":"P_AC","unit":"W","val":"45.40"},{"fld":"Q_AC","unit":"var","val":"0.00"},{"fld":"F_AC","unit":"Hz","val":"49.98"},{"fld":"PF_AC","unit":"","val":"1.00"},{"fld":"Temp","unit":"°C","val":"56.10"},{"fld":"ALARM_MES_ID","unit":"","val":"251.00"},{"fld":"YieldDay","unit":"Wh","val":"2769.00"},{"fld":"YieldTotal","unit":"kWh","val":"1202.35"},{"fld":"P_DC","unit":"W","val":"47.60"},{"fld":"Efficiency","unit":"%","val":"95.38"}]]}