{"inverter":[[{"fld":"U_DC","unit":"V","val":"28.60"},{"fld":"I_DC","unit":"A","val":"8.95"},{"fld":"P_DC","unit":"W","val":"255.60"},{"fld":"YieldDay","unit":"Wh","val":"1193.00"},{"fld":"YieldTotal","unit":"kWh","val":"591.83"},{"fld":"Irradiation","unit":"%","val":"63.90"},{"fld":"U_DC","unit":"V","val":"28.80"},{"fld":"I_DC","unit":"A","val":"8.75"},{"fld":"P_DC","unit":"W","val":"252.00"},{"fld":"YieldDay","unit":"Wh","val":"1205.00"},{"fld":"YieldTotal","unit":"kWh","val":"610.16"},{"fld":"Irradiation","unit":"%","val":"63.00"},{"fld":"U_AC","unit":"V","val":"232.40"},{"fld":"I_AC","unit":"A","val":"2.09"},{"fld":"P_AC","unit":"W","val":"484.70"},{"fld":"Q_AC","unit":"var","val":"0.40"},{"fld":"F_AC","unit":"Hz","val":"49.99"},{"fld":"PF_AC","unit":"","val":"1.00"},{"fld":"Temp","unit":"°C","val":"65.00"},{"fld":"ALARM_MES_ID","unit":"","val":"251.00"},{"fld":"YieldDay","unit":"Wh","val":"2398.00"},{"fld":"YieldTotal","unit":"kWh","val":"1201.98"},{"fld":"P_DC","unit":"W","val":"507.60"},{"fld":"Efficiency","unit":"%","val":"95.49"}]]}