{"inverter":[[{"fld":"U_DC","unit":"V","val":"28.50"},{"fld":"I_DC","unit":"A","val":"10.01"},{"fld":"P_DC","unit":"W","val":"284.60"},{"fld":"YieldDay","unit":"Wh","val":"400.00"},{"fld":"YieldTotal","unit":"kWh","val":"591.03"},{"fld":"Irradiation","unit":"%","val":"71.15"},{"fld":"U_DC","unit":"V","val":"28.80"},{"fld":"I_DC","unit":"A","val":"9.84"},{"fld":"P_DC","unit":"W","val":"282.70"},{"fld":"YieldDay","unit":"Wh","val":"419.00"},{"fld":"YieldTotal","unit":"kWh","val":"609.37"},{"fld":"Irradiation","unit":"%","val":"70.68"},{"fld":"U_AC","unit":"V","val":"233.50"},{"fld":"I_AC","unit":"A","val":"2.32"},{"fld":"P_AC","unit":"W","val":"541.80"},{"fld":"Q_AC","unit":"var","val":"0.00"},{"fld":"F_AC","unit":"Hz","val":"50.00"},{"fld":"PF_AC","unit":"","val":"1.00"},{"fld":"Temp","unit":"°C","val":"58.80"},{"fld":"ALARM_MES_ID","unit":"","val":"251.00"},{"fld":"YieldDay","unit":"Wh","val":"819.00"},{"fld":"YieldTotal","unit":"kWh","val":"1200.40"},{"fld":"P_DC","unit":"W","val":"567.30"},{"fld":"Efficiency","unit":"%","val":"95.51"}]]}