{"inverter":[[{"fld":"U_DC","unit":"V","val":"28.70"},{"fld":"I_DC","unit":"A","val":"8.55"},{"fld":"P_DC","unit":"W","val":"245.00"},{"fld":"YieldDay","unit":"Wh","val":"1246.00"},{"fld":"YieldTotal","unit":"kWh","val":"591.88"},{"fld":"Irradiation","unit":"%","val":"61.25"},{"fld":"U_DC","unit":"V","val":"29.00"},{"fld":"I_DC","unit":"A","val":"8.35"},{"fld":"P_DC","unit":"W","val":"241.70"},{"fld":"YieldDay","unit":"Wh","val":"1257.00"},{"fld":"YieldTotal","unit":"kWh","val":"610.21"},{"fld":"Irradiation","unit":"%","val":"60.43"},{"fld":"U_AC","unit":"V","val":"231.40"},{"fld":"I_AC","unit":"A","val":"2.01"},{"fld":"P_AC","unit":"W","val":"464.70"},{"fld":"Q_AC","unit":"var","val":"0.00"},{"fld":"F_AC","unit":"Hz","val":"49.98"},{"fld":"PF_AC","unit":"","val":"1.00"},{"fld":"Temp","unit":"°C","val":"64.10"},{"fld":"ALARM_MES_ID","unit":"","val":"251.00"},{"fld":"YieldDay","unit":"Wh","val":"2503.00"},{"fld":"YieldTotal","unit":"kWh","val":"1202.09"},{"fld":"P_DC","unit":"W","val":"486.70"},{"fld":"Efficiency","unit":"%","val":"95.48"}]]}