{"inverter":[[{"fld":"U_DC","unit":"V","val":"28.20"},{"fld":"I_DC","unit":"A","val":"10.36"},{"fld":"P_DC","unit":"W","val":"292.20"},{"fld":"YieldDay","unit":"Wh","val":"773.00"},{"fld":"YieldTotal","unit":"kWh","val":"591.41"},{"fld":"Irradiation","unit":"%","val":"73.05"},{"fld":"U_DC","unit":"V","val":"28.60"},{"fld":"I_DC","unit":"A","val":"10.16"},{"fld":"P_DC","unit":"W","val":"289.90"},{"fld":"YieldDay","unit":"Wh","val":"790.00"},{"fld":"YieldTotal","unit":"kWh","val":"609.74"},{"fld":"Irradiation","unit":"%","val":"72.47"},{"fld":"U_AC","unit":"V","val":"232.40"},{"fld":"I_AC","unit":"A","val":"2.39"},{"fld":"P_AC","unit":"W","val":"555.90"},{"fld":"Q_AC","unit":"var","val":"0.50"},{"fld":"F_AC","unit":"Hz","val":"50.04"},{"fld":"PF_AC","unit":"","val":"1.00"},{"fld":"Temp","unit":"°C","val":"63.20"},{"fld":"ALARM_MES_ID","unit":"","val":"251.00"},{"fld":"YieldDay","unit":"Wh","val":"1563.00"},{"fld":"YieldTotal","unit":"kWh","val":"1201.15"},{"fld":"P_DC","unit":"W","val":"582.10"},{"fld":"Efficiency","unit":"%","val":"95.50"}]]}