{"inverter":[[{"fld":"U_DC","unit":"V","val":"31.30"},{"fld":"I_DC","unit":"A","val":"1.66"},{"fld":"P_DC","unit":"W","val":"52.10"},{"fld":"YieldDay","unit":"Wh","val":"1387.00"},{"fld":"YieldTotal","unit":"kWh","val":"592.02"},{"fld":"Irradiation","unit":"%","val":"13.02"},{"fld":"U_DC","unit":"V","val":"30.10"},{"fld":"I_DC","unit":"A","val":"4.66"},{"fld":"P_DC","unit":"W","val":"140.30"},{"fld":"YieldDay","unit":"Wh","val":"1579.00"},{"fld":"YieldTotal","unit":"kWh","val":"610.53"},{"fld":"Irradiation","unit":"%","val":"35.08"},{"fld":"U_AC","unit":"V","val":"228.40"},{"fld":"I_AC","unit":"A","val":"0.80"},{"fld":"P_AC","unit":"W","val":"183.80"},{"fld":"Q_AC","unit":"var","val":"0.20"},{"fld":"F_AC","unit":"Hz","val":"49.97"},{"fld":"PF_AC","unit":"","val":"1.00"},{"fld":"Temp","unit":"°C","val":"51.30"},{"fld":"ALARM_MES_ID","unit":"","val":"251.00"},{"fld":"YieldDay","unit":"Wh","val":"2966.00"},{"fld":"YieldTotal","unit":"kWh","val":"1202.55"},{"fld":"P_DC","unit":"W","val":"192.40"},{"fld":"Efficiency","unit":"%","val":"95.53"}]]}