{"inverter":[[{"fld":"U_DC","unit":"V","val":"31.30"},{"fld":"I_DC","unit":"A","val":"1.66"},{"fld":"P_DC","unit":"W","val":"52.00"},{"fld":"YieldDay","unit":"Wh","val":"1379.00"},{"fld":"YieldTotal","unit":"kWh","val":"592.01"},{"fld":"Irradiation","unit":"%","val":"13.00"},{"fld":"U_DC","unit":"V","val":"30.20"},{"fld":"I_DC","unit":"A","val":"4.81"},{"fld":"P_DC","unit":"W","val":"145.00"},{"fld":"YieldDay","unit":"Wh","val":"1558.00"},{"fld":"YieldTotal","unit":"kWh","val":"610.51"},{"fld":"Irradiation","unit":"%","val":"36.25"},{"fld":"U_AC","unit":"V","val":"228.80"},{"fld":"I_AC","unit":"A","val":"0.82"},{"fld":"P_AC","unit":"W","val":"188.10"},{"fld":"Q_AC","unit":"var","val":"0.00"},{"fld":"F_AC","unit":"Hz","val":"50.00"},{"fld":"PF_AC","unit":"","val":"1.00"},{"fld":"Temp","unit":"°C","val":"51.20"},{"fld":"ALARM_MES_ID","unit":"","val":"251.00"},{"fld":"YieldDay","unit":"Wh","val":"2937.00"},{"fld":"YieldTotal","unit":"kWh","val":"1202.52"},{"fld":"P_DC","unit":"W","val":"197.00"},{"fld":"Efficiency","unit":"%","val":"95.48"}]]}