{"inverter":[[{"fld":"U_DC","unit":"V","val":"28.30"},{"fld":"I_DC","unit":"A","val":"10.34"},{"fld":"P_DC","unit":"W","val":"292.70"},{"fld":"YieldDay","unit":"Wh","val":"684.00"},{"fld":"YieldTotal","unit":"kWh","val":"591.32"},{"fld":"Irradiation","unit":"%","val":"73.18"},{"fld":"U_DC","unit":"V","val":"28.60"},{"fld":"I_DC","unit":"A","val":"10.19"},{"fld":"P_DC","unit":"W","val":"291.30"},{"fld":"YieldDay","unit":"Wh","val":"701.00"},{"fld":"YieldTotal","unit":"kWh","val":"609.65"},{"fld":"Irradiation","unit":"%","val":"72.82"},{"fld":"U_AC","unit":"V","val":"234.80"},{"fld":"I_AC","unit":"A","val":"2.37"},{"fld":"P_AC","unit":"W","val":"557.70"},{"fld":"Q_AC","unit":"var","val":"0.20"},{"fld":"F_AC","unit":"Hz","val":"50.03"},{"fld":"PF_AC","unit":"","val":"1.00"},{"fld":"Temp","unit":"°C","val":"62.90"},{"fld":"ALARM_MES_ID","unit":"","val":"251.00"},{"fld":"YieldDay","unit":"Wh","val":"1385.00"},{"fld":"YieldTotal","unit":"kWh","val":"1200.97"},{"fld":"P_DC","unit":"W","val":"584.00"},{"fld":"Efficiency","unit":"%","val":"95.50"}]]}