{"inverter":[[{"fld":"U_DC","unit":"V","val":"26.10"},{"fld":"I_DC","unit":"A","val":"0.05"},{"fld":"P_DC","unit":"W","val":"1.30"},{"fld":"YieldDay","unit":"Wh","val":"1584.00"},{"fld":"YieldTotal","unit":"kWh","val":"595.33"},{"fld":"Irradiation","unit":"%","val":"0.32"},{"fld":"U_DC","unit":"V","val":"26.50"},{"fld":"I_DC","unit":"A","val":"0.05"},{"fld":"P_DC","unit":"W","val":"1.30"},{"fld":"YieldDay","unit":"Wh","val":"1874.00"},{"fld":"YieldTotal","unit":"kWh","val":"614.49"},{"fld":"Irradiation","unit":"%","val":"0.32"},{"fld":"U_AC","unit":"V","val":"229.40"},{"fld":"I_AC","unit":"A","val":"0.01"},{"fld":"P_AC","unit":"W","val":"2.50"},{"fld":"Q_AC","unit":"var","val":"0.00"},{"fld":"F_AC","unit":"Hz","val":"50.03"},{"fld":"PF_AC","unit":"","val":"1.00"},{"fld":"Temp","unit":"°C","val":"27.90"},{"fld":"ALARM_MES_ID","unit":"","val":"253.00"},{"fld":"YieldDay","unit":"Wh","val":"3458.00"},{"fld":"YieldTotal","unit":"kWh","val":"1209.82"},{"fld":"P_DC","unit":"W","val":"2.60"},{"fld":"Efficiency","unit":"%","val":"96.15"}]]}