{"inverter":[[{"fld":"U_DC","unit":"V","val":"28.70"},{"fld":"I_DC","unit":"A","val":"8.65"},{"fld":"P_DC","unit":"W","val":"247.80"},{"fld":"YieldDay","unit":"Wh","val":"1238.00"},{"fld":"YieldTotal","unit":"kWh","val":"591.87"},{"fld":"Irradiation","unit":"%","val":"61.95"},{"fld":"U_DC","unit":"V","val":"28.90"},{"fld":"I_DC","unit":"A","val":"8.46"},{"fld":"P_DC","unit":"W","val":"244.60"},{"fld":"YieldDay","unit":"Wh","val":"1249.00"},{"fld":"YieldTotal","unit":"kWh","val":"610.20"},{"fld":"Irradiation","unit":"%","val":"61.15"},{"fld":"U_AC","unit":"V","val":"231.50"},{"fld":"I_AC","unit":"A","val":"2.03"},{"fld":"P_AC","unit":"W","val":"470.30"},{"fld":"Q_AC","unit":"var","val":"0.40"},{"fld":"F_AC","unit":"Hz","val":"49.99"},{"fld":"PF_AC","unit":"","val":"1.00"},{"fld":"Temp","unit":"°C","val":"64.30"},{"fld":"ALARM_MES_ID","unit":"","val":"251.00"},{"fld":"YieldDay","unit":"Wh","val":"2487.00"},{"fld":"YieldTotal","unit":"kWh","val":"1202.07"},{"fld":"P_DC","unit":"W","val":"492.40"},{"fld":"Efficiency","unit":"%","val":"95.51"}]]}