{"inverter":[[{"fld":"U_DC","unit":"V","val":"28.30"},{"fld":"I_DC","unit":"A","val":"9.18"},{"fld":"P_DC","unit":"W","val":"259.40"},{"fld":"YieldDay","unit":"Wh","val":"1132.00"},{"fld":"YieldTotal","unit":"kWh","val":"591.77"},{"fld":"Irradiation","unit":"%","val":"64.85"},{"fld":"U_DC","unit":"V","val":"28.60"},{"fld":"I_DC","unit":"A","val":"8.96"},{"fld":"P_DC","unit":"W","val":"255.60"},{"fld":"YieldDay","unit":"Wh","val":"1145.00"},{"fld":"YieldTotal","unit":"kWh","val":"610.09"},{"fld":"Irradiation","unit":"%","val":"63.90"},{"fld":"U_AC","unit":"V","val":"234.90"},{"fld":"I_AC","unit":"A","val":"2.09"},{"fld":"P_AC","unit":"W","val":"491.90"},{"fld":"Q_AC","unit":"var","val":"0.00"},{"fld":"F_AC","unit":"Hz","val":"50.00"},{"fld":"PF_AC","unit":"","val":"1.00"},{"fld":"Temp","unit":"°C","val":"64.70"},{"fld":"ALARM_MES_ID","unit":"","val":"251.00"},{"fld":"YieldDay","unit":"Wh","val":"2277.00"},{"fld":"YieldTotal","unit":"kWh","val":"1201.86"},{"fld":"P_DC","unit":"W","val":"515.00"},{"fld":"Efficiency","unit":"%","val":"95.51"}]]}