{"inverter":[[{"fld":"U_DC","unit":"V","val":"28.40"},{"fld":"I_DC","unit":"A","val":"10.33"},{"fld":"P_DC","unit":"W","val":"293.20"},{"fld":"YieldDay","unit":"Wh","val":"590.00"},{"fld":"YieldTotal","unit":"kWh","val":"591.22"},{"fld":"Irradiation","unit":"%","val":"73.30"},{"fld":"U_DC","unit":"V","val":"28.70"},{"fld":"I_DC","unit":"A","val":"10.20"},{"fld":"P_DC","unit":"W","val":"292.10"},{"fld":"YieldDay","unit":"Wh","val":"608.00"},{"fld":"YieldTotal","unit":"kWh","val":"609.56"},{"fld":"Irradiation","unit":"%","val":"73.03"},{"fld":"U_AC","unit":"V","val":"234.40"},{"fld":"I_AC","unit":"A","val":"2.39"},{"fld":"P_AC","unit":"W","val":"558.90"},{"fld":"Q_AC","unit":"var","val":"0.10"},{"fld":"F_AC","unit":"Hz","val":"50.01"},{"fld":"PF_AC","unit":"","val":"1.00"},{"fld":"Temp","unit":"°C","val":"62.40"},{"fld":"ALARM_MES_ID","unit":"","val":"251.00"},{"fld":"YieldDay","unit":"Wh","val":"1198.00"},{"fld":"YieldTotal","unit":"kWh","val":"1200.78"},{"fld":"P_DC","unit":"W","val":"585.30"},{"fld":"Efficiency","unit":"%","val":"95.49"}]]}