{"inverter":[[{"fld":"U_DC","unit":"V","val":"28.40"},{"fld":"I_DC","unit":"A","val":"10.35"},{"fld":"P_DC","unit":"W","val":"293.00"},{"fld":"YieldDay","unit":"Wh","val":"731.00"},{"fld":"YieldTotal","unit":"kWh","val":"591.37"},{"fld":"Irradiation","unit":"%","val":"73.25"},{"fld":"U_DC","unit":"V","val":"28.50"},{"fld":"I_DC","unit":"A","val":"10.21"},{"fld":"P_DC","unit":"W","val":"290.80"},{"fld":"YieldDay","unit":"Wh","val":"748.00"},{"fld":"YieldTotal","unit":"kWh","val":"609.70"},{"fld":"Irradiation","unit":"%","val":"72.70"},{"fld":"U_AC","unit":"V","val":"232.00"},{"fld":"I_AC","unit":"A","val":"2.40"},{"fld":"P_AC","unit":"W","val":"557.50"},{"fld":"Q_AC","unit":"var","val":"0.00"},{"fld":"F_AC","unit":"Hz","val":"50.00"},{"fld":"PF_AC","unit":"","val":"1.00"},{"fld":"Temp","unit":"°C","val":"62.70"},{"fld":"ALARM_MES_ID","unit":"","val":"251.00"},{"fld":"YieldDay","unit":"Wh","val":"1479.00"},{"fld":"YieldTotal","unit":"kWh","val":"1201.06"},{"fld":"P_DC","unit":"W","val":"583.80"},{"fld":"Efficiency","unit":"%","val":"95.50"}]]}