{"inverter":[[{"fld":"U_DC","unit":"V","val":"28.30"},{"fld":"I_DC","unit":"A","val":"10.33"},{"fld":"P_DC","unit":"W","val":"291.70"},{"fld":"YieldDay","unit":"Wh","val":"679.00"},{"fld":"YieldTotal","unit":"kWh","val":"591.31"},{"fld":"Irradiation","unit":"%","val":"72.93"},{"fld":"U_DC","unit":"V","val":"28.60"},{"fld":"I_DC","unit":"A","val":"10.18"},{"fld":"P_DC","unit":"W","val":"290.70"},{"fld":"YieldDay","unit":"Wh","val":"697.00"},{"fld":"YieldTotal","unit":"kWh","val":"609.65"},{"fld":"Irradiation","unit":"%","val":"72.68"},{"fld":"U_AC","unit":"V","val":"234.70"},{"fld":"I_AC","unit":"A","val":"2.37"},{"fld":"P_AC","unit":"W","val":"556.20"},{"fld":"Q_AC","unit":"var","val":"0.00"},{"fld":"F_AC","unit":"Hz","val":"50.02"},{"fld":"PF_AC","unit":"","val":"1.00"},{"fld":"Temp","unit":"°C","val":"62.90"},{"fld":"ALARM_MES_ID","unit":"","val":"251.00"},{"fld":"YieldDay","unit":"Wh","val":"1376.00"},{"fld":"YieldTotal","unit":"kWh","val":"1200.96"},{"fld":"P_DC","unit":"W","val":"582.40"},{"fld":"Efficiency","unit":"%","val":"95.50"}]]}