{"inverter":[[{"fld":"U_DC","unit":"V","val":"28.40"},{"fld":"I_DC","unit":"A","val":"10.13"},{"fld":"P_DC","unit":"W","val":"287.40"},{"fld":"YieldDay","unit":"Wh","val":"441.00"},{"fld":"YieldTotal","unit":"kWh","val":"591.08"},{"fld":"Irradiation","unit":"%","val":"71.85"},{"fld":"U_DC","unit":"V","val":"28.70"},{"fld":"I_DC","unit":"A","val":"9.95"},{"fld":"P_DC","unit":"W","val":"285.20"},{"fld":"YieldDay","unit":"Wh","val":"460.00"},{"fld":"YieldTotal","unit":"kWh","val":"609.41"},{"fld":"Irradiation","unit":"%","val":"71.30"},{"fld":"U_AC","unit":"V","val":"233.50"},{"fld":"I_AC","unit":"A","val":"2.34"},{"fld":"P_AC","unit":"W","val":"546.70"},{"fld":"Q_AC","unit":"var","val":"0.00"},{"fld":"F_AC","unit":"Hz","val":"50.01"},{"fld":"PF_AC","unit":"","val":"1.00"},{"fld":"Temp","unit":"°C","val":"60.30"},{"fld":"ALARM_MES_ID","unit":"","val":"251.00"},{"fld":"YieldDay","unit":"Wh","val":"901.00"},{"fld":"YieldTotal","unit":"kWh","val":"1200.49"},{"fld":"P_DC","unit":"W","val":"572.60"},{"fld":"Efficiency","unit":"%","val":"95.48"}]]}