{"inverter":[[{"fld":"U_DC","unit":"V","val":"28.20"},{"fld":"I_DC","unit":"A","val":"10.34"},{"fld":"P_DC","unit":"W","val":"291.30"},{"fld":"YieldDay","unit":"Wh","val":"576.00"},{"fld":"YieldTotal","unit":"kWh","val":"591.21"},{"fld":"Irradiation","unit":"%","val":"72.82"},{"fld":"U_DC","unit":"V","val":"28.60"},{"fld":"I_DC","unit":"A","val":"10.18"},{"fld":"P_DC","unit":"W","val":"290.40"},{"fld":"YieldDay","unit":"Wh","val":"594.00"},{"fld":"YieldTotal","unit":"kWh","val":"609.54"},{"fld":"Irradiation","unit":"%","val":"72.60"},{"fld":"U_AC","unit":"V","val":"234.40"},{"fld":"I_AC","unit":"A","val":"2.37"},{"fld":"P_AC","unit":"W","val":"555.50"},{"fld":"Q_AC","unit":"var","val":"0.50"},{"fld":"F_AC","unit":"Hz","val":"50.04"},{"fld":"PF_AC","unit":"","val":"1.00"},{"fld":"Temp","unit":"°C","val":"62.20"},{"fld":"ALARM_MES_ID","unit":"","val":"251.00"},{"fld":"YieldDay","unit":"Wh","val":"1170.00"},{"fld":"YieldTotal","unit":"kWh","val":"1200.76"},{"fld":"P_DC","unit":"W","val":"581.70"},{"fld":"Efficiency","unit":"%","val":"95.50"}]]}