{"inverter":[[{"fld":"U_DC","unit":"V","val":"31.20"},{"fld":"I_DC","unit":"A","val":"1.76"},{"fld":"P_DC","unit":"W","val":"54.90"},{"fld":"YieldDay","unit":"Wh","val":"1364.00"},{"fld":"YieldTotal","unit":"kWh","val":"592.00"},{"fld":"Irradiation","unit":"%","val":"13.73"},{"fld":"U_DC","unit":"V","val":"29.70"},{"fld":"I_DC","unit":"A","val":"5.58"},{"fld":"P_DC","unit":"W","val":"165.40"},{"fld":"YieldDay","unit":"Wh","val":"1515.00"},{"fld":"YieldTotal","unit":"kWh","val":"610.47"},{"fld":"Irradiation","unit":"%","val":"41.35"},{"fld":"U_AC","unit":"V","val":"232.70"},{"fld":"I_AC","unit":"A","val":"0.90"},{"fld":"P_AC","unit":"W","val":"210.30"},{"fld":"Q_AC","unit":"var","val":"0.20"},{"fld":"F_AC","unit":"Hz","val":"50.05"},{"fld":"PF_AC","unit":"","val":"1.00"},{"fld":"Temp","unit":"°C","val":"52.80"},{"fld":"ALARM_MES_ID","unit":"","val":"251.00"},{"fld":"YieldDay","unit":"Wh","val":"2879.00"},{"fld":"YieldTotal","unit":"kWh","val":"1202.46"},{"fld":"P_DC","unit":"W","val":"220.30"},{"fld":"Efficiency","unit":"%","val":"95.46"}]]}