{"inverter":[[{"fld":"U_DC","unit":"V","val":"31.30"},{"fld":"I_DC","unit":"A","val":"1.67"},{"fld":"P_DC","unit":"W","val":"52.30"},{"fld":"YieldDay","unit":"Wh","val":"1374.00"},{"fld":"YieldTotal","unit":"kWh","val":"592.01"},{"fld":"Irradiation","unit":"%","val":"13.07"},{"fld":"U_DC","unit":"V","val":"30.10"},{"fld":"I_DC","unit":"A","val":"4.99"},{"fld":"P_DC","unit":"W","val":"150.00"},{"fld":"YieldDay","unit":"Wh","val":"1545.00"},{"fld":"YieldTotal","unit":"kWh","val":"610.49"},{"fld":"Irradiation","unit":"%","val":"37.50"},{"fld":"U_AC","unit":"V","val":"233.70"},{"fld":"I_AC","unit":"A","val":"0.83"},{"fld":"P_AC","unit":"W","val":"193.20"},{"fld":"Q_AC","unit":"var","val":"0.20"},{"fld":"F_AC","unit":"Hz","val":"50.00"},{"fld":"PF_AC","unit":"","val":"1.00"},{"fld":"Temp","unit":"°C","val":"52.00"},{"fld":"ALARM_MES_ID","unit":"","val":"251.00"},{"fld":"YieldDay","unit":"Wh","val":"2919.00"},{"fld":"YieldTotal","unit":"kWh","val":"1202.50"},{"fld":"P_DC","unit":"W","val":"202.30"},{"fld":"Efficiency","unit":"%","val":"95.50"}]]}