{"inverter":[[{"fld":"U_DC","unit":"V","val":"31.30"},{"fld":"I_DC","unit":"A","val":"1.84"},{"fld":"P_DC","unit":"W","val":"57.60"},{"fld":"YieldDay","unit":"Wh","val":"1354.00"},{"fld":"YieldTotal","unit":"kWh","val":"591.99"},{"fld":"Irradiation","unit":"%","val":"14.40"},{"fld":"U_DC","unit":"V","val":"29.70"},{"fld":"I_DC","unit":"A","val":"6.04"},{"fld":"P_DC","unit":"W","val":"179.70"},{"fld":"YieldDay","unit":"Wh","val":"1484.00"},{"fld":"YieldTotal","unit":"kWh","val":"610.43"},{"fld":"Irradiation","unit":"%","val":"44.92"},{"fld":"U_AC","unit":"V","val":"231.10"},{"fld":"I_AC","unit":"A","val":"0.98"},{"fld":"P_AC","unit":"W","val":"226.60"},{"fld":"Q_AC","unit":"var","val":"0.00"},{"fld":"F_AC","unit":"Hz","val":"50.11"},{"fld":"PF_AC","unit":"","val":"1.00"},{"fld":"Temp","unit":"°C","val":"52.40"},{"fld":"ALARM_MES_ID","unit":"","val":"251.00"},{"fld":"YieldDay","unit":"Wh","val":"2838.00"},{"fld":"YieldTotal","unit":"kWh","val":"1202.42"},{"fld":"P_DC","unit":"W","val":"237.30"},{"fld":"Efficiency","unit":"%","val":"95.49"}]]}