{"inverter":[[{"fld":"U_DC","unit":"V","val":"28.50"},{"fld":"I_DC","unit":"A","val":"8.97"},{"fld":"P_DC","unit":"W","val":"255.80"},{"fld":"YieldDay","unit":"Wh","val":"1189.00"},{"fld":"YieldTotal","unit":"kWh","val":"591.82"},{"fld":"Irradiation","unit":"%","val":"63.95"},{"fld":"U_DC","unit":"V","val":"28.80"},{"fld":"I_DC","unit":"A","val":"8.76"},{"fld":"P_DC","unit":"W","val":"252.20"},{"fld":"YieldDay","unit":"Wh","val":"1201.00"},{"fld":"YieldTotal","unit":"kWh","val":"610.15"},{"fld":"Irradiation","unit":"%","val":"63.05"},{"fld":"U_AC","unit":"V","val":"232.30"},{"fld":"I_AC","unit":"A","val":"2.09"},{"fld":"P_AC","unit":"W","val":"485.10"},{"fld":"Q_AC","unit":"var","val":"0.00"},{"fld":"F_AC","unit":"Hz","val":"50.00"},{"fld":"PF_AC","unit":"","val":"1.00"},{"fld":"Temp","unit":"°C","val":"65.00"},{"fld":"ALARM_MES_ID","unit":"","val":"251.00"},{"fld":"YieldDay","unit":"Wh","val":"2390.00"},{"fld":"YieldTotal","unit":"kWh","val":"1201.97"},{"fld":"P_DC","unit":"W","val":"508.00"},{"fld":"Efficiency","unit":"%","val":"95.49"}]]}