{"inverter":[[{"fld":"U_DC","unit":"V","val":"28.40"},{"fld":"I_DC","unit":"A","val":"10.22"},{"fld":"P_DC","unit":"W","val":"289.30"},{"fld":"YieldDay","unit":"Wh","val":"882.00"},{"fld":"YieldTotal","unit":"kWh","val":"591.52"},{"fld":"Irradiation","unit":"%","val":"72.32"},{"fld":"U_DC","unit":"V","val":"28.60"},{"fld":"I_DC","unit":"A","val":"10.01"},{"fld":"P_DC","unit":"W","val":"285.50"},{"fld":"YieldDay","unit":"Wh","val":"897.00"},{"fld":"YieldTotal","unit":"kWh","val":"609.85"},{"fld":"Irradiation","unit":"%","val":"71.38"},{"fld":"U_AC","unit":"V","val":"233.40"},{"fld":"I_AC","unit":"A","val":"2.35"},{"fld":"P_AC","unit":"W","val":"549.00"},{"fld":"Q_AC","unit":"var","val":"0.50"},{"fld":"F_AC","unit":"Hz","val":"50.00"},{"fld":"PF_AC","unit":"","val":"1.00"},{"fld":"Temp","unit":"°C","val":"64.20"},{"fld":"ALARM_MES_ID","unit":"","val":"251.00"},{"fld":"YieldDay","unit":"Wh","val":"1779.00"},{"fld":"YieldTotal","unit":"kWh","val":"1201.36"},{"fld":"P_DC","unit":"W","val":"574.80"},{"fld":"Efficiency","unit":"%","val":"95.51"}]]}