{"inverter":[[{"fld":"U_DC","unit":"V","val":"31.40"},{"fld":"I_DC","unit":"A","val":"1.58"},{"fld":"P_DC","unit":"W","val":"49.50"},{"fld":"YieldDay","unit":"Wh","val":"1396.00"},{"fld":"YieldTotal","unit":"kWh","val":"592.03"},{"fld":"Irradiation","unit":"%","val":"12.38"},{"fld":"U_DC","unit":"V","val":"30.10"},{"fld":"I_DC","unit":"A","val":"4.13"},{"fld":"P_DC","unit":"W","val":"124.40"},{"fld":"YieldDay","unit":"Wh","val":"1604.00"},{"fld":"YieldTotal","unit":"kWh","val":"610.55"},{"fld":"Irradiation","unit":"%","val":"31.10"},{"fld":"U_AC","unit":"V","val":"230.30"},{"fld":"I_AC","unit":"A","val":"0.72"},{"fld":"P_AC","unit":"W","val":"166.10"},{"fld":"Q_AC","unit":"var","val":"0.10"},{"fld":"F_AC","unit":"Hz","val":"49.99"},{"fld":"PF_AC","unit":"","val":"1.00"},{"fld":"Temp","unit":"°C","val":"51.10"},{"fld":"ALARM_MES_ID","unit":"","val":"251.00"},{"fld":"YieldDay","unit":"Wh","val":"3000.00"},{"fld":"YieldTotal","unit":"kWh","val":"1202.58"},{"fld":"P_DC","unit":"W","val":"173.90"},{"fld":"Efficiency","unit":"%","val":"95.51"}]]}