{"inverter":[[{"fld":"U_DC","unit":"V","val":"28.40"},{"fld":"I_DC","unit":"A","val":"10.40"},{"fld":"P_DC","unit":"W","val":"295.10"},{"fld":"YieldDay","unit":"Wh","val":"698.00"},{"fld":"YieldTotal","unit":"kWh","val":"591.33"},{"fld":"Irradiation","unit":"%","val":"73.78"},{"fld":"U_DC","unit":"V","val":"28.70"},{"fld":"I_DC","unit":"A","val":"10.23"},{"fld":"P_DC","unit":"W","val":"293.00"},{"fld":"YieldDay","unit":"Wh","val":"715.00"},{"fld":"YieldTotal","unit":"kWh","val":"609.66"},{"fld":"Irradiation","unit":"%","val":"73.25"},{"fld":"U_AC","unit":"V","val":"233.20"},{"fld":"I_AC","unit":"A","val":"2.41"},{"fld":"P_AC","unit":"W","val":"561.60"},{"fld":"Q_AC","unit":"var","val":"0.00"},{"fld":"F_AC","unit":"Hz","val":"50.01"},{"fld":"PF_AC","unit":"","val":"1.00"},{"fld":"Temp","unit":"°C","val":"63.00"},{"fld":"ALARM_MES_ID","unit":"","val":"251.00"},{"fld":"YieldDay","unit":"Wh","val":"1413.00"},{"fld":"YieldTotal","unit":"kWh","val":"1201.00"},{"fld":"P_DC","unit":"W","val":"588.10"},{"fld":"Efficiency","unit":"%","val":"95.49"}]]}