{"inverter":[[{"fld":"U_DC","unit":"V","val":"28.20"},{"fld":"I_DC","unit":"A","val":"10.33"},{"fld":"P_DC","unit":"W","val":"291.20"},{"fld":"YieldDay","unit":"Wh","val":"581.00"},{"fld":"YieldTotal","unit":"kWh","val":"591.22"},{"fld":"Irradiation","unit":"%","val":"72.80"},{"fld":"U_DC","unit":"V","val":"28.50"},{"fld":"I_DC","unit":"A","val":"10.18"},{"fld":"P_DC","unit":"W","val":"290.30"},{"fld":"YieldDay","unit":"Wh","val":"599.00"},{"fld":"YieldTotal","unit":"kWh","val":"609.55"},{"fld":"Irradiation","unit":"%","val":"72.57"},{"fld":"U_AC","unit":"V","val":"235.00"},{"fld":"I_AC","unit":"A","val":"2.36"},{"fld":"P_AC","unit":"W","val":"555.30"},{"fld":"Q_AC","unit":"var","val":"0.00"},{"fld":"F_AC","unit":"Hz","val":"50.03"},{"fld":"PF_AC","unit":"","val":"1.00"},{"fld":"Temp","unit":"°C","val":"62.30"},{"fld":"ALARM_MES_ID","unit":"","val":"251.00"},{"fld":"YieldDay","unit":"Wh","val":"1180.00"},{"fld":"YieldTotal","unit":"kWh","val":"1200.77"},{"fld":"P_DC","unit":"W","val":"581.50"},{"fld":"Efficiency","unit":"%","val":"95.49"}]]}