{"inverter":[[{"fld":"U_DC","unit":"V","val":"28.60"},{"fld":"I_DC","unit":"A","val":"9.90"},{"fld":"P_DC","unit":"W","val":"282.40"},{"fld":"YieldDay","unit":"Wh","val":"328.00"},{"fld":"YieldTotal","unit":"kWh","val":"590.96"},{"fld":"Irradiation","unit":"%","val":"70.60"},{"fld":"U_DC","unit":"V","val":"28.90"},{"fld":"I_DC","unit":"A","val":"9.73"},{"fld":"P_DC","unit":"W","val":"280.70"},{"fld":"YieldDay","unit":"Wh","val":"348.00"},{"fld":"YieldTotal","unit":"kWh","val":"609.30"},{"fld":"Irradiation","unit":"%","val":"70.18"},{"fld":"U_AC","unit":"V","val":"232.10"},{"fld":"I_AC","unit":"A","val":"2.32"},{"fld":"P_AC","unit":"W","val":"537.80"},{"fld":"Q_AC","unit":"var","val":"0.00"},{"fld":"F_AC","unit":"Hz","val":"49.99"},{"fld":"PF_AC","unit":"","val":"1.00"},{"fld":"Temp","unit":"°C","val":"55.20"},{"fld":"ALARM_MES_ID","unit":"","val":"251.00"},{"fld":"YieldDay","unit":"Wh","val":"676.00"},{"fld":"YieldTotal","unit":"kWh","val":"1200.26"},{"fld":"P_DC","unit":"W","val":"563.10"},{"fld":"Efficiency","unit":"%","val":"95.51"}]]}