{"inverter":[[{"fld":"U_DC","unit":"V","val":"28.10"},{"fld":"I_DC","unit":"A","val":"10.32"},{"fld":"P_DC","unit":"W","val":"289.80"},{"fld":"YieldDay","unit":"Wh","val":"819.00"},{"fld":"YieldTotal","unit":"kWh","val":"591.45"},{"fld":"Irradiation","unit":"%","val":"72.45"},{"fld":"U_DC","unit":"V","val":"28.40"},{"fld":"I_DC","unit":"A","val":"10.11"},{"fld":"P_DC","unit":"W","val":"287.00"},{"fld":"YieldDay","unit":"Wh","val":"836.00"},{"fld":"YieldTotal","unit":"kWh","val":"609.79"},{"fld":"Irradiation","unit":"%","val":"71.75"},{"fld":"U_AC","unit":"V","val":"232.70"},{"fld":"I_AC","unit":"A","val":"2.37"},{"fld":"P_AC","unit":"W","val":"550.80"},{"fld":"Q_AC","unit":"var","val":"0.50"},{"fld":"F_AC","unit":"Hz","val":"50.03"},{"fld":"PF_AC","unit":"","val":"1.00"},{"fld":"Temp","unit":"°C","val":"64.00"},{"fld":"ALARM_MES_ID","unit":"","val":"251.00"},{"fld":"YieldDay","unit":"Wh","val":"1655.00"},{"fld":"YieldTotal","unit":"kWh","val":"1201.24"},{"fld":"P_DC","unit":"W","val":"576.80"},{"fld":"Efficiency","unit":"%","val":"95.49"}]]}