{"inverter":[[{"fld":"U_DC","unit":"V","val":"28.40"},{"fld":"I_DC","unit":"A","val":"9.36"},{"fld":"P_DC","unit":"W","val":"265.90"},{"fld":"YieldDay","unit":"Wh","val":"1115.00"},{"fld":"YieldTotal","unit":"kWh","val":"591.75"},{"fld":"Irradiation","unit":"%","val":"66.47"},{"fld":"U_DC","unit":"V","val":"28.80"},{"fld":"I_DC","unit":"A","val":"9.13"},{"fld":"P_DC","unit":"W","val":"262.40"},{"fld":"YieldDay","unit":"Wh","val":"1128.00"},{"fld":"YieldTotal","unit":"kWh","val":"610.08"},{"fld":"Irradiation","unit":"%","val":"65.60"},{"fld":"U_AC","unit":"V","val":"234.90"},{"fld":"I_AC","unit":"A","val":"2.15"},{"fld":"P_AC","unit":"W","val":"504.50"},{"fld":"Q_AC","unit":"var","val":"0.40"},{"fld":"F_AC","unit":"Hz","val":"50.00"},{"fld":"PF_AC","unit":"","val":"1.00"},{"fld":"Temp","unit":"°C","val":"64.20"},{"fld":"ALARM_MES_ID","unit":"","val":"251.00"},{"fld":"YieldDay","unit":"Wh","val":"2243.00"},{"fld":"YieldTotal","unit":"kWh","val":"1201.83"},{"fld":"P_DC","unit":"W","val":"528.30"},{"fld":"Efficiency","unit":"%","val":"95.49"}]]}