{"inverter":[[{"fld":"U_DC","unit":"V","val":"28.30"},{"fld":"I_DC","unit":"A","val":"10.31"},{"fld":"P_DC","unit":"W","val":"291.80"},{"fld":"YieldDay","unit":"Wh","val":"851.00"},{"fld":"YieldTotal","unit":"kWh","val":"591.49"},{"fld":"Irradiation","unit":"%","val":"72.95"},{"fld":"U_DC","unit":"V","val":"28.60"},{"fld":"I_DC","unit":"A","val":"10.12"},{"fld":"P_DC","unit":"W","val":"288.90"},{"fld":"YieldDay","unit":"Wh","val":"868.00"},{"fld":"YieldTotal","unit":"kWh","val":"609.82"},{"fld":"Irradiation","unit":"%","val":"72.22"},{"fld":"U_AC","unit":"V","val":"232.00"},{"fld":"I_AC","unit":"A","val":"2.39"},{"fld":"P_AC","unit":"W","val":"554.60"},{"fld":"Q_AC","unit":"var","val":"0.00"},{"fld":"F_AC","unit":"Hz","val":"50.02"},{"fld":"PF_AC","unit":"","val":"1.00"},{"fld":"Temp","unit":"°C","val":"64.30"},{"fld":"ALARM_MES_ID","unit":"","val":"251.00"},{"fld":"YieldDay","unit":"Wh","val":"1719.00"},{"fld":"YieldTotal","unit":"kWh","val":"1201.30"},{"fld":"P_DC","unit":"W","val":"580.70"},{"fld":"Efficiency","unit":"%","val":"95.51"}]]}