{"inverter":[[{"fld":"U_DC","unit":"V","val":"28.70"},{"fld":"I_DC","unit":"A","val":"9.40"},{"fld":"P_DC","unit":"W","val":"269.30"},{"fld":"YieldDay","unit":"Wh","val":"1103.00"},{"fld":"YieldTotal","unit":"kWh","val":"591.74"},{"fld":"Irradiation","unit":"%","val":"67.32"},{"fld":"U_DC","unit":"V","val":"28.90"},{"fld":"I_DC","unit":"A","val":"9.21"},{"fld":"P_DC","unit":"W","val":"265.50"},{"fld":"YieldDay","unit":"Wh","val":"1115.00"},{"fld":"YieldTotal","unit":"kWh","val":"610.07"},{"fld":"Irradiation","unit":"%","val":"66.38"},{"fld":"U_AC","unit":"V","val":"234.70"},{"fld":"I_AC","unit":"A","val":"2.18"},{"fld":"P_AC","unit":"W","val":"510.70"},{"fld":"Q_AC","unit":"var","val":"0.00"},{"fld":"F_AC","unit":"Hz","val":"50.02"},{"fld":"PF_AC","unit":"","val":"1.00"},{"fld":"Temp","unit":"°C","val":"64.20"},{"fld":"ALARM_MES_ID","unit":"","val":"251.00"},{"fld":"YieldDay","unit":"Wh","val":"2218.00"},{"fld":"YieldTotal","unit":"kWh","val":"1201.80"},{"fld":"P_DC","unit":"W","val":"534.80"},{"fld":"Efficiency","unit":"%","val":"95.49"}]]}