{"inverter":[[{"fld":"U_DC","unit":"V","val":"32.10"},{"fld":"I_DC","unit":"A","val":"2.09"},{"fld":"P_DC","unit":"W","val":"67.00"},{"fld":"YieldDay","unit":"Wh","val":"1307.00"},{"fld":"YieldTotal","unit":"kWh","val":"591.94"},{"fld":"Irradiation","unit":"%","val":"16.75"},{"fld":"U_DC","unit":"V","val":"29.30"},{"fld":"I_DC","unit":"A","val":"7.89"},{"fld":"P_DC","unit":"W","val":"231.30"},{"fld":"YieldDay","unit":"Wh","val":"1340.00"},{"fld":"YieldTotal","unit":"kWh","val":"610.29"},{"fld":"Irradiation","unit":"%","val":"57.83"},{"fld":"U_AC","unit":"V","val":"233.40"},{"fld":"I_AC","unit":"A","val":"1.22"},{"fld":"P_AC","unit":"W","val":"284.90"},{"fld":"Q_AC","unit":"var","val":"0.20"},{"fld":"F_AC","unit":"Hz","val":"50.02"},{"fld":"PF_AC","unit":"","val":"1.00"},{"fld":"Temp","unit":"°C","val":"60.70"},{"fld":"ALARM_MES_ID","unit":"","val":"251.00"},{"fld":"YieldDay","unit":"Wh","val":"2647.00"},{"fld":"YieldTotal","unit":"kWh","val":"1202.23"},{"fld":"P_DC","unit":"W","val":"298.30"},{"fld":"Efficiency","unit":"%","val":"95.51"}]]}