{"inverter":[[{"fld":"U_DC","unit":"V","val":"31.30"},{"fld":"I_DC","unit":"A","val":"1.66"},{"fld":"P_DC","unit":"W","val":"52.00"},{"fld":"YieldDay","unit":"Wh","val":"1383.00"},{"fld":"YieldTotal","unit":"kWh","val":"592.02"},{"fld":"Irradiation","unit":"%","val":"13.00"},{"fld":"U_DC","unit":"V","val":"30.10"},{"fld":"I_DC","unit":"A","val":"4.72"},{"fld":"P_DC","unit":"W","val":"142.00"},{"fld":"YieldDay","unit":"Wh","val":"1570.00"},{"fld":"YieldTotal","unit":"kWh","val":"610.52"},{"fld":"Irradiation","unit":"%","val":"35.50"},{"fld":"U_AC","unit":"V","val":"229.10"},{"fld":"I_AC","unit":"A","val":"0.81"},{"fld":"P_AC","unit":"W","val":"185.30"},{"fld":"Q_AC","unit":"var","val":"0.00"},{"fld":"F_AC","unit":"Hz","val":"49.98"},{"fld":"PF_AC","unit":"","val":"1.00"},{"fld":"Temp","unit":"°C","val":"51.30"},{"fld":"ALARM_MES_ID","unit":"","val":"251.00"},{"fld":"YieldDay","unit":"Wh","val":"2953.00"},{"fld":"YieldTotal","unit":"kWh","val":"1202.54"},{"fld":"P_DC","unit":"W","val":"194.00"},{"fld":"Efficiency","unit":"%","val":"95.52"}]]}