{"inverter":[[{"fld":"U_DC","unit":"V","val":"31.50"},{"fld":"I_DC","unit":"A","val":"5.45"},{"fld":"P_DC","unit":"W","val":"171.40"},{"fld":"YieldDay","unit":"Wh","val":"174.00"},{"fld":"YieldTotal","unit":"kWh","val":"590.81"},{"fld":"Irradiation","unit":"%","val":"42.85"},{"fld":"U_DC","unit":"V","val":"30.70"},{"fld":"I_DC","unit":"A","val":"8.09"},{"fld":"P_DC","unit":"W","val":"247.80"},{"fld":"YieldDay","unit":"Wh","val":"185.00"},{"fld":"YieldTotal","unit":"kWh","val":"609.14"},{"fld":"Irradiation","unit":"%","val":"61.95"},{"fld":"U_AC","unit":"V","val":"231.90"},{"fld":"I_AC","unit":"A","val":"1.73"},{"fld":"P_AC","unit":"W","val":"400.40"},{"fld":"Q_AC","unit":"var","val":"0.00"},{"fld":"F_AC","unit":"Hz","val":"50.01"},{"fld":"PF_AC","unit":"","val":"1.00"},{"fld":"Temp","unit":"°C","val":"41.70"},{"fld":"ALARM_MES_ID","unit":"","val":"251.00"},{"fld":"YieldDay","unit":"Wh","val":"359.00"},{"fld":"YieldTotal","unit":"kWh","val":"1199.94"},{"fld":"P_DC","unit":"W","val":"419.20"},{"fld":"Efficiency","unit":"%","val":"95.52"}]]}