{"inverter":[[{"fld":"U_DC","unit":"V","val":"31.60"},{"fld":"I_DC","unit":"A","val":"2.04"},{"fld":"P_DC","unit":"W","val":"64.30"},{"fld":"YieldDay","unit":"Wh","val":"1320.00"},{"fld":"YieldTotal","unit":"kWh","val":"591.96"},{"fld":"Irradiation","unit":"%","val":"16.08"},{"fld":"U_DC","unit":"V","val":"29.30"},{"fld":"I_DC","unit":"A","val":"7.33"},{"fld":"P_DC","unit":"W","val":"214.80"},{"fld":"YieldDay","unit":"Wh","val":"1381.00"},{"fld":"YieldTotal","unit":"kWh","val":"610.33"},{"fld":"Irradiation","unit":"%","val":"53.70"},{"fld":"U_AC","unit":"V","val":"232.80"},{"fld":"I_AC","unit":"A","val":"1.14"},{"fld":"P_AC","unit":"W","val":"266.50"},{"fld":"Q_AC","unit":"var","val":"0.00"},{"fld":"F_AC","unit":"Hz","val":"49.98"},{"fld":"PF_AC","unit":"","val":"1.00"},{"fld":"Temp","unit":"°C","val":"60.00"},{"fld":"ALARM_MES_ID","unit":"","val":"251.00"},{"fld":"YieldDay","unit":"Wh","val":"2701.00"},{"fld":"YieldTotal","unit":"kWh","val":"1202.29"},{"fld":"P_DC","unit":"W","val":"279.10"},{"fld":"Efficiency","unit":"%","val":"95.49"}]]}