{"inverter":[[{"fld":"U_DC","unit":"V","val":"30.30"},{"fld":"I_DC","unit":"A","val":"5.28"},{"fld":"P_DC","unit":"W","val":"159.90"},{"fld":"YieldDay","unit":"Wh","val":"163.00"},{"fld":"YieldTotal","unit":"kWh","val":"590.80"},{"fld":"Irradiation","unit":"%","val":"39.97"},{"fld":"U_DC","unit":"V","val":"31.90"},{"fld":"I_DC","unit":"A","val":"5.32"},{"fld":"P_DC","unit":"W","val":"169.50"},{"fld":"YieldDay","unit":"Wh","val":"173.00"},{"fld":"YieldTotal","unit":"kWh","val":"609.12"},{"fld":"Irradiation","unit":"%","val":"42.38"},{"fld":"U_AC","unit":"V","val":"229.60"},{"fld":"I_AC","unit":"A","val":"1.37"},{"fld":"P_AC","unit":"W","val":"314.50"},{"fld":"Q_AC","unit":"var","val":"0.30"},{"fld":"F_AC","unit":"Hz","val":"50.01"},{"fld":"PF_AC","unit":"","val":"1.00"},{"fld":"Temp","unit":"°C","val":"40.80"},{"fld":"ALARM_MES_ID","unit":"","val":"251.00"},{"fld":"YieldDay","unit":"Wh","val":"336.00"},{"fld":"YieldTotal","unit":"kWh","val":"1199.92"},{"fld":"P_DC","unit":"W","val":"329.40"},{"fld":"Efficiency","unit":"%","val":"95.48"}]]}