{"inverter":[[{"fld":"U_DC","unit":"V","val":"28.10"},{"fld":"I_DC","unit":"A","val":"10.01"},{"fld":"P_DC","unit":"W","val":"281.10"},{"fld":"YieldDay","unit":"Wh","val":"961.00"},{"fld":"YieldTotal","unit":"kWh","val":"591.60"},{"fld":"Irradiation","unit":"%","val":"70.28"},{"fld":"U_DC","unit":"V","val":"28.40"},{"fld":"I_DC","unit":"A","val":"9.79"},{"fld":"P_DC","unit":"W","val":"277.90"},{"fld":"YieldDay","unit":"Wh","val":"976.00"},{"fld":"YieldTotal","unit":"kWh","val":"609.93"},{"fld":"Irradiation","unit":"%","val":"69.47"},{"fld":"U_AC","unit":"V","val":"234.90"},{"fld":"I_AC","unit":"A","val":"2.27"},{"fld":"P_AC","unit":"W","val":"533.90"},{"fld":"Q_AC","unit":"var","val":"0.00"},{"fld":"F_AC","unit":"Hz","val":"50.00"},{"fld":"PF_AC","unit":"","val":"1.00"},{"fld":"Temp","unit":"°C","val":"65.50"},{"fld":"ALARM_MES_ID","unit":"","val":"251.00"},{"fld":"YieldDay","unit":"Wh","val":"1937.00"},{"fld":"YieldTotal","unit":"kWh","val":"1201.52"},{"fld":"P_DC","unit":"W","val":"559.00"},{"fld":"Efficiency","unit":"%","val":"95.51"}]]}