{"inverter":[[{"fld":"U_DC","unit":"V","val":"28.20"},{"fld":"I_DC","unit":"A","val":"10.30"},{"fld":"P_DC","unit":"W","val":"290.10"},{"fld":"YieldDay","unit":"Wh","val":"805.00"},{"fld":"YieldTotal","unit":"kWh","val":"591.44"},{"fld":"Irradiation","unit":"%","val":"72.53"},{"fld":"U_DC","unit":"V","val":"28.50"},{"fld":"I_DC","unit":"A","val":"10.12"},{"fld":"P_DC","unit":"W","val":"287.90"},{"fld":"YieldDay","unit":"Wh","val":"822.00"},{"fld":"YieldTotal","unit":"kWh","val":"609.77"},{"fld":"Irradiation","unit":"%","val":"71.97"},{"fld":"U_AC","unit":"V","val":"232.90"},{"fld":"I_AC","unit":"A","val":"2.37"},{"fld":"P_AC","unit":"W","val":"552.00"},{"fld":"Q_AC","unit":"var","val":"0.00"},{"fld":"F_AC","unit":"Hz","val":"50.05"},{"fld":"PF_AC","unit":"","val":"1.00"},{"fld":"Temp","unit":"°C","val":"63.30"},{"fld":"ALARM_MES_ID","unit":"","val":"251.00"},{"fld":"YieldDay","unit":"Wh","val":"1627.00"},{"fld":"YieldTotal","unit":"kWh","val":"1201.21"},{"fld":"P_DC","unit":"W","val":"578.00"},{"fld":"Efficiency","unit":"%","val":"95.50"}]]}