{"inverter":[[{"fld":"U_DC","unit":"V","val":"32.00"},{"fld":"I_DC","unit":"A","val":"2.02"},{"fld":"P_DC","unit":"W","val":"64.60"},{"fld":"YieldDay","unit":"Wh","val":"1309.00"},{"fld":"YieldTotal","unit":"kWh","val":"591.94"},{"fld":"Irradiation","unit":"%","val":"16.15"},{"fld":"U_DC","unit":"V","val":"29.20"},{"fld":"I_DC","unit":"A","val":"7.57"},{"fld":"P_DC","unit":"W","val":"220.80"},{"fld":"YieldDay","unit":"Wh","val":"1347.00"},{"fld":"YieldTotal","unit":"kWh","val":"610.30"},{"fld":"Irradiation","unit":"%","val":"55.20"},{"fld":"U_AC","unit":"V","val":"233.60"},{"fld":"I_AC","unit":"A","val":"1.17"},{"fld":"P_AC","unit":"W","val":"272.50"},{"fld":"Q_AC","unit":"var","val":"0.00"},{"fld":"F_AC","unit":"Hz","val":"50.02"},{"fld":"PF_AC","unit":"","val":"1.00"},{"fld":"Temp","unit":"°C","val":"60.80"},{"fld":"ALARM_MES_ID","unit":"","val":"251.00"},{"fld":"YieldDay","unit":"Wh","val":"2656.00"},{"fld":"YieldTotal","unit":"kWh","val":"1202.24"},{"fld":"P_DC","unit":"W","val":"285.40"},{"fld":"Efficiency","unit":"%","val":"95.48"}]]}