{"inverter":[[{"fld":"U_DC","unit":"V","val":"31.20"},{"fld":"I_DC","unit":"A","val":"1.70"},{"fld":"P_DC","unit":"W","val":"53.10"},{"fld":"YieldDay","unit":"Wh","val":"1371.00"},{"fld":"YieldTotal","unit":"kWh","val":"592.01"},{"fld":"Irradiation","unit":"%","val":"13.27"},{"fld":"U_DC","unit":"V","val":"29.90"},{"fld":"I_DC","unit":"A","val":"5.19"},{"fld":"P_DC","unit":"W","val":"155.10"},{"fld":"YieldDay","unit":"Wh","val":"1535.00"},{"fld":"YieldTotal","unit":"kWh","val":"610.48"},{"fld":"Irradiation","unit":"%","val":"38.78"},{"fld":"U_AC","unit":"V","val":"233.50"},{"fld":"I_AC","unit":"A","val":"0.85"},{"fld":"P_AC","unit":"W","val":"198.80"},{"fld":"Q_AC","unit":"var","val":"0.20"},{"fld":"F_AC","unit":"Hz","val":"49.99"},{"fld":"PF_AC","unit":"","val":"1.00"},{"fld":"Temp","unit":"°C","val":"52.30"},{"fld":"ALARM_MES_ID","unit":"","val":"251.00"},{"fld":"YieldDay","unit":"Wh","val":"2906.00"},{"fld":"YieldTotal","unit":"kWh","val":"1202.49"},{"fld":"P_DC","unit":"W","val":"208.20"},{"fld":"Efficiency","unit":"%","val":"95.49"}]]}