{"inverter":[[{"fld":"U_DC","unit":"V","val":"28.60"},{"fld":"I_DC","unit":"A","val":"9.47"},{"fld":"P_DC","unit":"W","val":"270.50"},{"fld":"YieldDay","unit":"Wh","val":"1077.00"},{"fld":"YieldTotal","unit":"kWh","val":"591.71"},{"fld":"Irradiation","unit":"%","val":"67.63"},{"fld":"U_DC","unit":"V","val":"29.00"},{"fld":"I_DC","unit":"A","val":"9.25"},{"fld":"P_DC","unit":"W","val":"267.40"},{"fld":"YieldDay","unit":"Wh","val":"1090.00"},{"fld":"YieldTotal","unit":"kWh","val":"610.04"},{"fld":"Irradiation","unit":"%","val":"66.85"},{"fld":"U_AC","unit":"V","val":"234.60"},{"fld":"I_AC","unit":"A","val":"2.19"},{"fld":"P_AC","unit":"W","val":"513.60"},{"fld":"Q_AC","unit":"var","val":"0.00"},{"fld":"F_AC","unit":"Hz","val":"50.02"},{"fld":"PF_AC","unit":"","val":"1.00"},{"fld":"Temp","unit":"°C","val":"64.10"},{"fld":"ALARM_MES_ID","unit":"","val":"251.00"},{"fld":"YieldDay","unit":"Wh","val":"2167.00"},{"fld":"YieldTotal","unit":"kWh","val":"1201.75"},{"fld":"P_DC","unit":"W","val":"537.90"},{"fld":"Efficiency","unit":"%","val":"95.48"}]]}