{"inverter":[[{"fld":"U_DC","unit":"V","val":"28.70"},{"fld":"I_DC","unit":"A","val":"8.92"},{"fld":"P_DC","unit":"W","val":"255.70"},{"fld":"YieldDay","unit":"Wh","val":"1198.00"},{"fld":"YieldTotal","unit":"kWh","val":"591.83"},{"fld":"Irradiation","unit":"%","val":"63.92"},{"fld":"U_DC","unit":"V","val":"28.90"},{"fld":"I_DC","unit":"A","val":"8.72"},{"fld":"P_DC","unit":"W","val":"251.70"},{"fld":"YieldDay","unit":"Wh","val":"1209.00"},{"fld":"YieldTotal","unit":"kWh","val":"610.16"},{"fld":"Irradiation","unit":"%","val":"62.92"},{"fld":"U_AC","unit":"V","val":"232.80"},{"fld":"I_AC","unit":"A","val":"2.08"},{"fld":"P_AC","unit":"W","val":"484.60"},{"fld":"Q_AC","unit":"var","val":"0.40"},{"fld":"F_AC","unit":"Hz","val":"49.98"},{"fld":"PF_AC","unit":"","val":"1.00"},{"fld":"Temp","unit":"°C","val":"64.90"},{"fld":"ALARM_MES_ID","unit":"","val":"251.00"},{"fld":"YieldDay","unit":"Wh","val":"2407.00"},{"fld":"YieldTotal","unit":"kWh","val":"1201.99"},{"fld":"P_DC","unit":"W","val":"507.40"},{"fld":"Efficiency","unit":"%","val":"95.51"}]]}