{"inverter":[[{"fld":"U_DC","unit":"V","val":"29.20"},{"fld":"I_DC","unit":"A","val":"0.89"},{"fld":"P_DC","unit":"W","val":"25.90"},{"fld":"YieldDay","unit":"Wh","val":"1339.00"},{"fld":"YieldTotal","unit":"kWh","val":"591.97"},{"fld":"Irradiation","unit":"%","val":"6.47"},{"fld":"U_DC","unit":"V","val":"29.10"},{"fld":"I_DC","unit":"A","val":"0.94"},{"fld":"P_DC","unit":"W","val":"27.30"},{"fld":"YieldDay","unit":"Wh","val":"1437.00"},{"fld":"YieldTotal","unit":"kWh","val":"610.39"},{"fld":"Irradiation","unit":"%","val":"6.82"},{"fld":"U_AC","unit":"V","val":"230.70"},{"fld":"I_AC","unit":"A","val":"0.22"},{"fld":"P_AC","unit":"W","val":"50.80"},{"fld":"Q_AC","unit":"var","val":"0.00"},{"fld":"F_AC","unit":"Hz","val":"50.02"},{"fld":"PF_AC","unit":"","val":"1.00"},{"fld":"Temp","unit":"°C","val":"54.00"},{"fld":"ALARM_MES_ID","unit":"","val":"251.00"},{"fld":"YieldDay","unit":"Wh","val":"2776.00"},{"fld":"YieldTotal","unit":"kWh","val":"1202.36"},{"fld":"P_DC","unit":"W","val":"53.20"},{"fld":"Efficiency","unit":"%","val":"95.49"}]]}