{"inverter":[[{"fld":"U_DC","unit":"V","val":"28.60"},{"fld":"I_DC","unit":"A","val":"9.85"},{"fld":"P_DC","unit":"W","val":"281.00"},{"fld":"YieldDay","unit":"Wh","val":"346.00"},{"fld":"YieldTotal","unit":"kWh","val":"590.98"},{"fld":"Irradiation","unit":"%","val":"70.25"},{"fld":"U_DC","unit":"V","val":"28.80"},{"fld":"I_DC","unit":"A","val":"9.69"},{"fld":"P_DC","unit":"W","val":"279.00"},{"fld":"YieldDay","unit":"Wh","val":"366.00"},{"fld":"YieldTotal","unit":"kWh","val":"609.32"},{"fld":"Irradiation","unit":"%","val":"69.75"},{"fld":"U_AC","unit":"V","val":"233.90"},{"fld":"I_AC","unit":"A","val":"2.29"},{"fld":"P_AC","unit":"W","val":"534.80"},{"fld":"Q_AC","unit":"var","val":"0.50"},{"fld":"F_AC","unit":"Hz","val":"50.01"},{"fld":"PF_AC","unit":"","val":"1.00"},{"fld":"Temp","unit":"°C","val":"56.30"},{"fld":"ALARM_MES_ID","unit":"","val":"251.00"},{"fld":"YieldDay","unit":"Wh","val":"712.00"},{"fld":"YieldTotal","unit":"kWh","val":"1200.30"},{"fld":"P_DC","unit":"W","val":"560.00"},{"fld":"Efficiency","unit":"%","val":"95.50"}]]}