{"inverter":[[{"fld":"U_DC","unit":"V","val":"31.90"},{"fld":"I_DC","unit":"A","val":"2.00"},{"fld":"P_DC","unit":"W","val":"63.60"},{"fld":"YieldDay","unit":"Wh","val":"1331.00"},{"fld":"YieldTotal","unit":"kWh","val":"591.97"},{"fld":"Irradiation","unit":"%","val":"15.90"},{"fld":"U_DC","unit":"V","val":"30.00"},{"fld":"I_DC","unit":"A","val":"6.85"},{"fld":"P_DC","unit":"W","val":"205.80"},{"fld":"YieldDay","unit":"Wh","val":"1418.00"},{"fld":"YieldTotal","unit":"kWh","val":"610.37"},{"fld":"Irradiation","unit":"%","val":"51.45"},{"fld":"U_AC","unit":"V","val":"232.90"},{"fld":"I_AC","unit":"A","val":"1.10"},{"fld":"P_AC","unit":"W","val":"257.30"},{"fld":"Q_AC","unit":"var","val":"0.00"},{"fld":"F_AC","unit":"Hz","val":"50.03"},{"fld":"PF_AC","unit":"","val":"1.00"},{"fld":"Temp","unit":"°C","val":"56.80"},{"fld":"ALARM_MES_ID","unit":"","val":"251.00"},{"fld":"YieldDay","unit":"Wh","val":"2749.00"},{"fld":"YieldTotal","unit":"kWh","val":"1202.33"},{"fld":"P_DC","unit":"W","val":"269.40"},{"fld":"Efficiency","unit":"%","val":"95.51"}]]}