{"inverter":[[{"fld":"U_DC","unit":"V","val":"28.20"},{"fld":"I_DC","unit":"A","val":"10.33"},{"fld":"P_DC","unit":"W","val":"291.30"},{"fld":"YieldDay","unit":"Wh","val":"847.00"},{"fld":"YieldTotal","unit":"kWh","val":"591.48"},{"fld":"Irradiation","unit":"%","val":"72.82"},{"fld":"U_DC","unit":"V","val":"28.50"},{"fld":"I_DC","unit":"A","val":"10.11"},{"fld":"P_DC","unit":"W","val":"288.20"},{"fld":"YieldDay","unit":"Wh","val":"863.00"},{"fld":"YieldTotal","unit":"kWh","val":"609.81"},{"fld":"Irradiation","unit":"%","val":"72.05"},{"fld":"U_AC","unit":"V","val":"233.60"},{"fld":"I_AC","unit":"A","val":"2.37"},{"fld":"P_AC","unit":"W","val":"553.40"},{"fld":"Q_AC","unit":"var","val":"0.50"},{"fld":"F_AC","unit":"Hz","val":"50.03"},{"fld":"PF_AC","unit":"","val":"1.00"},{"fld":"Temp","unit":"°C","val":"64.40"},{"fld":"ALARM_MES_ID","unit":"","val":"251.00"},{"fld":"YieldDay","unit":"Wh","val":"1710.00"},{"fld":"YieldTotal","unit":"kWh","val":"1201.29"},{"fld":"P_DC","unit":"W","val":"579.50"},{"fld":"Efficiency","unit":"%","val":"95.50"}]]}