{"inverter":[[{"fld":"U_DC","unit":"V","val":"26.00"},{"fld":"I_DC","unit":"A","val":"0.03"},{"fld":"P_DC","unit":"W","val":"0.70"},{"fld":"YieldDay","unit":"Wh","val":"1090.00"},{"fld":"YieldTotal","unit":"kWh","val":"606.42"},{"fld":"Irradiation","unit":"%","val":"0.17"},{"fld":"U_DC","unit":"V","val":"26.00"},{"fld":"I_DC","unit":"A","val":"0.03"},{"fld":"P_DC","unit":"W","val":"0.70"},{"fld":"YieldDay","unit":"Wh","val":"1161.00"},{"fld":"YieldTotal","unit":"kWh","val":"626.60"},{"fld":"Irradiation","unit":"%","val":"0.17"},{"fld":"U_AC","unit":"V","val":"228.40"},{"fld":"I_AC","unit":"A","val":"0.00"},{"fld":"P_AC","unit":"W","val":"0.00"},{"fld":"Q_AC","unit":"var","val":"0.00"},{"fld":"F_AC","unit":"Hz","val":"49.97"},{"fld":"PF_AC","unit":"","val":"0.00"},{"fld":"Temp","unit":"°C","val":"26.10"},{"fld":"ALARM_MES_ID","unit":"","val":"263.00"},{"fld":"YieldDay","unit":"Wh","val":"2251.00"},{"fld":"YieldTotal","unit":"kWh","val":"1233.03"},{"fld":"P_DC","unit":"W","val":"1.40"},{"fld":"Efficiency","unit":"%","val":"0.00"}]]}