{"inverter":[[{"fld":"U_DC","unit":"V","val":"28.60"},{"fld":"I_DC","unit":"A","val":"10.03"},{"fld":"P_DC","unit":"W","val":"286.20"},{"fld":"YieldDay","unit":"Wh","val":"409.00"},{"fld":"YieldTotal","unit":"kWh","val":"591.04"},{"fld":"Irradiation","unit":"%","val":"71.55"},{"fld":"U_DC","unit":"V","val":"28.80"},{"fld":"I_DC","unit":"A","val":"9.87"},{"fld":"P_DC","unit":"W","val":"283.90"},{"fld":"YieldDay","unit":"Wh","val":"428.00"},{"fld":"YieldTotal","unit":"kWh","val":"609.38"},{"fld":"Irradiation","unit":"%","val":"70.97"},{"fld":"U_AC","unit":"V","val":"234.30"},{"fld":"I_AC","unit":"A","val":"2.32"},{"fld":"P_AC","unit":"W","val":"544.40"},{"fld":"Q_AC","unit":"var","val":"0.00"},{"fld":"F_AC","unit":"Hz","val":"49.99"},{"fld":"PF_AC","unit":"","val":"1.00"},{"fld":"Temp","unit":"°C","val":"59.10"},{"fld":"ALARM_MES_ID","unit":"","val":"251.00"},{"fld":"YieldDay","unit":"Wh","val":"837.00"},{"fld":"YieldTotal","unit":"kWh","val":"1200.42"},{"fld":"P_DC","unit":"W","val":"570.10"},{"fld":"Efficiency","unit":"%","val":"95.49"}]]}