{"inverter":[[{"fld":"U_DC","unit":"V","val":"25.40"},{"fld":"I_DC","unit":"A","val":"0.04"},{"fld":"P_DC","unit":"W","val":"1.00"},{"fld":"YieldDay","unit":"Wh","val":"1246.00"},{"fld":"YieldTotal","unit":"kWh","val":"611.35"},{"fld":"Irradiation","unit":"%","val":"0.25"},{"fld":"U_DC","unit":"V","val":"25.70"},{"fld":"I_DC","unit":"A","val":"0.04"},{"fld":"P_DC","unit":"W","val":"1.00"},{"fld":"YieldDay","unit":"Wh","val":"1300.00"},{"fld":"YieldTotal","unit":"kWh","val":"631.78"},{"fld":"Irradiation","unit":"%","val":"0.25"},{"fld":"U_AC","unit":"V","val":"228.60"},{"fld":"I_AC","unit":"A","val":"0.01"},{"fld":"P_AC","unit":"W","val":"1.90"},{"fld":"Q_AC","unit":"var","val":"0.00"},{"fld":"F_AC","unit":"Hz","val":"49.99"},{"fld":"PF_AC","unit":"","val":"1.00"},{"fld":"Temp","unit":"°C","val":"31.90"},{"fld":"ALARM_MES_ID","unit":"","val":"267.00"},{"fld":"YieldDay","unit":"Wh","val":"2546.00"},{"fld":"YieldTotal","unit":"kWh","val":"1243.13"},{"fld":"P_DC","unit":"W","val":"2.00"},{"fld":"Efficiency","unit":"%","val":"95.00"}]]}