{"inverter":[[{"fld":"U_DC","unit":"V","val":"28.50"},{"fld":"I_DC","unit":"A","val":"10.37"},{"fld":"P_DC","unit":"W","val":"294.70"},{"fld":"YieldDay","unit":"Wh","val":"689.00"},{"fld":"YieldTotal","unit":"kWh","val":"591.32"},{"fld":"Irradiation","unit":"%","val":"73.68"},{"fld":"U_DC","unit":"V","val":"28.70"},{"fld":"I_DC","unit":"A","val":"10.20"},{"fld":"P_DC","unit":"W","val":"292.90"},{"fld":"YieldDay","unit":"Wh","val":"706.00"},{"fld":"YieldTotal","unit":"kWh","val":"609.66"},{"fld":"Irradiation","unit":"%","val":"73.22"},{"fld":"U_AC","unit":"V","val":"234.50"},{"fld":"I_AC","unit":"A","val":"2.39"},{"fld":"P_AC","unit":"W","val":"561.20"},{"fld":"Q_AC","unit":"var","val":"0.50"},{"fld":"F_AC","unit":"Hz","val":"50.02"},{"fld":"PF_AC","unit":"","val":"1.00"},{"fld":"Temp","unit":"°C","val":"62.80"},{"fld":"ALARM_MES_ID","unit":"","val":"251.00"},{"fld":"YieldDay","unit":"Wh","val":"1395.00"},{"fld":"YieldTotal","unit":"kWh","val":"1200.98"},{"fld":"P_DC","unit":"W","val":"587.60"},{"fld":"Efficiency","unit":"%","val":"95.51"}]]}