{"inverter":[[{"fld":"U_DC","unit":"V","val":"28.70"},{"fld":"I_DC","unit":"A","val":"9.84"},{"fld":"P_DC","unit":"W","val":"281.60"},{"fld":"YieldDay","unit":"Wh","val":"350.00"},{"fld":"YieldTotal","unit":"kWh","val":"590.98"},{"fld":"Irradiation","unit":"%","val":"70.40"},{"fld":"U_DC","unit":"V","val":"29.00"},{"fld":"I_DC","unit":"A","val":"9.65"},{"fld":"P_DC","unit":"W","val":"279.70"},{"fld":"YieldDay","unit":"Wh","val":"370.00"},{"fld":"YieldTotal","unit":"kWh","val":"609.32"},{"fld":"Irradiation","unit":"%","val":"69.93"},{"fld":"U_AC","unit":"V","val":"234.70"},{"fld":"I_AC","unit":"A","val":"2.28"},{"fld":"P_AC","unit":"W","val":"536.00"},{"fld":"Q_AC","unit":"var","val":"0.50"},{"fld":"F_AC","unit":"Hz","val":"50.01"},{"fld":"PF_AC","unit":"","val":"1.00"},{"fld":"Temp","unit":"°C","val":"56.50"},{"fld":"ALARM_MES_ID","unit":"","val":"251.00"},{"fld":"YieldDay","unit":"Wh","val":"720.00"},{"fld":"YieldTotal","unit":"kWh","val":"1200.30"},{"fld":"P_DC","unit":"W","val":"561.30"},{"fld":"Efficiency","unit":"%","val":"95.49"}]]}