{"inverter":[[{"fld":"U_DC","unit":"V","val":"28.20"},{"fld":"I_DC","unit":"A","val":"10.15"},{"fld":"P_DC","unit":"W","val":"285.90"},{"fld":"YieldDay","unit":"Wh","val":"934.00"},{"fld":"YieldTotal","unit":"kWh","val":"591.57"},{"fld":"Irradiation","unit":"%","val":"71.47"},{"fld":"U_DC","unit":"V","val":"28.40"},{"fld":"I_DC","unit":"A","val":"9.95"},{"fld":"P_DC","unit":"W","val":"282.10"},{"fld":"YieldDay","unit":"Wh","val":"950.00"},{"fld":"YieldTotal","unit":"kWh","val":"609.90"},{"fld":"Irradiation","unit":"%","val":"70.53"},{"fld":"U_AC","unit":"V","val":"234.70"},{"fld":"I_AC","unit":"A","val":"2.31"},{"fld":"P_AC","unit":"W","val":"542.40"},{"fld":"Q_AC","unit":"var","val":"0.00"},{"fld":"F_AC","unit":"Hz","val":"49.99"},{"fld":"PF_AC","unit":"","val":"1.00"},{"fld":"Temp","unit":"°C","val":"65.10"},{"fld":"ALARM_MES_ID","unit":"","val":"251.00"},{"fld":"YieldDay","unit":"Wh","val":"1884.00"},{"fld":"YieldTotal","unit":"kWh","val":"1201.47"},{"fld":"P_DC","unit":"W","val":"568.00"},{"fld":"Efficiency","unit":"%","val":"95.49"}]]}