{"inverter":[[{"fld":"U_DC","unit":"V","val":"30.50"},{"fld":"I_DC","unit":"A","val":"0.89"},{"fld":"P_DC","unit":"W","val":"27.10"},{"fld":"YieldDay","unit":"Wh","val":"122.00"},{"fld":"YieldTotal","unit":"kWh","val":"590.76"},{"fld":"Irradiation","unit":"%","val":"6.78"},{"fld":"U_DC","unit":"V","val":"30.80"},{"fld":"I_DC","unit":"A","val":"0.89"},{"fld":"P_DC","unit":"W","val":"27.40"},{"fld":"YieldDay","unit":"Wh","val":"125.00"},{"fld":"YieldTotal","unit":"kWh","val":"609.08"},{"fld":"Irradiation","unit":"%","val":"6.85"},{"fld":"U_AC","unit":"V","val":"228.60"},{"fld":"I_AC","unit":"A","val":"0.23"},{"fld":"P_AC","unit":"W","val":"52.00"},{"fld":"Q_AC","unit":"var","val":"0.00"},{"fld":"F_AC","unit":"Hz","val":"50.03"},{"fld":"PF_AC","unit":"","val":"1.00"},{"fld":"Temp","unit":"°C","val":"37.40"},{"fld":"ALARM_MES_ID","unit":"","val":"251.00"},{"fld":"YieldDay","unit":"Wh","val":"247.00"},{"fld":"YieldTotal","unit":"kWh","val":"1199.83"},{"fld":"P_DC","unit":"W","val":"54.50"},{"fld":"Efficiency","unit":"%","val":"95.41"}]]}