{"inverter":[[{"fld":"U_DC","unit":"V","val":"31.60"},{"fld":"I_DC","unit":"A","val":"2.01"},{"fld":"P_DC","unit":"W","val":"63.50"},{"fld":"YieldDay","unit":"Wh","val":"1316.00"},{"fld":"YieldTotal","unit":"kWh","val":"591.95"},{"fld":"Irradiation","unit":"%","val":"15.88"},{"fld":"U_DC","unit":"V","val":"29.30"},{"fld":"I_DC","unit":"A","val":"7.27"},{"fld":"P_DC","unit":"W","val":"212.60"},{"fld":"YieldDay","unit":"Wh","val":"1371.00"},{"fld":"YieldTotal","unit":"kWh","val":"610.32"},{"fld":"Irradiation","unit":"%","val":"53.15"},{"fld":"U_AC","unit":"V","val":"233.40"},{"fld":"I_AC","unit":"A","val":"1.13"},{"fld":"P_AC","unit":"W","val":"263.70"},{"fld":"Q_AC","unit":"var","val":"0.00"},{"fld":"F_AC","unit":"Hz","val":"50.02"},{"fld":"PF_AC","unit":"","val":"1.00"},{"fld":"Temp","unit":"°C","val":"60.60"},{"fld":"ALARM_MES_ID","unit":"","val":"251.00"},{"fld":"YieldDay","unit":"Wh","val":"2687.00"},{"fld":"YieldTotal","unit":"kWh","val":"1202.27"},{"fld":"P_DC","unit":"W","val":"276.10"},{"fld":"Efficiency","unit":"%","val":"95.51"}]]}