{"inverter":[[{"fld":"U_DC","unit":"V","val":"29.00"},{"fld":"I_DC","unit":"A","val":"9.59"},{"fld":"P_DC","unit":"W","val":"277.80"},{"fld":"YieldDay","unit":"Wh","val":"230.00"},{"fld":"YieldTotal","unit":"kWh","val":"590.86"},{"fld":"Irradiation","unit":"%","val":"69.45"},{"fld":"U_DC","unit":"V","val":"29.40"},{"fld":"I_DC","unit":"A","val":"9.40"},{"fld":"P_DC","unit":"W","val":"276.00"},{"fld":"YieldDay","unit":"Wh","val":"250.00"},{"fld":"YieldTotal","unit":"kWh","val":"609.20"},{"fld":"Irradiation","unit":"%","val":"69.00"},{"fld":"U_AC","unit":"V","val":"231.00"},{"fld":"I_AC","unit":"A","val":"2.29"},{"fld":"P_AC","unit":"W","val":"528.80"},{"fld":"Q_AC","unit":"var","val":"0.50"},{"fld":"F_AC","unit":"Hz","val":"50.02"},{"fld":"PF_AC","unit":"","val":"1.00"},{"fld":"Temp","unit":"°C","val":"47.40"},{"fld":"ALARM_MES_ID","unit":"","val":"251.00"},{"fld":"YieldDay","unit":"Wh","val":"480.00"},{"fld":"YieldTotal","unit":"kWh","val":"1200.06"},{"fld":"P_DC","unit":"W","val":"553.80"},{"fld":"Efficiency","unit":"%","val":"95.49"}]]}