{"inverter":[[{"fld":"U_DC","unit":"V","val":"28.90"},{"fld":"I_DC","unit":"A","val":"9.71"},{"fld":"P_DC","unit":"W","val":"279.80"},{"fld":"YieldDay","unit":"Wh","val":"265.00"},{"fld":"YieldTotal","unit":"kWh","val":"590.90"},{"fld":"Irradiation","unit":"%","val":"69.95"},{"fld":"U_DC","unit":"V","val":"29.10"},{"fld":"I_DC","unit":"A","val":"9.56"},{"fld":"P_DC","unit":"W","val":"277.70"},{"fld":"YieldDay","unit":"Wh","val":"285.00"},{"fld":"YieldTotal","unit":"kWh","val":"609.23"},{"fld":"Irradiation","unit":"%","val":"69.43"},{"fld":"U_AC","unit":"V","val":"231.60"},{"fld":"I_AC","unit":"A","val":"2.30"},{"fld":"P_AC","unit":"W","val":"532.40"},{"fld":"Q_AC","unit":"var","val":"0.00"},{"fld":"F_AC","unit":"Hz","val":"50.02"},{"fld":"PF_AC","unit":"","val":"1.00"},{"fld":"Temp","unit":"°C","val":"50.60"},{"fld":"ALARM_MES_ID","unit":"","val":"251.00"},{"fld":"YieldDay","unit":"Wh","val":"550.00"},{"fld":"YieldTotal","unit":"kWh","val":"1200.14"},{"fld":"P_DC","unit":"W","val":"557.50"},{"fld":"Efficiency","unit":"%","val":"95.50"}]]}