{"inverter":[[{"fld":"U_DC","unit":"V","val":"28.10"},{"fld":"I_DC","unit":"A","val":"10.31"},{"fld":"P_DC","unit":"W","val":"289.90"},{"fld":"YieldDay","unit":"Wh","val":"814.00"},{"fld":"YieldTotal","unit":"kWh","val":"591.45"},{"fld":"Irradiation","unit":"%","val":"72.47"},{"fld":"U_DC","unit":"V","val":"28.40"},{"fld":"I_DC","unit":"A","val":"10.12"},{"fld":"P_DC","unit":"W","val":"286.90"},{"fld":"YieldDay","unit":"Wh","val":"831.00"},{"fld":"YieldTotal","unit":"kWh","val":"609.78"},{"fld":"Irradiation","unit":"%","val":"71.72"},{"fld":"U_AC","unit":"V","val":"232.70"},{"fld":"I_AC","unit":"A","val":"2.37"},{"fld":"P_AC","unit":"W","val":"550.80"},{"fld":"Q_AC","unit":"var","val":"0.50"},{"fld":"F_AC","unit":"Hz","val":"50.05"},{"fld":"PF_AC","unit":"","val":"1.00"},{"fld":"Temp","unit":"°C","val":"63.80"},{"fld":"ALARM_MES_ID","unit":"","val":"251.00"},{"fld":"YieldDay","unit":"Wh","val":"1645.00"},{"fld":"YieldTotal","unit":"kWh","val":"1201.23"},{"fld":"P_DC","unit":"W","val":"576.80"},{"fld":"Efficiency","unit":"%","val":"95.49"}]]}