{"inverter":[[{"fld":"U_DC","unit":"V","val":"30.40"},{"fld":"I_DC","unit":"A","val":"6.76"},{"fld":"P_DC","unit":"W","val":"205.20"},{"fld":"YieldDay","unit":"Wh","val":"1276.00"},{"fld":"YieldTotal","unit":"kWh","val":"591.91"},{"fld":"Irradiation","unit":"%","val":"51.30"},{"fld":"U_DC","unit":"V","val":"29.40"},{"fld":"I_DC","unit":"A","val":"8.08"},{"fld":"P_DC","unit":"W","val":"237.40"},{"fld":"YieldDay","unit":"Wh","val":"1287.00"},{"fld":"YieldTotal","unit":"kWh","val":"610.24"},{"fld":"Irradiation","unit":"%","val":"59.35"},{"fld":"U_AC","unit":"V","val":"232.70"},{"fld":"I_AC","unit":"A","val":"1.82"},{"fld":"P_AC","unit":"W","val":"422.70"},{"fld":"Q_AC","unit":"var","val":"0.00"},{"fld":"F_AC","unit":"Hz","val":"50.02"},{"fld":"PF_AC","unit":"","val":"1.00"},{"fld":"Temp","unit":"°C","val":"62.90"},{"fld":"ALARM_MES_ID","unit":"","val":"251.00"},{"fld":"YieldDay","unit":"Wh","val":"2563.00"},{"fld":"YieldTotal","unit":"kWh","val":"1202.15"},{"fld":"P_DC","unit":"W","val":"442.60"},{"fld":"Efficiency","unit":"%","val":"95.50"}]]}