{"inverter":[[{"fld":"U_DC","unit":"V","val":"28.30"},{"fld":"I_DC","unit":"A","val":"10.37"},{"fld":"P_DC","unit":"W","val":"293.00"},{"fld":"YieldDay","unit":"Wh","val":"544.00"},{"fld":"YieldTotal","unit":"kWh","val":"591.18"},{"fld":"Irradiation","unit":"%","val":"73.25"},{"fld":"U_DC","unit":"V","val":"28.50"},{"fld":"I_DC","unit":"A","val":"10.24"},{"fld":"P_DC","unit":"W","val":"291.20"},{"fld":"YieldDay","unit":"Wh","val":"562.00"},{"fld":"YieldTotal","unit":"kWh","val":"609.51"},{"fld":"Irradiation","unit":"%","val":"72.80"},{"fld":"U_AC","unit":"V","val":"234.00"},{"fld":"I_AC","unit":"A","val":"2.38"},{"fld":"P_AC","unit":"W","val":"557.90"},{"fld":"Q_AC","unit":"var","val":"0.50"},{"fld":"F_AC","unit":"Hz","val":"50.01"},{"fld":"PF_AC","unit":"","val":"1.00"},{"fld":"Temp","unit":"°C","val":"61.20"},{"fld":"ALARM_MES_ID","unit":"","val":"251.00"},{"fld":"YieldDay","unit":"Wh","val":"1106.00"},{"fld":"YieldTotal","unit":"kWh","val":"1200.69"},{"fld":"P_DC","unit":"W","val":"584.20"},{"fld":"Efficiency","unit":"%","val":"95.50"}]]}