{"inverter":[[{"fld":"U_DC","unit":"V","val":"24.50"},{"fld":"I_DC","unit":"A","val":"0.02"},{"fld":"P_DC","unit":"W","val":"0.50"},{"fld":"YieldDay","unit":"Wh","val":"641.00"},{"fld":"YieldTotal","unit":"kWh","val":"633.43"},{"fld":"Irradiation","unit":"%","val":"0.13"},{"fld":"U_DC","unit":"V","val":"24.50"},{"fld":"I_DC","unit":"A","val":"0.02"},{"fld":"P_DC","unit":"W","val":"0.50"},{"fld":"YieldDay","unit":"Wh","val":"649.00"},{"fld":"YieldTotal","unit":"kWh","val":"654.40"},{"fld":"Irradiation","unit":"%","val":"0.13"},{"fld":"U_AC","unit":"V","val":"229.90"},{"fld":"I_AC","unit":"A","val":"0.00"},{"fld":"P_AC","unit":"W","val":"0.00"},{"fld":"Q_AC","unit":"var","val":"0.00"},{"fld":"F_AC","unit":"Hz","val":"49.99"},{"fld":"PF_AC","unit":"","val":"0.00"},{"fld":"Temp","unit":"°C","val":"37.10"},{"fld":"ALARM_MES_ID","unit":"","val":"2.00"},{"fld":"YieldDay","unit":"Wh","val":"1290.00"},{"fld":"YieldTotal","unit":"kWh","val":"1287.83"},{"fld":"P_DC","unit":"W","val":"1.00"},{"fld":"Efficiency","unit":"%","val":"0.00"}]]}