{"inverter":[[{"fld":"U_DC","unit":"V","val":"13.10"},{"fld":"I_DC","unit":"A","val":"0.02"},{"fld":"P_DC","unit":"W","val":"0.30"},{"fld":"YieldDay","unit":"Wh","val":"787.00"},{"fld":"YieldTotal","unit":"kWh","val":"643.72"},{"fld":"Irradiation","unit":"%","val":"0.08"},{"fld":"U_DC","unit":"V","val":"13.10"},{"fld":"I_DC","unit":"A","val":"0.02"},{"fld":"P_DC","unit":"W","val":"0.30"},{"fld":"YieldDay","unit":"Wh","val":"776.00"},{"fld":"YieldTotal","unit":"kWh","val":"664.67"},{"fld":"Irradiation","unit":"%","val":"0.08"},{"fld":"U_AC","unit":"V","val":"232.20"},{"fld":"I_AC","unit":"A","val":"0.00"},{"fld":"P_AC","unit":"W","val":"0.00"},{"fld":"Q_AC","unit":"var","val":"0.00"},{"fld":"F_AC","unit":"Hz","val":"49.98"},{"fld":"PF_AC","unit":"","val":"0.00"},{"fld":"Temp","unit":"°C","val":"31.60"},{"fld":"ALARM_MES_ID","unit":"","val":"1.00"},{"fld":"YieldDay","unit":"Wh","val":"1563.00"},{"fld":"YieldTotal","unit":"kWh","val":"1308.40"},{"fld":"P_DC","unit":"W","val":"0.60"},{"fld":"Efficiency","unit":"%","val":"0.00"}]]}