{"inverter":[[{"fld":"U_DC","unit":"V","val":"25.00"},{"fld":"I_DC","unit":"A","val":"0.04"},{"fld":"P_DC","unit":"W","val":"1.00"},{"fld":"YieldDay","unit":"Wh","val":"912.00"},{"fld":"YieldTotal","unit":"kWh","val":"635.33"},{"fld":"Irradiation","unit":"%","val":"0.25"},{"fld":"U_DC","unit":"V","val":"25.00"},{"fld":"I_DC","unit":"A","val":"0.04"},{"fld":"P_DC","unit":"W","val":"1.10"},{"fld":"YieldDay","unit":"Wh","val":"921.00"},{"fld":"YieldTotal","unit":"kWh","val":"656.29"},{"fld":"Irradiation","unit":"%","val":"0.28"},{"fld":"U_AC","unit":"V","val":"231.00"},{"fld":"I_AC","unit":"A","val":"0.01"},{"fld":"P_AC","unit":"W","val":"2.00"},{"fld":"Q_AC","unit":"var","val":"0.00"},{"fld":"F_AC","unit":"Hz","val":"50.01"},{"fld":"PF_AC","unit":"","val":"1.00"},{"fld":"Temp","unit":"°C","val":"32.80"},{"fld":"ALARM_MES_ID","unit":"","val":"1.00"},{"fld":"YieldDay","unit":"Wh","val":"1833.00"},{"fld":"YieldTotal","unit":"kWh","val":"1291.63"},{"fld":"P_DC","unit":"W","val":"2.10"},{"fld":"Efficiency","unit":"%","val":"95.24"}]]}