{"inverter":[[{"fld":"U_DC","unit":"V","val":"27.00"},{"fld":"I_DC","unit":"A","val":"0.02"},{"fld":"P_DC","unit":"W","val":"0.60"},{"fld":"YieldDay","unit":"Wh","val":"841.00"},{"fld":"YieldTotal","unit":"kWh","val":"632.79"},{"fld":"Irradiation","unit":"%","val":"0.15"},{"fld":"U_DC","unit":"V","val":"27.00"},{"fld":"I_DC","unit":"A","val":"0.02"},{"fld":"P_DC","unit":"W","val":"0.60"},{"fld":"YieldDay","unit":"Wh","val":"859.00"},{"fld":"YieldTotal","unit":"kWh","val":"653.75"},{"fld":"Irradiation","unit":"%","val":"0.15"},{"fld":"U_AC","unit":"V","val":"233.00"},{"fld":"I_AC","unit":"A","val":"0.00"},{"fld":"P_AC","unit":"W","val":"0.00"},{"fld":"Q_AC","unit":"var","val":"0.00"},{"fld":"F_AC","unit":"Hz","val":"50.01"},{"fld":"PF_AC","unit":"","val":"0.00"},{"fld":"Temp","unit":"°C","val":"35.10"},{"fld":"ALARM_MES_ID","unit":"","val":"294.00"},{"fld":"YieldDay","unit":"Wh","val":"1700.00"},{"fld":"YieldTotal","unit":"kWh","val":"1286.54"},{"fld":"P_DC","unit":"W","val":"1.20"},{"fld":"Efficiency","unit":"%","val":"0.00"}]]}