{"inverter":[[{"fld":"U_DC","unit":"V","val":"26.00"},{"fld":"I_DC","unit":"A","val":"0.02"},{"fld":"P_DC","unit":"W","val":"0.60"},{"fld":"YieldDay","unit":"Wh","val":"993.00"},{"fld":"YieldTotal","unit":"kWh","val":"634.42"},{"fld":"Irradiation","unit":"%","val":"0.15"},{"fld":"U_DC","unit":"V","val":"26.00"},{"fld":"I_DC","unit":"A","val":"0.02"},{"fld":"P_DC","unit":"W","val":"0.60"},{"fld":"YieldDay","unit":"Wh","val":"972.00"},{"fld":"YieldTotal","unit":"kWh","val":"655.37"},{"fld":"Irradiation","unit":"%","val":"0.15"},{"fld":"U_AC","unit":"V","val":"231.70"},{"fld":"I_AC","unit":"A","val":"0.00"},{"fld":"P_AC","unit":"W","val":"0.00"},{"fld":"Q_AC","unit":"var","val":"0.00"},{"fld":"F_AC","unit":"Hz","val":"50.00"},{"fld":"PF_AC","unit":"","val":"0.00"},{"fld":"Temp","unit":"°C","val":"37.90"},{"fld":"ALARM_MES_ID","unit":"","val":"1.00"},{"fld":"YieldDay","unit":"Wh","val":"1965.00"},{"fld":"YieldTotal","unit":"kWh","val":"1289.80"},{"fld":"P_DC","unit":"W","val":"1.20"},{"fld":"Efficiency","unit":"%","val":"0.00"}]]}