{"inverter":[[{"fld":"U_DC","unit":"V","val":"26.10"},{"fld":"I_DC","unit":"A","val":"0.02"},{"fld":"P_DC","unit":"W","val":"0.50"},{"fld":"YieldDay","unit":"Wh","val":"733.00"},{"fld":"YieldTotal","unit":"kWh","val":"629.52"},{"fld":"Irradiation","unit":"%","val":"0.13"},{"fld":"U_DC","unit":"V","val":"26.10"},{"fld":"I_DC","unit":"A","val":"0.02"},{"fld":"P_DC","unit":"W","val":"0.50"},{"fld":"YieldDay","unit":"Wh","val":"721.00"},{"fld":"YieldTotal","unit":"kWh","val":"650.36"},{"fld":"Irradiation","unit":"%","val":"0.13"},{"fld":"U_AC","unit":"V","val":"231.60"},{"fld":"I_AC","unit":"A","val":"0.00"},{"fld":"P_AC","unit":"W","val":"0.00"},{"fld":"Q_AC","unit":"var","val":"0.00"},{"fld":"F_AC","unit":"Hz","val":"50.01"},{"fld":"PF_AC","unit":"","val":"0.00"},{"fld":"Temp","unit":"°C","val":"30.50"},{"fld":"ALARM_MES_ID","unit":"","val":"289.00"},{"fld":"YieldDay","unit":"Wh","val":"1454.00"},{"fld":"YieldTotal","unit":"kWh","val":"1279.89"},{"fld":"P_DC","unit":"W","val":"1.00"},{"fld":"Efficiency","unit":"%","val":"0.00"}]]}