{"inverter":[[{"fld":"U_DC","unit":"V","val":"25.20"},{"fld":"I_DC","unit":"A","val":"0.03"},{"fld":"P_DC","unit":"W","val":"0.80"},{"fld":"YieldDay","unit":"Wh","val":"854.00"},{"fld":"YieldTotal","unit":"kWh","val":"631.95"},{"fld":"Irradiation","unit":"%","val":"0.20"},{"fld":"U_DC","unit":"V","val":"25.40"},{"fld":"I_DC","unit":"A","val":"0.03"},{"fld":"P_DC","unit":"W","val":"0.80"},{"fld":"YieldDay","unit":"Wh","val":"887.00"},{"fld":"YieldTotal","unit":"kWh","val":"652.89"},{"fld":"Irradiation","unit":"%","val":"0.20"},{"fld":"U_AC","unit":"V","val":"231.70"},{"fld":"I_AC","unit":"A","val":"0.01"},{"fld":"P_AC","unit":"W","val":"1.50"},{"fld":"Q_AC","unit":"var","val":"0.00"},{"fld":"F_AC","unit":"Hz","val":"50.01"},{"fld":"PF_AC","unit":"","val":"1.01"},{"fld":"Temp","unit":"°C","val":"32.10"},{"fld":"ALARM_MES_ID","unit":"","val":"292.00"},{"fld":"YieldDay","unit":"Wh","val":"1741.00"},{"fld":"YieldTotal","unit":"kWh","val":"1284.84"},{"fld":"P_DC","unit":"W","val":"1.60"},{"fld":"Efficiency","unit":"%","val":"93.75"}]]}