{"inverter":[[{"fld":"U_DC","unit":"V","val":"27.60"},{"fld":"I_DC","unit":"A","val":"0.03"},{"fld":"P_DC","unit":"W","val":"0.70"},{"fld":"YieldDay","unit":"Wh","val":"642.00"},{"fld":"YieldTotal","unit":"kWh","val":"625.61"},{"fld":"Irradiation","unit":"%","val":"0.17"},{"fld":"U_DC","unit":"V","val":"27.60"},{"fld":"I_DC","unit":"A","val":"0.03"},{"fld":"P_DC","unit":"W","val":"0.70"},{"fld":"YieldDay","unit":"Wh","val":"660.00"},{"fld":"YieldTotal","unit":"kWh","val":"646.39"},{"fld":"Irradiation","unit":"%","val":"0.17"},{"fld":"U_AC","unit":"V","val":"231.10"},{"fld":"I_AC","unit":"A","val":"0.00"},{"fld":"P_AC","unit":"W","val":"0.00"},{"fld":"Q_AC","unit":"var","val":"0.00"},{"fld":"F_AC","unit":"Hz","val":"50.00"},{"fld":"PF_AC","unit":"","val":"0.00"},{"fld":"Temp","unit":"°C","val":"23.30"},{"fld":"ALARM_MES_ID","unit":"","val":"284.00"},{"fld":"YieldDay","unit":"Wh","val":"1302.00"},{"fld":"YieldTotal","unit":"kWh","val":"1272.00"},{"fld":"P_DC","unit":"W","val":"1.40"},{"fld":"Efficiency","unit":"%","val":"0.00"}]]}