{"inverter":[[{"fld":"U_DC","unit":"V","val":"25.80"},{"fld":"I_DC","unit":"A","val":"0.02"},{"fld":"P_DC","unit":"W","val":"0.40"},{"fld":"YieldDay","unit":"Wh","val":"877.00"},{"fld":"YieldTotal","unit":"kWh","val":"624.97"},{"fld":"Irradiation","unit":"%","val":"0.10"},{"fld":"U_DC","unit":"V","val":"25.80"},{"fld":"I_DC","unit":"A","val":"0.02"},{"fld":"P_DC","unit":"W","val":"0.40"},{"fld":"YieldDay","unit":"Wh","val":"888.00"},{"fld":"YieldTotal","unit":"kWh","val":"645.73"},{"fld":"Irradiation","unit":"%","val":"0.10"},{"fld":"U_AC","unit":"V","val":"233.20"},{"fld":"I_AC","unit":"A","val":"0.00"},{"fld":"P_AC","unit":"W","val":"0.00"},{"fld":"Q_AC","unit":"var","val":"0.00"},{"fld":"F_AC","unit":"Hz","val":"50.05"},{"fld":"PF_AC","unit":"","val":"0.00"},{"fld":"Temp","unit":"°C","val":"21.90"},{"fld":"ALARM_MES_ID","unit":"","val":"283.00"},{"fld":"YieldDay","unit":"Wh","val":"1765.00"},{"fld":"YieldTotal","unit":"kWh","val":"1270.70"},{"fld":"P_DC","unit":"W","val":"0.80"},{"fld":"Efficiency","unit":"%","val":"0.00"}]]}