{"inverter":[[{"fld":"U_DC","unit":"V","val":"27.40"},{"fld":"I_DC","unit":"A","val":"0.02"},{"fld":"P_DC","unit":"W","val":"0.40"},{"fld":"YieldDay","unit":"Wh","val":"856.00"},{"fld":"YieldTotal","unit":"kWh","val":"628.00"},{"fld":"Irradiation","unit":"%","val":"0.10"},{"fld":"U_DC","unit":"V","val":"27.40"},{"fld":"I_DC","unit":"A","val":"0.02"},{"fld":"P_DC","unit":"W","val":"0.50"},{"fld":"YieldDay","unit":"Wh","val":"887.00"},{"fld":"YieldTotal","unit":"kWh","val":"648.86"},{"fld":"Irradiation","unit":"%","val":"0.13"},{"fld":"U_AC","unit":"V","val":"232.80"},{"fld":"I_AC","unit":"A","val":"0.00"},{"fld":"P_AC","unit":"W","val":"0.00"},{"fld":"Q_AC","unit":"var","val":"0.00"},{"fld":"F_AC","unit":"Hz","val":"49.96"},{"fld":"PF_AC","unit":"","val":"0.00"},{"fld":"Temp","unit":"°C","val":"26.10"},{"fld":"ALARM_MES_ID","unit":"","val":"287.00"},{"fld":"YieldDay","unit":"Wh","val":"1743.00"},{"fld":"YieldTotal","unit":"kWh","val":"1276.86"},{"fld":"P_DC","unit":"W","val":"0.90"},{"fld":"Efficiency","unit":"%","val":"0.00"}]]}