{"inverter":[[{"fld":"U_DC","unit":"V","val":"27.40"},{"fld":"I_DC","unit":"A","val":"0.02"},{"fld":"P_DC","unit":"W","val":"0.60"},{"fld":"YieldDay","unit":"Wh","val":"845.00"},{"fld":"YieldTotal","unit":"kWh","val":"636.85"},{"fld":"Irradiation","unit":"%","val":"0.15"},{"fld":"U_DC","unit":"V","val":"27.40"},{"fld":"I_DC","unit":"A","val":"0.02"},{"fld":"P_DC","unit":"W","val":"0.60"},{"fld":"YieldDay","unit":"Wh","val":"845.00"},{"fld":"YieldTotal","unit":"kWh","val":"657.82"},{"fld":"Irradiation","unit":"%","val":"0.15"},{"fld":"U_AC","unit":"V","val":"229.20"},{"fld":"I_AC","unit":"A","val":"0.00"},{"fld":"P_AC","unit":"W","val":"0.00"},{"fld":"Q_AC","unit":"var","val":"0.00"},{"fld":"F_AC","unit":"Hz","val":"50.02"},{"fld":"PF_AC","unit":"","val":"0.00"},{"fld":"Temp","unit":"°C","val":"25.70"},{"fld":"ALARM_MES_ID","unit":"","val":"1.00"},{"fld":"YieldDay","unit":"Wh","val":"1690.00"},{"fld":"YieldTotal","unit":"kWh","val":"1294.67"},{"fld":"P_DC","unit":"W","val":"1.20"},{"fld":"Efficiency","unit":"%","val":"0.00"}]]}