{"inverter":[[{"fld":"U_DC","unit":"V","val":"25.30"},{"fld":"I_DC","unit":"A","val":"0.03"},{"fld":"P_DC","unit":"W","val":"0.70"},{"fld":"YieldDay","unit":"Wh","val":"788.00"},{"fld":"YieldTotal","unit":"kWh","val":"624.09"},{"fld":"Irradiation","unit":"%","val":"0.17"},{"fld":"U_DC","unit":"V","val":"25.30"},{"fld":"I_DC","unit":"A","val":"0.03"},{"fld":"P_DC","unit":"W","val":"0.70"},{"fld":"YieldDay","unit":"Wh","val":"804.00"},{"fld":"YieldTotal","unit":"kWh","val":"644.84"},{"fld":"Irradiation","unit":"%","val":"0.17"},{"fld":"U_AC","unit":"V","val":"231.50"},{"fld":"I_AC","unit":"A","val":"0.00"},{"fld":"P_AC","unit":"W","val":"0.00"},{"fld":"Q_AC","unit":"var","val":"0.00"},{"fld":"F_AC","unit":"Hz","val":"50.00"},{"fld":"PF_AC","unit":"","val":"0.00"},{"fld":"Temp","unit":"°C","val":"23.40"},{"fld":"ALARM_MES_ID","unit":"","val":"282.00"},{"fld":"YieldDay","unit":"Wh","val":"1592.00"},{"fld":"YieldTotal","unit":"kWh","val":"1268.94"},{"fld":"P_DC","unit":"W","val":"1.40"},{"fld":"Efficiency","unit":"%","val":"0.00"}]]}