{"inverter":[[{"fld":"U_DC","unit":"V","val":"26.50"},{"fld":"I_DC","unit":"A","val":"0.03"},{"fld":"P_DC","unit":"W","val":"0.70"},{"fld":"YieldDay","unit":"Wh","val":"743.00"},{"fld":"YieldTotal","unit":"kWh","val":"630.27"},{"fld":"Irradiation","unit":"%","val":"0.17"},{"fld":"U_DC","unit":"V","val":"26.50"},{"fld":"I_DC","unit":"A","val":"0.03"},{"fld":"P_DC","unit":"W","val":"0.70"},{"fld":"YieldDay","unit":"Wh","val":"772.00"},{"fld":"YieldTotal","unit":"kWh","val":"651.14"},{"fld":"Irradiation","unit":"%","val":"0.17"},{"fld":"U_AC","unit":"V","val":"231.00"},{"fld":"I_AC","unit":"A","val":"0.00"},{"fld":"P_AC","unit":"W","val":"0.00"},{"fld":"Q_AC","unit":"var","val":"0.00"},{"fld":"F_AC","unit":"Hz","val":"49.98"},{"fld":"PF_AC","unit":"","val":"0.00"},{"fld":"Temp","unit":"°C","val":"32.80"},{"fld":"ALARM_MES_ID","unit":"","val":"290.00"},{"fld":"YieldDay","unit":"Wh","val":"1515.00"},{"fld":"YieldTotal","unit":"kWh","val":"1281.40"},{"fld":"P_DC","unit":"W","val":"1.40"},{"fld":"Efficiency","unit":"%","val":"0.00"}]]}