{"inverter":[[{"fld":"U_DC","unit":"V","val":"28.30"},{"fld":"I_DC","unit":"A","val":"0.02"},{"fld":"P_DC","unit":"W","val":"0.60"},{"fld":"YieldDay","unit":"Wh","val":"466.00"},{"fld":"YieldTotal","unit":"kWh","val":"644.82"},{"fld":"Irradiation","unit":"%","val":"0.15"},{"fld":"U_DC","unit":"V","val":"28.20"},{"fld":"I_DC","unit":"A","val":"0.02"},{"fld":"P_DC","unit":"W","val":"0.60"},{"fld":"YieldDay","unit":"Wh","val":"479.00"},{"fld":"YieldTotal","unit":"kWh","val":"665.79"},{"fld":"Irradiation","unit":"%","val":"0.15"},{"fld":"U_AC","unit":"V","val":"232.20"},{"fld":"I_AC","unit":"A","val":"0.00"},{"fld":"P_AC","unit":"W","val":"0.00"},{"fld":"Q_AC","unit":"var","val":"0.00"},{"fld":"F_AC","unit":"Hz","val":"49.99"},{"fld":"PF_AC","unit":"","val":"0.00"},{"fld":"Temp","unit":"°C","val":"24.60"},{"fld":"ALARM_MES_ID","unit":"","val":"1.00"},{"fld":"YieldDay","unit":"Wh","val":"945.00"},{"fld":"YieldTotal","unit":"kWh","val":"1310.61"},{"fld":"P_DC","unit":"W","val":"1.20"},{"fld":"Efficiency","unit":"%","val":"0.00"}]]}