{"inverter":[[{"fld":"U_DC","unit":"V","val":"19.80"},{"fld":"I_DC","unit":"A","val":"0.02"},{"fld":"P_DC","unit":"W","val":"0.40"},{"fld":"YieldDay","unit":"Wh","val":"777.00"},{"fld":"YieldTotal","unit":"kWh","val":"626.39"},{"fld":"Irradiation","unit":"%","val":"0.10"},{"fld":"U_DC","unit":"V","val":"19.80"},{"fld":"I_DC","unit":"A","val":"0.02"},{"fld":"P_DC","unit":"W","val":"0.50"},{"fld":"YieldDay","unit":"Wh","val":"789.00"},{"fld":"YieldTotal","unit":"kWh","val":"647.18"},{"fld":"Irradiation","unit":"%","val":"0.13"},{"fld":"U_AC","unit":"V","val":"232.80"},{"fld":"I_AC","unit":"A","val":"0.00"},{"fld":"P_AC","unit":"W","val":"0.00"},{"fld":"Q_AC","unit":"var","val":"0.00"},{"fld":"F_AC","unit":"Hz","val":"49.98"},{"fld":"PF_AC","unit":"","val":"0.00"},{"fld":"Temp","unit":"°C","val":"27.00"},{"fld":"ALARM_MES_ID","unit":"","val":"285.00"},{"fld":"YieldDay","unit":"Wh","val":"1566.00"},{"fld":"YieldTotal","unit":"kWh","val":"1273.57"},{"fld":"P_DC","unit":"W","val":"0.90"},{"fld":"Efficiency","unit":"%","val":"0.00"}]]}