{"inverter":[[{"fld":"U_DC","unit":"V","val":"20.40"},{"fld":"I_DC","unit":"A","val":"0.02"},{"fld":"P_DC","unit":"W","val":"0.40"},{"fld":"YieldDay","unit":"Wh","val":"695.00"},{"fld":"YieldTotal","unit":"kWh","val":"645.52"},{"fld":"Irradiation","unit":"%","val":"0.10"},{"fld":"U_DC","unit":"V","val":"20.40"},{"fld":"I_DC","unit":"A","val":"0.02"},{"fld":"P_DC","unit":"W","val":"0.40"},{"fld":"YieldDay","unit":"Wh","val":"695.00"},{"fld":"YieldTotal","unit":"kWh","val":"666.49"},{"fld":"Irradiation","unit":"%","val":"0.10"},{"fld":"U_AC","unit":"V","val":"231.60"},{"fld":"I_AC","unit":"A","val":"0.00"},{"fld":"P_AC","unit":"W","val":"0.00"},{"fld":"Q_AC","unit":"var","val":"0.00"},{"fld":"F_AC","unit":"Hz","val":"50.02"},{"fld":"PF_AC","unit":"","val":"0.00"},{"fld":"Temp","unit":"°C","val":"19.80"},{"fld":"ALARM_MES_ID","unit":"","val":"1.00"},{"fld":"YieldDay","unit":"Wh","val":"1390.00"},{"fld":"YieldTotal","unit":"kWh","val":"1312.00"},{"fld":"P_DC","unit":"W","val":"0.80"},{"fld":"Efficiency","unit":"%","val":"0.00"}]]}