{"inverter":[[{"fld":"U_DC","unit":"V","val":"27.00"},{"fld":"I_DC","unit":"A","val":"0.02"},{"fld":"P_DC","unit":"W","val":"0.50"},{"fld":"YieldDay","unit":"Wh","val":"787.00"},{"fld":"YieldTotal","unit":"kWh","val":"628.79"},{"fld":"Irradiation","unit":"%","val":"0.13"},{"fld":"U_DC","unit":"V","val":"27.00"},{"fld":"I_DC","unit":"A","val":"0.02"},{"fld":"P_DC","unit":"W","val":"0.50"},{"fld":"YieldDay","unit":"Wh","val":"785.00"},{"fld":"YieldTotal","unit":"kWh","val":"649.64"},{"fld":"Irradiation","unit":"%","val":"0.13"},{"fld":"U_AC","unit":"V","val":"231.80"},{"fld":"I_AC","unit":"A","val":"0.00"},{"fld":"P_AC","unit":"W","val":"0.00"},{"fld":"Q_AC","unit":"var","val":"0.00"},{"fld":"F_AC","unit":"Hz","val":"49.96"},{"fld":"PF_AC","unit":"","val":"0.00"},{"fld":"Temp","unit":"°C","val":"29.00"},{"fld":"ALARM_MES_ID","unit":"","val":"288.00"},{"fld":"YieldDay","unit":"Wh","val":"1572.00"},{"fld":"YieldTotal","unit":"kWh","val":"1278.43"},{"fld":"P_DC","unit":"W","val":"1.00"},{"fld":"Efficiency","unit":"%","val":"0.00"}]]}