{"inverter":[[{"fld":"U_DC","unit":"V","val":"25.60"},{"fld":"I_DC","unit":"A","val":"0.03"},{"fld":"P_DC","unit":"W","val":"0.80"},{"fld":"YieldDay","unit":"Wh","val":"1172.00"},{"fld":"YieldTotal","unit":"kWh","val":"638.02"},{"fld":"Irradiation","unit":"%","val":"0.20"},{"fld":"U_DC","unit":"V","val":"25.60"},{"fld":"I_DC","unit":"A","val":"0.03"},{"fld":"P_DC","unit":"W","val":"0.90"},{"fld":"YieldDay","unit":"Wh","val":"1112.00"},{"fld":"YieldTotal","unit":"kWh","val":"658.93"},{"fld":"Irradiation","unit":"%","val":"0.22"},{"fld":"U_AC","unit":"V","val":"230.90"},{"fld":"I_AC","unit":"A","val":"0.01"},{"fld":"P_AC","unit":"W","val":"1.60"},{"fld":"Q_AC","unit":"var","val":"0.00"},{"fld":"F_AC","unit":"Hz","val":"49.98"},{"fld":"PF_AC","unit":"","val":"1.00"},{"fld":"Temp","unit":"°C","val":"29.80"},{"fld":"ALARM_MES_ID","unit":"","val":"1.00"},{"fld":"YieldDay","unit":"Wh","val":"2284.00"},{"fld":"YieldTotal","unit":"kWh","val":"1296.95"},{"fld":"P_DC","unit":"W","val":"1.70"},{"fld":"Efficiency","unit":"%","val":"94.12"}]]}