{"inverter":[[{"fld":"U_DC","unit":"V","val":"22.60"},{"fld":"I_DC","unit":"A","val":"0.02"},{"fld":"P_DC","unit":"W","val":"0.50"},{"fld":"YieldDay","unit":"Wh","val":"696.00"},{"fld":"YieldTotal","unit":"kWh","val":"646.97"},{"fld":"Irradiation","unit":"%","val":"0.13"},{"fld":"U_DC","unit":"V","val":"22.60"},{"fld":"I_DC","unit":"A","val":"0.02"},{"fld":"P_DC","unit":"W","val":"0.50"},{"fld":"YieldDay","unit":"Wh","val":"702.00"},{"fld":"YieldTotal","unit":"kWh","val":"667.95"},{"fld":"Irradiation","unit":"%","val":"0.13"},{"fld":"U_AC","unit":"V","val":"228.20"},{"fld":"I_AC","unit":"A","val":"0.00"},{"fld":"P_AC","unit":"W","val":"0.00"},{"fld":"Q_AC","unit":"var","val":"0.00"},{"fld":"F_AC","unit":"Hz","val":"49.98"},{"fld":"PF_AC","unit":"","val":"0.00"},{"fld":"Temp","unit":"°C","val":"27.20"},{"fld":"ALARM_MES_ID","unit":"","val":"1.00"},{"fld":"YieldDay","unit":"Wh","val":"1398.00"},{"fld":"YieldTotal","unit":"kWh","val":"1314.92"},{"fld":"P_DC","unit":"W","val":"1.00"},{"fld":"Efficiency","unit":"%","val":"0.00"}]]}